employee_id,institution_id,project_id,job_role_id,dob,gender,years_of_experience,department,primary_language,ethinicity,attended_educational_institutes,performance_score,performance_class,predicted_performance_score,predicted_performance_class,no_nopay_leave,average_response_time,meetings_attended,learning_hours,team_interaction_frequency,avg_punctuality,avg_problem_solving,avg_leadership,avg_collaboration,avg_communication,avg_overall_behavior_rating,manager_behavior_rating,peer_behavior_rating,subordinate_behavior_rating,feedback_text_combined,sentiment_proxy_score,communication_keyword_score,leadership_keyword_score,collaboration_keyword_score,rating_variance,leadership_pattern,productivity_pattern,communication_pattern,collaboration_pattern,learning_pattern,overall_behavior_pattern
E001,I01,P001,PM,1996-12-18,M,1,Management,English,Sinhalese,['Nalanda College'],73.55,Medium,73.09,Medium,0,23,11,8,5,4.666666666666667,5.0,2.3333333333333335,3.3333333333333335,2.0,3.466666666666667,3.6,3.2,3.6,"He has met most expectations during this cycle, although there are still areas where consistency can improve. Time discipline is a strength, and scheduled discussions or deliverables are usually respected. Communication should improve because missing or late updates can delay decisions. In project management responsibilities, he tracks project risks carefully, but needs to balance delivery pressure with team input. This assessment is based on observed delivery, team interaction, and the quality of contribution during the cycle. Overall, he meets many expectations, but more consistency would make the appraisal stronger. Working with him is generally manageable, although communication and follow-up can vary depending on workload. Time discipline is a strength, and scheduled discussions or deliverables are usually respected. Communication should improve because missing or late updates can delay decisions. In project management responsibilities, he keeps the team aligned, but could delegate decisions more consistently. Peer collaboration would improve further if he shared blockers earlier. Overall, he meets many expectations, but more consistency would make the appraisal stronger. From a subordinate perspective, he is generally supportive, although decisions are sometimes communicated late. Problem solving is strong, especially when unexpected issues require practical decisions. Communication should improve because missing or late updates can delay decisions. In project management responsibilities, he coordinates stakeholders effectively, but sometimes centralizes discussion. The guidance received from him influences how confidently others handle their tasks. Overall, he meets many expectations, but more consistency would make the appraisal stronger.",-0.05,10,7,6,0.05,Low Leadership Visibility,Stable Productivity Pattern,Communication Improvement Needed,Moderate Collaboration Pattern,Moderate Learning Pattern,Communication Development Required
E002,I01,P001,SE,1990-02-08,M,10,Engineering,Tamil,Sinhalese,['Jaffna Hindu'],66.13,Medium,66.5,Medium,0,26,20,7,3,4.333333333333333,5.0,1.3333333333333333,3.3333333333333335,4.0,3.6,3.4,4.0,3.4,"He has completed assigned responsibilities at an acceptable level, but stronger follow-through would improve overall contribution. Problem solving is strong, especially when unexpected issues require practical decisions. Leadership impact is limited, and more ownership is needed during planning and decision-making. In software engineering tasks, he handles implementation details carefully, but should take more ownership during complex defects. The rating reflects both measurable work output and observed behaviour in project situations. Overall, he meets many expectations, but more consistency would make the appraisal stronger. As a peer, I see him as capable, but he could be more consistent in sharing progress with the team. Time discipline is a strength, and scheduled discussions or deliverables are usually respected. Leadership impact is limited, and more ownership is needed during planning and decision-making. In software engineering tasks, he supports debugging discussions, but sometimes delays status updates. He is generally approachable, although response quality changes when workload increases. Overall, he meets many expectations, but more consistency would make the appraisal stronger. He helps the team progress, but there are areas where communication and delegation could improve. Problem solving is strong, especially when unexpected issues require practical decisions. Leadership impact is limited, and more ownership is needed during planning and decision-making. In software engineering tasks, he clarifies technical dependencies, but needs to improve estimation accuracy. He usually treats questions professionally, but more open discussion would help junior members. Overall, he meets many expectations, but more consistency would make the appraisal stronger.",0.12,6,12,5,0.12,Low Leadership Visibility,Stable Productivity Pattern,Clear and Responsive Communicator,Moderate Collaboration Pattern,Moderate Learning Pattern,Balanced Contributor
E003,I01,P001,SE,1990-04-21,M,9,Engineering,Sinhala,Tamil,['Holy Family'],73.78,Medium,71.98,Medium,4,45,19,8,3,4.0,3.0,4.333333333333333,2.3333333333333335,4.333333333333333,3.6,4.0,3.4,3.4,"He has completed assigned responsibilities at an acceptable level, but stronger follow-through would improve overall contribution. Leadership is visible through initiative, guidance, and willingness to take responsibility. Collaboration is acceptable, although coordination could be more proactive. In software engineering tasks, he writes maintainable code, but sometimes delays status updates. The rating reflects both measurable work output and observed behaviour in project situations. Overall, he meets many expectations, but more consistency would make the appraisal stronger. As a peer, I see him as capable, but he could be more consistent in sharing progress with the team. Time discipline is a strength, and scheduled discussions or deliverables are usually respected. Communication is generally understandable, but updates are not always timely or complete. In software engineering tasks, he writes maintainable code, but could document changes more consistently. He is generally approachable, although response quality changes when workload increases. Overall, he meets many expectations, but more consistency would make the appraisal stronger. He provides direction when needed, but the level of guidance can vary depending on project pressure. Communication is clear and timely, which helps the team understand progress and risks. Collaboration needs improvement because gaps in follow-up can create confusion for others. In software engineering tasks, he supports debugging discussions, but sometimes delays status updates. The guidance received from him influences how confidently others handle their tasks. Overall, he meets many expectations, but more consistency would make the appraisal stronger.",0.23,9,7,7,0.12,Strong Leadership Pattern,Stable Productivity Pattern,Moderate Communication Pattern,Collaboration Support Needed,Moderate Learning Pattern,Teamwork Development Required
E004,I01,P001,SE,1985-11-03,M,4,Engineering,Sinhala,Tamil,['DS Senanayake'],56.78,Medium,58.33,Medium,3,41,17,5,2,3.3333333333333335,2.6666666666666665,5.0,3.3333333333333335,1.6666666666666667,3.1999999999999997,2.8,3.0,3.8,"He has shown potential, but several gaps in execution and communication affected the team’s workflow. Communication should improve because missing or late updates can delay decisions. Collaboration needs improvement because gaps in follow-up can create confusion for others. In software engineering tasks, he shows potential, but sometimes delays status updates. The rating reflects both measurable work output and observed behaviour in project situations. Overall, he needs focused improvement and closer review in the next appraisal cycle. He has technical or functional ability, but gaps in coordination sometimes create additional effort for others. Communication should improve because missing or late updates can delay decisions. Punctuality needs improvement because delays sometimes affect coordination and planning. In software engineering tasks, he shows potential, but could document changes more consistently. The team can work with him effectively when expectations are clear. Overall, he needs focused improvement and closer review in the next appraisal cycle. He helps the team progress, but there are areas where communication and delegation could improve. Time discipline is a strength, and scheduled discussions or deliverables are usually respected. Communication should improve because missing or late updates can delay decisions. In software engineering tasks, he writes maintainable code, but could document changes more consistently. Team members benefit when he explains decisions clearly instead of only giving instructions. Overall, he meets many expectations, but more consistency would make the appraisal stronger.",-0.57,11,4,8,0.28,Strong Leadership Pattern,Stable Productivity Pattern,Communication Improvement Needed,Moderate Collaboration Pattern,Moderate Learning Pattern,Communication Development Required
E005,I01,P001,SE,1985-11-03,F,10,Engineering,Sinhala,Sinhalese,['Royal College'],66.8,Medium,66.18,Medium,0,29,34,7,5,1.3333333333333333,3.6666666666666665,3.3333333333333335,4.666666666666667,2.3333333333333335,3.0666666666666664,2.6,3.4,3.2,"She requires closer follow-up to ensure assigned responsibilities are completed with the expected level of quality. Punctuality needs improvement because delays sometimes affect coordination and planning. Communication should improve because missing or late updates can delay decisions. In software engineering tasks, she shows potential, but needs to improve estimation accuracy. This assessment is based on observed delivery, team interaction, and the quality of contribution during the cycle. Overall, she needs focused improvement and closer review in the next appraisal cycle. As a peer, I see her as capable, but she could be more consistent in sharing progress with the team. Leadership is visible through initiative, guidance, and willingness to take responsibility. Punctuality needs improvement because delays sometimes affect coordination and planning. In software engineering tasks, she writes maintainable code, but needs to improve estimation accuracy. Peer collaboration would improve further if she shared blockers earlier. Overall, she meets many expectations, but more consistency would make the appraisal stronger. She helps the team progress, but there are areas where communication and delegation could improve. Problem solving is strong, especially when unexpected issues require practical decisions. Punctuality needs improvement because delays sometimes affect coordination and planning. In software engineering tasks, she writes maintainable code, but sometimes delays status updates. She usually treats questions professionally, but more open discussion would help junior members. Overall, she meets many expectations, but more consistency would make the appraisal stronger.",-0.6,6,6,10,0.17,Emerging Leadership Pattern,Stable Productivity Pattern,Communication Improvement Needed,Strong Team Collaboration Pattern,Moderate Learning Pattern,Communication Development Required
E006,I01,P001,QA,1990-11-22,M,8,QA,Sinhala,Sinhalese,"[""St. John's College""]",68.68,Medium,67.92,Medium,3,40,16,5,5,4.333333333333333,4.666666666666667,4.333333333333333,4.0,4.0,4.266666666666667,3.6,4.6,4.6,"He has completed assigned responsibilities at an acceptable level, but stronger follow-through would improve overall contribution. Time discipline is a strength, and scheduled discussions or deliverables are usually respected. Communication is generally understandable, but updates are not always timely or complete. In quality assurance responsibilities, he supports release validation well, but should communicate blockers earlier. The rating reflects both measurable work output and observed behaviour in project situations. Overall, he meets many expectations, but more consistency would make the appraisal stronger. As a peer, I find him reliable during collaborative work and willing to support others when issues arise. Problem solving is strong, especially when unexpected issues require practical decisions. Leadership is visible through initiative, guidance, and willingness to take responsibility. In quality assurance responsibilities, he identifies defects clearly and shows awareness of how his work affects project delivery. Peer collaboration would improve further if he shared blockers earlier. Overall, he is viewed as a dependable contributor, with only minor areas to refine as responsibilities increase. He provides clear guidance and usually makes expectations easy for others to understand. Time discipline is a strength, and scheduled discussions or deliverables are usually respected. Problem solving is strong, especially when unexpected issues require practical decisions. In quality assurance responsibilities, he supports release validation well and shows awareness of how his work affects project delivery. He usually treats questions professionally, but more open discussion would help junior members. Overall, he is viewed as a dependable contributor, with only minor areas to refine as responsibilities increase.",0.76,5,7,8,0.33,Strong Leadership Pattern,Stable Productivity Pattern,Moderate Communication Pattern,Strong Team Collaboration Pattern,Moderate Learning Pattern,Collaborative Leader
E007,I01,P001,QA,1993-06-24,F,3,QA,English,Sinhalese,['Holy Family'],70.78,Medium,69.68,Medium,0,46,30,6,3,4.666666666666667,2.3333333333333335,2.0,3.0,3.0,3.0,3.0,3.2,2.8,"She has faced difficulty maintaining consistent delivery during this cycle, particularly when work became time-sensitive. Leadership impact is limited, and more ownership is needed during planning and decision-making. Problem solving needs development, particularly when issues are unclear or require independent analysis. In quality assurance responsibilities, she shows potential, but could improve test documentation consistency. Further improvement should be tracked through upcoming sprint outcomes and communication patterns. Overall, she needs focused improvement and closer review in the next appraisal cycle. She contributes to the team, but there are moments where clearer coordination would make collaboration easier. Time discipline is a strength, and scheduled discussions or deliverables are usually respected. Communication should improve because missing or late updates can delay decisions. In quality assurance responsibilities, she maintains useful test coverage, but needs stronger attention to edge cases. She is generally approachable, although response quality changes when workload increases. Overall, she meets many expectations, but more consistency would make the appraisal stronger. She sometimes gives unclear direction, which can make it difficult for others to prioritize work confidently. Problem solving needs development, particularly when issues are unclear or require independent analysis. Communication is generally understandable, but updates are not always timely or complete. In quality assurance responsibilities, she shows potential, but sometimes needs faster turnaround on retesting. She usually treats questions professionally, but more open discussion would help junior members. Overall, she needs focused improvement and closer review in the next appraisal cycle.",-0.33,7,5,4,0.04,Low Leadership Visibility,Stable Productivity Pattern,Moderate Communication Pattern,Moderate Collaboration Pattern,Moderate Learning Pattern,Balanced Contributor
E008,I01,P001,DevOps,1987-12-08,M,3,Operations,English,Sinhalese,['Jaffna Hindu'],63.08,Medium,63.03,Medium,0,55,32,10,5,2.6666666666666665,5.0,3.0,2.0,4.333333333333333,3.4,3.2,4.2,2.8,"He has met most expectations during this cycle, although there are still areas where consistency can improve. Problem solving is strong, especially when unexpected issues require practical decisions. Collaboration needs improvement because gaps in follow-up can create confusion for others. In DevOps and operational responsibilities, he communicates operational risks clearly, but should improve handover notes. The rating reflects both measurable work output and observed behaviour in project situations. Overall, he meets many expectations, but more consistency would make the appraisal stronger. Working with him has generally been a positive experience because he contributes constructively during team tasks. Problem solving is strong, especially when unexpected issues require practical decisions. Communication is clear and timely, which helps the team understand progress and risks. In DevOps and operational responsibilities, he communicates operational risks clearly and shows awareness of how his work affects project delivery. He is generally approachable, although response quality changes when workload increases. Overall, he is viewed as a dependable contributor, with only minor areas to refine as responsibilities increase. From a subordinate perspective, he needs to improve communication around decisions and expectations. Collaboration needs improvement because gaps in follow-up can create confusion for others. Punctuality needs improvement because delays sometimes affect coordination and planning. In DevOps and operational responsibilities, he shows potential, but should improve handover notes. He usually treats questions professionally, but more open discussion would help junior members. Overall, he needs focused improvement and closer review in the next appraisal cycle.",-0.25,5,3,6,0.52,Emerging Leadership Pattern,Stable Productivity Pattern,Moderate Communication Pattern,Collaboration Support Needed,Active Learning Pattern,Teamwork Development Required
E009,I01,P002,PM,2002-08-23,M,3,Management,English,Tamil,['Musaeus College'],62.98,Medium,63.09,Medium,4,34,18,7,3,1.6666666666666667,4.666666666666667,2.6666666666666665,5.0,4.0,3.6,3.2,3.6,4.0,"He has met most expectations during this cycle, although there are still areas where consistency can improve. Problem solving is strong, especially when unexpected issues require practical decisions. Punctuality needs improvement because delays sometimes affect coordination and planning. In project management responsibilities, he keeps the team aligned, but sometimes centralizes discussion. The rating reflects both measurable work output and observed behaviour in project situations. Overall, he meets many expectations, but more consistency would make the appraisal stronger. As a peer, I see him as capable, but he could be more consistent in sharing progress with the team. Collaboration is effective, and team members are usually included in relevant discussions. Leadership impact is limited, and more ownership is needed during planning and decision-making. In project management responsibilities, he tracks project risks carefully, but sometimes centralizes discussion. Peer collaboration would improve further if he shared blockers earlier. Overall, he meets many expectations, but more consistency would make the appraisal stronger. From a subordinate perspective, he is generally supportive, although decisions are sometimes communicated late. Problem solving is strong, especially when unexpected issues require practical decisions. Punctuality needs improvement because delays sometimes affect coordination and planning. In project management responsibilities, he supports planning discussions well, but could delegate decisions more consistently. He usually treats questions professionally, but more open discussion would help junior members. Overall, he meets many expectations, but more consistency would make the appraisal stronger.",0.12,5,7,13,0.16,Low Leadership Visibility,Stable Productivity Pattern,Moderate Communication Pattern,Moderate Collaboration Pattern,Moderate Learning Pattern,Balanced Contributor
E010,I01,P002,SE,1998-02-27,F,4,Engineering,Sinhala,Sinhalese,['Ananda College'],71.33,Medium,70.06,Medium,4,46,12,5,5,3.0,1.3333333333333333,4.0,3.3333333333333335,5.0,3.3333333333333335,3.2,3.4,3.4,"She shows useful capability in software engineering tasks, though performance is not yet consistent across all situations. Communication is clear and timely, which helps the team understand progress and risks. Problem solving needs development, particularly when issues are unclear or require independent analysis. In software engineering tasks, she clarifies technical dependencies, but needs to improve estimation accuracy. The rating reflects both measurable work output and observed behaviour in project situations. Overall, she meets many expectations, but more consistency would make the appraisal stronger. As a peer, I see her as capable, but she could be more consistent in sharing progress with the team. Communication is clear and timely, which helps the team understand progress and risks. Problem solving needs development, particularly when issues are unclear or require independent analysis. In software engineering tasks, she clarifies technical dependencies, but should take more ownership during complex defects. She is generally approachable, although response quality changes when workload increases. Overall, she meets many expectations, but more consistency would make the appraisal stronger. She provides direction when needed, but the level of guidance can vary depending on project pressure. Communication is clear and timely, which helps the team understand progress and risks. Problem solving needs development, particularly when issues are unclear or require independent analysis. In software engineering tasks, she writes maintainable code, but sometimes delays status updates. The guidance received from her influences how confidently others handle their tasks. Overall, she meets many expectations, but more consistency would make the appraisal stronger.",0.05,5,4,5,0.01,Strong Leadership Pattern,Stable Productivity Pattern,Moderate Communication Pattern,Moderate Collaboration Pattern,Moderate Learning Pattern,Balanced Contributor
E011,I01,P002,SE,1985-05-02,F,4,Engineering,Sinhala,Sinhalese,['DS Senanayake'],61.02,Medium,61.59,Medium,3,36,32,8,3,4.0,1.6666666666666667,3.3333333333333335,4.666666666666667,5.0,3.733333333333333,3.4,4.0,3.8,"She has completed assigned responsibilities at an acceptable level, but stronger follow-through would improve overall contribution. Communication is clear and timely, which helps the team understand progress and risks. Problem solving needs development, particularly when issues are unclear or require independent analysis. In software engineering tasks, she supports debugging discussions, but should take more ownership during complex defects. Further improvement should be tracked through upcoming sprint outcomes and communication patterns. Overall, she meets many expectations, but more consistency would make the appraisal stronger. She contributes to the team, but there are moments where clearer coordination would make collaboration easier. Collaboration is effective, and team members are usually included in relevant discussions. Problem solving needs development, particularly when issues are unclear or require independent analysis. In software engineering tasks, she writes maintainable code, but could document changes more consistently. The team can work with her effectively when expectations are clear. Overall, she meets many expectations, but more consistency would make the appraisal stronger. She helps the team progress, but there are areas where communication and delegation could improve. Collaboration is effective, and team members are usually included in relevant discussions. Problem solving needs development, particularly when issues are unclear or require independent analysis. In software engineering tasks, she supports debugging discussions, but needs to improve estimation accuracy. She usually treats questions professionally, but more open discussion would help junior members. Overall, she meets many expectations, but more consistency would make the appraisal stronger.",0.19,8,1,15,0.09,Emerging Leadership Pattern,Stable Productivity Pattern,Moderate Communication Pattern,Moderate Collaboration Pattern,Moderate Learning Pattern,Balanced Contributor
E012,I01,P002,SE,1985-06-12,M,12,Engineering,Sinhala,Tamil,['Visakha Vidyalaya'],65.55,Medium,65.87,Medium,3,46,17,15,5,4.0,3.3333333333333335,1.6666666666666667,4.333333333333333,4.0,3.466666666666667,3.0,3.6,3.8,"He requires closer follow-up to ensure assigned responsibilities are completed with the expected level of quality. Leadership impact is limited, and more ownership is needed during planning and decision-making. Communication is generally understandable, but updates are not always timely or complete. In software engineering tasks, he shows potential, but sometimes delays status updates. Further improvement should be tracked through upcoming sprint outcomes and communication patterns. Overall, he needs focused improvement and closer review in the next appraisal cycle. Working with him is generally manageable, although communication and follow-up can vary depending on workload. Collaboration is effective, and team members are usually included in relevant discussions. Leadership impact is limited, and more ownership is needed during planning and decision-making. In software engineering tasks, he supports debugging discussions, but sometimes delays status updates. He is generally approachable, although response quality changes when workload increases. Overall, he meets many expectations, but more consistency would make the appraisal stronger. He provides direction when needed, but the level of guidance can vary depending on project pressure. Time discipline is a strength, and scheduled discussions or deliverables are usually respected. Leadership impact is limited, and more ownership is needed during planning and decision-making. In software engineering tasks, he supports debugging discussions, but needs to improve estimation accuracy. The guidance received from him influences how confidently others handle their tasks. Overall, he meets many expectations, but more consistency would make the appraisal stronger.",-0.12,12,12,5,0.17,Low Leadership Visibility,Stable Productivity Pattern,Moderate Communication Pattern,Strong Team Collaboration Pattern,Active Learning Pattern,Learning-Oriented Contributor
E013,I01,P002,QA,1987-01-04,F,12,QA,English,Tamil,['Ananda College'],72.53,Medium,71.79,Medium,2,60,18,6,5,2.6666666666666665,5.0,2.6666666666666665,2.6666666666666665,2.3333333333333335,3.0666666666666664,3.2,3.0,3.0,"She has completed assigned responsibilities at an acceptable level, but stronger follow-through would improve overall contribution. Problem solving is strong, especially when unexpected issues require practical decisions. Communication should improve because missing or late updates can delay decisions. In quality assurance responsibilities, she supports release validation well, but sometimes needs faster turnaround on retesting. This assessment is based on observed delivery, team interaction, and the quality of contribution during the cycle. Overall, she meets many expectations, but more consistency would make the appraisal stronger. She has technical or functional ability, but gaps in coordination sometimes create additional effort for others. Communication should improve because missing or late updates can delay decisions. Leadership impact is limited, and more ownership is needed during planning and decision-making. In quality assurance responsibilities, she shows potential, but needs stronger attention to edge cases. She is generally approachable, although response quality changes when workload increases. Overall, she needs focused improvement and closer review in the next appraisal cycle. From a subordinate perspective, she needs to improve communication around decisions and expectations. Collaboration needs improvement because gaps in follow-up can create confusion for others. Punctuality needs improvement because delays sometimes affect coordination and planning. In quality assurance responsibilities, she shows potential, but should communicate blockers earlier. She usually treats questions professionally, but more open discussion would help junior members. Overall, she needs focused improvement and closer review in the next appraisal cycle.",-0.54,6,7,6,0.01,Low Leadership Visibility,Stable Productivity Pattern,Communication Improvement Needed,Collaboration Support Needed,Moderate Learning Pattern,Communication Development Required
E014,I01,P002,DevOps,1995-08-06,M,9,Operations,Sinhala,Tamil,['Nalanda College'],62.15,Medium,62.67,Medium,0,47,15,8,4,2.3333333333333335,4.0,3.6666666666666665,4.666666666666667,4.666666666666667,3.8666666666666667,3.6,4.2,3.8,"He has completed assigned responsibilities at an acceptable level, but stronger follow-through would improve overall contribution. Collaboration is effective, and team members are usually included in relevant discussions. Leadership impact is limited, and more ownership is needed during planning and decision-making. In DevOps and operational responsibilities, he supports automation tasks effectively, but sometimes needs faster escalation during incidents. The rating reflects both measurable work output and observed behaviour in project situations. Overall, he meets many expectations, but more consistency would make the appraisal stronger. Working with him has generally been a positive experience because he contributes constructively during team tasks. Leadership is visible through initiative, guidance, and willingness to take responsibility. Collaboration is effective, and team members are usually included in relevant discussions. In DevOps and operational responsibilities, he keeps environments stable and shows awareness of how his work affects project delivery. The team can work with him effectively when expectations are clear. Overall, he is viewed as a dependable contributor, with only minor areas to refine as responsibilities increase. He provides direction when needed, but the level of guidance can vary depending on project pressure. Problem solving is strong, especially when unexpected issues require practical decisions. Punctuality is mostly acceptable, although occasional delays should be communicated earlier. In DevOps and operational responsibilities, he supports automation tasks effectively, but needs more proactive monitoring follow-up. Team members benefit when he explains decisions clearly instead of only giving instructions. Overall, he meets many expectations, but more consistency would make the appraisal stronger.",0.5,2,11,12,0.09,Emerging Leadership Pattern,Stable Productivity Pattern,Moderate Communication Pattern,Strong Team Collaboration Pattern,Moderate Learning Pattern,Balanced Contributor
E015,I02,P003,PM,2002-12-11,M,5,Management,English,Tamil,['Holy Family'],67.12,Medium,66.92,Medium,0,52,19,5,3,2.3333333333333335,4.666666666666667,4.666666666666667,5.0,4.0,4.133333333333334,4.2,4.2,4.0,"He has maintained a reliable standard of work and has contributed positively to project outcomes. Problem solving is strong, especially when unexpected issues require practical decisions. Leadership is visible through initiative, guidance, and willingness to take responsibility. In project management responsibilities, he tracks project risks carefully and shows awareness of how his work affects project delivery. Further improvement should be tracked through upcoming sprint outcomes and communication patterns. Overall, he is viewed as a dependable contributor, with only minor areas to refine as responsibilities increase. As a peer, I find him reliable during collaborative work and willing to support others when issues arise. Problem solving is strong, especially when unexpected issues require practical decisions. Leadership is visible through initiative, guidance, and willingness to take responsibility. In project management responsibilities, he keeps the team aligned and shows awareness of how his work affects project delivery. He is generally approachable, although response quality changes when workload increases. Overall, he is viewed as a dependable contributor, with only minor areas to refine as responsibilities increase. He helps the team progress, but there are areas where communication and delegation could improve. Collaboration is effective, and team members are usually included in relevant discussions. Punctuality is mostly acceptable, although occasional delays should be communicated earlier. In project management responsibilities, he keeps the team aligned, but sometimes centralizes discussion. He usually treats questions professionally, but more open discussion would help junior members. Overall, he meets many expectations, but more consistency would make the appraisal stronger.",0.69,5,10,10,0.01,Strong Leadership Pattern,Stable Productivity Pattern,Moderate Communication Pattern,Moderate Collaboration Pattern,Moderate Learning Pattern,Balanced Contributor
E016,I02,P003,SE,1994-02-25,M,2,Engineering,Tamil,Sinhalese,['Visakha Vidyalaya'],67.47,Medium,71.93,Medium,1,30,25,11,2,4.666666666666667,4.666666666666667,3.0,3.0,3.0,3.6666666666666665,3.8,3.4,3.8,"He has met most expectations during this cycle, although there are still areas where consistency can improve. Time discipline is a strength, and scheduled discussions or deliverables are usually respected. Communication is generally understandable, but updates are not always timely or complete. In software engineering tasks, he supports debugging discussions, but could document changes more consistently. The rating reflects both measurable work output and observed behaviour in project situations. Overall, he meets many expectations, but more consistency would make the appraisal stronger. He contributes to the team, but there are moments where clearer coordination would make collaboration easier. Time discipline is a strength, and scheduled discussions or deliverables are usually respected. Collaboration needs improvement because gaps in follow-up can create confusion for others. In software engineering tasks, he supports debugging discussions, but should take more ownership during complex defects. He is generally approachable, although response quality changes when workload increases. Overall, he meets many expectations, but more consistency would make the appraisal stronger. He helps the team progress, but there are areas where communication and delegation could improve. Time discipline is a strength, and scheduled discussions or deliverables are usually respected. Communication is generally understandable, but updates are not always timely or complete. In software engineering tasks, he writes maintainable code, but sometimes delays status updates. He usually treats questions professionally, but more open discussion would help junior members. Overall, he meets many expectations, but more consistency would make the appraisal stronger.",0.33,13,1,8,0.05,Emerging Leadership Pattern,Stable Productivity Pattern,Moderate Communication Pattern,Moderate Collaboration Pattern,Active Learning Pattern,Learning-Oriented Contributor
E017,I02,P003,SE,1998-07-22,M,4,Engineering,Sinhala,Sinhalese,['Holy Family'],67.87,Medium,66.7,Medium,4,43,14,14,2,1.3333333333333333,2.0,2.6666666666666665,5.0,2.3333333333333335,2.6666666666666665,2.6,2.8,2.6,"He requires closer follow-up to ensure assigned responsibilities are completed with the expected level of quality. Problem solving needs development, particularly when issues are unclear or require independent analysis. Communication should improve because missing or late updates can delay decisions. In software engineering tasks, he shows potential, but needs to improve estimation accuracy. Further improvement should be tracked through upcoming sprint outcomes and communication patterns. Overall, he needs focused improvement and closer review in the next appraisal cycle. Working with him can be challenging when deadlines are tight because updates are sometimes delayed. Punctuality needs improvement because delays sometimes affect coordination and planning. Leadership impact is limited, and more ownership is needed during planning and decision-making. In software engineering tasks, he shows potential, but should take more ownership during complex defects. The team can work with him effectively when expectations are clear. Overall, he needs focused improvement and closer review in the next appraisal cycle. From a subordinate perspective, he needs to improve communication around decisions and expectations. Punctuality needs improvement because delays sometimes affect coordination and planning. Communication should improve because missing or late updates can delay decisions. In software engineering tasks, he shows potential, but could document changes more consistently. The guidance received from him influences how confidently others handle their tasks. Overall, he needs focused improvement and closer review in the next appraisal cycle.",-0.7,7,8,3,0.01,Low Leadership Visibility,Stable Productivity Pattern,Communication Improvement Needed,Moderate Collaboration Pattern,Active Learning Pattern,Communication Development Required
E018,I02,P003,QA,1990-07-11,F,2,QA,Tamil,Sinhalese,['Jaffna Hindu'],58.62,Medium,59.87,Medium,0,31,17,9,5,2.6666666666666665,2.0,4.0,3.3333333333333335,4.666666666666667,3.3333333333333335,3.4,3.0,3.6,"She has met most expectations during this cycle, although there are still areas where consistency can improve. Collaboration is effective, and team members are usually included in relevant discussions. Punctuality needs improvement because delays sometimes affect coordination and planning. In quality assurance responsibilities, she identifies defects clearly, but needs stronger attention to edge cases. This assessment is based on observed delivery, team interaction, and the quality of contribution during the cycle. Overall, she meets many expectations, but more consistency would make the appraisal stronger. As a peer, I feel she needs to improve consistency in communication and task ownership. Problem solving needs development, particularly when issues are unclear or require independent analysis. Collaboration needs improvement because gaps in follow-up can create confusion for others. In quality assurance responsibilities, she shows potential, but needs stronger attention to edge cases. The team can work with her effectively when expectations are clear. Overall, she needs focused improvement and closer review in the next appraisal cycle. She helps the team progress, but there are areas where communication and delegation could improve. Communication is clear and timely, which helps the team understand progress and risks. Collaboration is acceptable, although coordination could be more proactive. In quality assurance responsibilities, she supports release validation well, but needs stronger attention to edge cases. Team members benefit when she explains decisions clearly instead of only giving instructions. Overall, she meets many expectations, but more consistency would make the appraisal stronger.",-0.1,4,2,15,0.09,Strong Leadership Pattern,Stable Productivity Pattern,Moderate Communication Pattern,Moderate Collaboration Pattern,Moderate Learning Pattern,Balanced Contributor
E019,I02,P003,DevOps,1988-05-05,M,7,Operations,English,Sinhalese,['Royal College'],63.53,Medium,64.79,Medium,1,48,14,15,2,4.333333333333333,3.3333333333333335,3.6666666666666665,2.3333333333333335,2.6666666666666665,3.266666666666667,3.0,3.4,3.4,"He has shown potential, but several gaps in execution and communication affected the team’s workflow. Communication should improve because missing or late updates can delay decisions. Collaboration needs improvement because gaps in follow-up can create confusion for others. In DevOps and operational responsibilities, he shows potential, but could document deployment steps better. This assessment is based on observed delivery, team interaction, and the quality of contribution during the cycle. Overall, he needs focused improvement and closer review in the next appraisal cycle. Working with him is generally manageable, although communication and follow-up can vary depending on workload. Leadership is visible through initiative, guidance, and willingness to take responsibility. Collaboration needs improvement because gaps in follow-up can create confusion for others. In DevOps and operational responsibilities, he supports automation tasks effectively, but could document deployment steps better. The team can work with him effectively when expectations are clear. Overall, he meets many expectations, but more consistency would make the appraisal stronger. From a subordinate perspective, he is generally supportive, although decisions are sometimes communicated late. Time discipline is a strength, and scheduled discussions or deliverables are usually respected. Communication is generally understandable, but updates are not always timely or complete. In DevOps and operational responsibilities, he responds well during deployment issues, but sometimes needs faster escalation during incidents. He usually treats questions professionally, but more open discussion would help junior members. Overall, he meets many expectations, but more consistency would make the appraisal stronger.",-0.14,8,6,8,0.05,Emerging Leadership Pattern,Stable Productivity Pattern,Communication Improvement Needed,Collaboration Support Needed,Active Learning Pattern,Communication Development Required
E020,I02,P004,PM,2003-10-28,F,4,Management,Tamil,Tamil,['Ananda College'],68.52,Medium,69.23,Medium,3,44,17,13,5,1.6666666666666667,2.6666666666666665,5.0,1.6666666666666667,4.0,3.0,3.2,3.0,2.8,"She has completed assigned responsibilities at an acceptable level, but stronger follow-through would improve overall contribution. Leadership is visible through initiative, guidance, and willingness to take responsibility. Problem solving needs development, particularly when issues are unclear or require independent analysis. In project management responsibilities, she supports planning discussions well, but needs to balance delivery pressure with team input. Further improvement should be tracked through upcoming sprint outcomes and communication patterns. Overall, she meets many expectations, but more consistency would make the appraisal stronger. Working with her can be challenging when deadlines are tight because updates are sometimes delayed. Collaboration needs improvement because gaps in follow-up can create confusion for others. Punctuality needs improvement because delays sometimes affect coordination and planning. In project management responsibilities, she shows potential, but could delegate decisions more consistently. Peer collaboration would improve further if she shared blockers earlier. Overall, she needs focused improvement and closer review in the next appraisal cycle. From a subordinate perspective, she needs to improve communication around decisions and expectations. Collaboration needs improvement because gaps in follow-up can create confusion for others. Problem solving needs development, particularly when issues are unclear or require independent analysis. In project management responsibilities, she shows potential, but needs to balance delivery pressure with team input. The guidance received from her influences how confidently others handle their tasks. Overall, she needs focused improvement and closer review in the next appraisal cycle.",-0.62,4,7,8,0.04,Strong Leadership Pattern,Stable Productivity Pattern,Moderate Communication Pattern,Collaboration Support Needed,Active Learning Pattern,Teamwork Development Required
E021,I02,P004,SE,2000-12-20,M,6,Engineering,Sinhala,Sinhalese,['Ananda College'],65.18,Medium,65.76,Medium,3,41,21,6,2,4.333333333333333,4.0,2.0,2.3333333333333335,4.0,3.3333333333333335,3.6,3.0,3.4,"He has met most expectations during this cycle, although there are still areas where consistency can improve. Communication is clear and timely, which helps the team understand progress and risks. Leadership impact is limited, and more ownership is needed during planning and decision-making. In software engineering tasks, he handles implementation details carefully, but could document changes more consistently. Further improvement should be tracked through upcoming sprint outcomes and communication patterns. Overall, he meets many expectations, but more consistency would make the appraisal stronger. He has technical or functional ability, but gaps in coordination sometimes create additional effort for others. Collaboration needs improvement because gaps in follow-up can create confusion for others. Leadership impact is limited, and more ownership is needed during planning and decision-making. In software engineering tasks, he shows potential, but needs to improve estimation accuracy. Peer collaboration would improve further if he shared blockers earlier. Overall, he needs focused improvement and closer review in the next appraisal cycle. From a subordinate perspective, he is generally supportive, although decisions are sometimes communicated late. Time discipline is a strength, and scheduled discussions or deliverables are usually respected. Collaboration is acceptable, although coordination could be more proactive. In software engineering tasks, he clarifies technical dependencies, but sometimes delays status updates. The guidance received from him influences how confidently others handle their tasks. Overall, he meets many expectations, but more consistency would make the appraisal stronger.",-0.37,5,8,8,0.09,Low Leadership Visibility,Stable Productivity Pattern,Moderate Communication Pattern,Collaboration Support Needed,Moderate Learning Pattern,Teamwork Development Required
E022,I02,P004,SE,1995-07-04,M,12,Engineering,Tamil,Sinhalese,['Jaffna Hindu'],69.0,Medium,69.98,Medium,3,43,31,10,4,2.3333333333333335,3.3333333333333335,3.0,3.0,3.6666666666666665,3.0666666666666664,2.8,3.2,3.2,"He has faced difficulty maintaining consistent delivery during this cycle, particularly when work became time-sensitive. Collaboration needs improvement because gaps in follow-up can create confusion for others. Punctuality needs improvement because delays sometimes affect coordination and planning. In software engineering tasks, he shows potential, but sometimes delays status updates. Further improvement should be tracked through upcoming sprint outcomes and communication patterns. Overall, he needs focused improvement and closer review in the next appraisal cycle. As a peer, I see him as capable, but he could be more consistent in sharing progress with the team. Leadership is visible through initiative, guidance, and willingness to take responsibility. Punctuality needs improvement because delays sometimes affect coordination and planning. In software engineering tasks, he clarifies technical dependencies, but should take more ownership during complex defects. The team can work with him effectively when expectations are clear. Overall, he meets many expectations, but more consistency would make the appraisal stronger. He helps the team progress, but there are areas where communication and delegation could improve. Problem solving is strong, especially when unexpected issues require practical decisions. Leadership impact is limited, and more ownership is needed during planning and decision-making. In software engineering tasks, he clarifies technical dependencies, but sometimes delays status updates. Team members benefit when he explains decisions clearly instead of only giving instructions. Overall, he meets many expectations, but more consistency would make the appraisal stronger.",-0.37,6,10,9,0.05,Emerging Leadership Pattern,Stable Productivity Pattern,Moderate Communication Pattern,Moderate Collaboration Pattern,Active Learning Pattern,Learning-Oriented Contributor
E023,I02,P004,SE,1991-06-21,F,7,Engineering,Tamil,Sinhalese,['Ladies College'],79.47,High,77.07,High,1,44,20,12,2,3.0,4.0,1.6666666666666667,3.0,3.3333333333333335,3.0,2.8,3.0,3.2,"She has shown potential, but several gaps in execution and communication affected the team’s workflow. Leadership impact is limited, and more ownership is needed during planning and decision-making. Collaboration is acceptable, although coordination could be more proactive. In software engineering tasks, she shows potential, but sometimes delays status updates. Further improvement should be tracked through upcoming sprint outcomes and communication patterns. Overall, she needs focused improvement and closer review in the next appraisal cycle. She has technical or functional ability, but gaps in coordination sometimes create additional effort for others. Leadership impact is limited, and more ownership is needed during planning and decision-making. Punctuality needs improvement because delays sometimes affect coordination and planning. In software engineering tasks, she shows potential, but sometimes delays status updates. The team can work with her effectively when expectations are clear. Overall, she needs focused improvement and closer review in the next appraisal cycle. From a subordinate perspective, she is generally supportive, although decisions are sometimes communicated late. Time discipline is a strength, and scheduled discussions or deliverables are usually respected. Leadership impact is limited, and more ownership is needed during planning and decision-making. In software engineering tasks, she supports debugging discussions, but sometimes delays status updates. The guidance received from her influences how confidently others handle their tasks. Overall, she meets many expectations, but more consistency would make the appraisal stronger.",-0.26,10,11,8,0.04,Low Leadership Visibility,High Productivity Pattern,Moderate Communication Pattern,Moderate Collaboration Pattern,Active Learning Pattern,Technical High Performer
E024,I02,P004,QA,1994-02-24,M,9,QA,Tamil,Sinhalese,['Holy Family'],66.67,Medium,67.46,Medium,0,49,30,6,5,4.0,2.6666666666666665,1.6666666666666667,3.3333333333333335,3.3333333333333335,3.0,2.6,3.0,3.4,"He has shown potential, but several gaps in execution and communication affected the team’s workflow. Leadership impact is limited, and more ownership is needed during planning and decision-making. Communication should improve because missing or late updates can delay decisions. In quality assurance responsibilities, he shows potential, but could improve test documentation consistency. Further improvement should be tracked through upcoming sprint outcomes and communication patterns. Overall, he needs focused improvement and closer review in the next appraisal cycle. He has technical or functional ability, but gaps in coordination sometimes create additional effort for others. Problem solving needs development, particularly when issues are unclear or require independent analysis. Leadership impact is limited, and more ownership is needed during planning and decision-making. In quality assurance responsibilities, he shows potential, but could improve test documentation consistency. Peer collaboration would improve further if he shared blockers earlier. Overall, he needs focused improvement and closer review in the next appraisal cycle. He provides direction when needed, but the level of guidance can vary depending on project pressure. Communication is clear and timely, which helps the team understand progress and risks. Leadership impact is limited, and more ownership is needed during planning and decision-making. In quality assurance responsibilities, he communicates quality risks early, but needs stronger attention to edge cases. Team members benefit when he explains decisions clearly instead of only giving instructions. Overall, he meets many expectations, but more consistency would make the appraisal stronger.",-0.58,6,13,7,0.16,Low Leadership Visibility,Stable Productivity Pattern,Moderate Communication Pattern,Moderate Collaboration Pattern,Moderate Learning Pattern,Balanced Contributor
E025,I02,P004,QA,1998-06-22,M,3,QA,English,Tamil,['Ananda College'],65.85,Medium,64.33,Medium,0,50,33,15,3,3.6666666666666665,3.6666666666666665,2.6666666666666665,3.3333333333333335,5.0,3.6666666666666665,3.4,4.0,3.6,"He has met most expectations during this cycle, although there are still areas where consistency can improve. Communication is clear and timely, which helps the team understand progress and risks. Collaboration needs improvement because gaps in follow-up can create confusion for others. In quality assurance responsibilities, he identifies defects clearly, but should communicate blockers earlier. The rating reflects both measurable work output and observed behaviour in project situations. Overall, he meets many expectations, but more consistency would make the appraisal stronger. He contributes to the team, but there are moments where clearer coordination would make collaboration easier. Time discipline is a strength, and scheduled discussions or deliverables are usually respected. Leadership impact is limited, and more ownership is needed during planning and decision-making. In quality assurance responsibilities, he identifies defects clearly, but should communicate blockers earlier. He is generally approachable, although response quality changes when workload increases. Overall, he meets many expectations, but more consistency would make the appraisal stronger. From a subordinate perspective, he is generally supportive, although decisions are sometimes communicated late. Communication is clear and timely, which helps the team understand progress and risks. Punctuality needs improvement because delays sometimes affect coordination and planning. In quality assurance responsibilities, he maintains useful test coverage, but should communicate blockers earlier. He usually treats questions professionally, but more open discussion would help junior members. Overall, he meets many expectations, but more consistency would make the appraisal stronger.",0.22,4,4,9,0.09,Low Leadership Visibility,Stable Productivity Pattern,Moderate Communication Pattern,Moderate Collaboration Pattern,Active Learning Pattern,Learning-Oriented Contributor
E026,I02,P004,DevOps,1989-05-29,M,2,Operations,Tamil,Tamil,['Holy Family'],61.7,Medium,63.57,Medium,4,49,28,15,4,2.0,3.0,2.0,3.6666666666666665,4.0,2.9333333333333336,2.0,3.4,3.4,"He requires closer follow-up to ensure assigned responsibilities are completed with the expected level of quality. Collaboration needs improvement because gaps in follow-up can create confusion for others. Punctuality needs improvement because delays sometimes affect coordination and planning. In DevOps and operational responsibilities, he shows potential, but could document deployment steps better. This assessment is based on observed delivery, team interaction, and the quality of contribution during the cycle. Overall, he needs focused improvement and closer review in the next appraisal cycle. Working with him is generally manageable, although communication and follow-up can vary depending on workload. Collaboration is effective, and team members are usually included in relevant discussions. Leadership impact is limited, and more ownership is needed during planning and decision-making. In DevOps and operational responsibilities, he communicates operational risks clearly, but sometimes needs faster escalation during incidents. He is generally approachable, although response quality changes when workload increases. Overall, he meets many expectations, but more consistency would make the appraisal stronger. He helps the team progress, but there are areas where communication and delegation could improve. Collaboration is effective, and team members are usually included in relevant discussions. Leadership impact is limited, and more ownership is needed during planning and decision-making. In DevOps and operational responsibilities, he responds well during deployment issues, but should improve handover notes. The guidance received from him influences how confidently others handle their tasks. Overall, he meets many expectations, but more consistency would make the appraisal stronger.",-0.33,5,7,10,0.65,Low Leadership Visibility,Stable Productivity Pattern,Moderate Communication Pattern,Moderate Collaboration Pattern,Active Learning Pattern,Learning-Oriented Contributor
E027,I03,P005,PM,1993-03-23,M,5,Management,English,Sinhalese,['DS Senanayake'],65.38,Medium,65.53,Medium,1,38,34,5,3,3.6666666666666665,4.666666666666667,2.3333333333333335,2.3333333333333335,4.333333333333333,3.466666666666667,3.4,3.4,3.6,"He shows useful capability in project management responsibilities, though performance is not yet consistent across all situations. Problem solving is strong, especially when unexpected issues require practical decisions. Leadership impact is limited, and more ownership is needed during planning and decision-making. In project management responsibilities, he supports planning discussions well, but could delegate decisions more consistently. The rating reflects both measurable work output and observed behaviour in project situations. Overall, he meets many expectations, but more consistency would make the appraisal stronger. As a peer, I see him as capable, but he could be more consistent in sharing progress with the team. Communication is clear and timely, which helps the team understand progress and risks. Collaboration needs improvement because gaps in follow-up can create confusion for others. In project management responsibilities, he coordinates stakeholders effectively, but could delegate decisions more consistently. Peer collaboration would improve further if he shared blockers earlier. Overall, he meets many expectations, but more consistency would make the appraisal stronger. He provides direction when needed, but the level of guidance can vary depending on project pressure. Problem solving is strong, especially when unexpected issues require practical decisions. Collaboration needs improvement because gaps in follow-up can create confusion for others. In project management responsibilities, he keeps the team aligned, but could delegate decisions more consistently. He usually treats questions professionally, but more open discussion would help junior members. Overall, he meets many expectations, but more consistency would make the appraisal stronger.",0.0,3,10,10,0.01,Low Leadership Visibility,Stable Productivity Pattern,Moderate Communication Pattern,Collaboration Support Needed,Moderate Learning Pattern,Teamwork Development Required
E028,I03,P005,SE,1986-12-10,F,2,Engineering,Sinhala,Sinhalese,['Visakha Vidyalaya'],68.0,Medium,67.07,Medium,0,24,27,13,2,3.3333333333333335,2.3333333333333335,1.0,4.666666666666667,3.0,2.8666666666666667,2.6,3.0,3.0,"She has shown potential, but several gaps in execution and communication affected the team’s workflow. Leadership impact is limited, and more ownership is needed during planning and decision-making. Problem solving needs development, particularly when issues are unclear or require independent analysis. In software engineering tasks, she shows potential, but should take more ownership during complex defects. The rating reflects both measurable work output and observed behaviour in project situations. Overall, she needs focused improvement and closer review in the next appraisal cycle. Working with her can be challenging when deadlines are tight because updates are sometimes delayed. Leadership impact is limited, and more ownership is needed during planning and decision-making. Problem solving is adequate for routine issues, but complex situations sometimes require additional support. In software engineering tasks, she shows potential, but sometimes delays status updates. Peer collaboration would improve further if she shared blockers earlier. Overall, she needs focused improvement and closer review in the next appraisal cycle. She may have good intentions, but inconsistent guidance sometimes affects team confidence and planning. Leadership impact is limited, and more ownership is needed during planning and decision-making. Communication should improve because missing or late updates can delay decisions. In software engineering tasks, she shows potential, but sometimes delays status updates. Team members benefit when she explains decisions clearly instead of only giving instructions. Overall, she needs focused improvement and closer review in the next appraisal cycle.",-0.62,8,13,7,0.05,Low Leadership Visibility,Stable Productivity Pattern,Moderate Communication Pattern,Moderate Collaboration Pattern,Active Learning Pattern,Learning-Oriented Contributor
E029,I03,P005,SE,1999-12-24,M,9,Engineering,English,Tamil,['DS Senanayake'],61.93,Medium,62.72,Medium,0,53,14,4,2,5.0,4.0,1.0,3.6666666666666665,2.3333333333333335,3.1999999999999997,3.2,3.6,2.8,"He has met most expectations during this cycle, although there are still areas where consistency can improve. Time discipline is a strength, and scheduled discussions or deliverables are usually respected. Leadership impact is limited, and more ownership is needed during planning and decision-making. In software engineering tasks, he handles implementation details carefully, but should take more ownership during complex defects. The rating reflects both measurable work output and observed behaviour in project situations. Overall, he meets many expectations, but more consistency would make the appraisal stronger. He contributes to the team, but there are moments where clearer coordination would make collaboration easier. Time discipline is a strength, and scheduled discussions or deliverables are usually respected. Leadership impact is limited, and more ownership is needed during planning and decision-making. In software engineering tasks, he writes maintainable code, but sometimes delays status updates. Peer collaboration would improve further if he shared blockers earlier. Overall, he meets many expectations, but more consistency would make the appraisal stronger. He may have good intentions, but inconsistent guidance sometimes affects team confidence and planning. Communication should improve because missing or late updates can delay decisions. Leadership impact is limited, and more ownership is needed during planning and decision-making. In software engineering tasks, he shows potential, but could document changes more consistently. The guidance received from him influences how confidently others handle their tasks. Overall, he needs focused improvement and closer review in the next appraisal cycle.",-0.18,6,13,6,0.16,Low Leadership Visibility,Stable Productivity Pattern,Communication Improvement Needed,Moderate Collaboration Pattern,Low Learning Engagement,Communication Development Required
E030,I03,P005,SE,1994-12-03,F,9,Engineering,Sinhala,Sinhalese,['Jaffna Hindu'],65.97,Medium,66.75,Medium,3,38,29,3,3,2.3333333333333335,4.666666666666667,2.6666666666666665,3.6666666666666665,2.3333333333333335,3.1333333333333333,3.2,3.2,3.0,"She has completed assigned responsibilities at an acceptable level, but stronger follow-through would improve overall contribution. Problem solving is strong, especially when unexpected issues require practical decisions. Communication should improve because missing or late updates can delay decisions. In software engineering tasks, she clarifies technical dependencies, but needs to improve estimation accuracy. The rating reflects both measurable work output and observed behaviour in project situations. Overall, she meets many expectations, but more consistency would make the appraisal stronger. As a peer, I see her as capable, but she could be more consistent in sharing progress with the team. Problem solving is strong, especially when unexpected issues require practical decisions. Communication is generally understandable, but updates are not always timely or complete. In software engineering tasks, she handles implementation details carefully, but should take more ownership during complex defects. The team can work with her effectively when expectations are clear. Overall, she meets many expectations, but more consistency would make the appraisal stronger. From a subordinate perspective, she needs to improve communication around decisions and expectations. Punctuality needs improvement because delays sometimes affect coordination and planning. Communication should improve because missing or late updates can delay decisions. In software engineering tasks, she shows potential, but needs to improve estimation accuracy. Team members benefit when she explains decisions clearly instead of only giving instructions. Overall, she needs focused improvement and closer review in the next appraisal cycle.",-0.3,7,7,6,0.01,Low Leadership Visibility,Stable Productivity Pattern,Communication Improvement Needed,Moderate Collaboration Pattern,Low Learning Engagement,Communication Development Required
E031,I03,P005,SE,1989-07-19,M,2,Engineering,English,Sinhalese,['Musaeus College'],60.25,Medium,63.06,Medium,2,35,35,11,3,3.3333333333333335,5.0,2.6666666666666665,2.6666666666666665,3.0,3.3333333333333335,3.0,3.8,3.2,"He has faced difficulty maintaining consistent delivery during this cycle, particularly when work became time-sensitive. Collaboration needs improvement because gaps in follow-up can create confusion for others. Punctuality needs improvement because delays sometimes affect coordination and planning. In software engineering tasks, he shows potential, but needs to improve estimation accuracy. This assessment is based on observed delivery, team interaction, and the quality of contribution during the cycle. Overall, he needs focused improvement and closer review in the next appraisal cycle. Working with him is generally manageable, although communication and follow-up can vary depending on workload. Problem solving is strong, especially when unexpected issues require practical decisions. Collaboration is acceptable, although coordination could be more proactive. In software engineering tasks, he clarifies technical dependencies, but needs to improve estimation accuracy. He is generally approachable, although response quality changes when workload increases. Overall, he meets many expectations, but more consistency would make the appraisal stronger. He helps the team progress, but there are areas where communication and delegation could improve. Time discipline is a strength, and scheduled discussions or deliverables are usually respected. Leadership impact is limited, and more ownership is needed during planning and decision-making. In software engineering tasks, he clarifies technical dependencies, but could document changes more consistently. Team members benefit when he explains decisions clearly instead of only giving instructions. Overall, he meets many expectations, but more consistency would make the appraisal stronger.",-0.47,3,5,8,0.17,Low Leadership Visibility,Stable Productivity Pattern,Moderate Communication Pattern,Collaboration Support Needed,Active Learning Pattern,Teamwork Development Required
E032,I03,P005,SE,1998-03-28,F,6,Engineering,English,Sinhalese,['Visakha Vidyalaya'],69.0,Medium,67.54,Medium,1,57,10,9,3,4.666666666666667,4.0,1.3333333333333333,3.6666666666666665,3.0,3.3333333333333335,3.4,3.4,3.2,"She has met most expectations during this cycle, although there are still areas where consistency can improve. Time discipline is a strength, and scheduled discussions or deliverables are usually respected. Leadership impact is limited, and more ownership is needed during planning and decision-making. In software engineering tasks, she clarifies technical dependencies, but needs to improve estimation accuracy. The rating reflects both measurable work output and observed behaviour in project situations. Overall, she meets many expectations, but more consistency would make the appraisal stronger. As a peer, I see her as capable, but she could be more consistent in sharing progress with the team. Time discipline is a strength, and scheduled discussions or deliverables are usually respected. Leadership impact is limited, and more ownership is needed during planning and decision-making. In software engineering tasks, she supports debugging discussions, but needs to improve estimation accuracy. She is generally approachable, although response quality changes when workload increases. Overall, she meets many expectations, but more consistency would make the appraisal stronger. She helps the team progress, but there are areas where communication and delegation could improve. Time discipline is a strength, and scheduled discussions or deliverables are usually respected. Leadership impact is limited, and more ownership is needed during planning and decision-making. In software engineering tasks, she handles implementation details carefully, but could document changes more consistently. The guidance received from her influences how confidently others handle their tasks. Overall, she meets many expectations, but more consistency would make the appraisal stronger.",-0.06,5,10,4,0.01,Low Leadership Visibility,Stable Productivity Pattern,Moderate Communication Pattern,Moderate Collaboration Pattern,Moderate Learning Pattern,Balanced Contributor
E033,I03,P005,QA,2002-09-24,F,3,QA,English,Tamil,['Ananda College'],64.47,Medium,65.11,Medium,2,23,11,15,2,4.0,4.0,4.666666666666667,4.666666666666667,3.3333333333333335,4.133333333333334,3.8,4.4,4.2,"She has completed assigned responsibilities at an acceptable level, but stronger follow-through would improve overall contribution. Problem solving is strong, especially when unexpected issues require practical decisions. Communication should improve because missing or late updates can delay decisions. In quality assurance responsibilities, she identifies defects clearly, but should communicate blockers earlier. This assessment is based on observed delivery, team interaction, and the quality of contribution during the cycle. Overall, she meets many expectations, but more consistency would make the appraisal stronger. Working with her has generally been a positive experience because she contributes constructively during team tasks. Leadership is visible through initiative, guidance, and willingness to take responsibility. Collaboration is effective, and team members are usually included in relevant discussions. In quality assurance responsibilities, she communicates quality risks early and shows awareness of how her work affects project delivery. Peer collaboration would improve further if she shared blockers earlier. Overall, she is viewed as a dependable contributor, with only minor areas to refine as responsibilities increase. From a subordinate perspective, she supports the team well and gives useful direction when priorities change. Leadership is visible through initiative, guidance, and willingness to take responsibility. Collaboration is effective, and team members are usually included in relevant discussions. In quality assurance responsibilities, she supports release validation well and shows awareness of how her work affects project delivery. The guidance received from her influences how confidently others handle their tasks. Overall, she is viewed as a dependable contributor, with only minor areas to refine as responsibilities increase.",0.5,5,12,13,0.09,Strong Leadership Pattern,Stable Productivity Pattern,Moderate Communication Pattern,Moderate Collaboration Pattern,Active Learning Pattern,Learning-Oriented Contributor
E034,I03,P005,QA,1987-09-15,M,5,QA,English,Tamil,"[""St. John's College""]",63.92,Medium,64.31,Medium,1,60,31,7,3,3.6666666666666665,3.3333333333333335,1.3333333333333333,5.0,4.333333333333333,3.533333333333333,3.8,3.2,3.6,"He has completed assigned responsibilities at an acceptable level, but stronger follow-through would improve overall contribution. Time discipline is a strength, and scheduled discussions or deliverables are usually respected. Leadership impact is limited, and more ownership is needed during planning and decision-making. In quality assurance responsibilities, he maintains useful test coverage, but needs stronger attention to edge cases. The rating reflects both measurable work output and observed behaviour in project situations. Overall, he meets many expectations, but more consistency would make the appraisal stronger. He contributes to the team, but there are moments where clearer coordination would make collaboration easier. Collaboration is effective, and team members are usually included in relevant discussions. Leadership impact is limited, and more ownership is needed during planning and decision-making. In quality assurance responsibilities, he maintains useful test coverage, but needs stronger attention to edge cases. Peer collaboration would improve further if he shared blockers earlier. Overall, he meets many expectations, but more consistency would make the appraisal stronger. From a subordinate perspective, he is generally supportive, although decisions are sometimes communicated late. Collaboration is effective, and team members are usually included in relevant discussions. Leadership impact is limited, and more ownership is needed during planning and decision-making. In quality assurance responsibilities, he identifies defects clearly, but sometimes needs faster turnaround on retesting. He usually treats questions professionally, but more open discussion would help junior members. Overall, he meets many expectations, but more consistency would make the appraisal stronger.",0.24,4,10,13,0.09,Low Leadership Visibility,Stable Productivity Pattern,Moderate Communication Pattern,Moderate Collaboration Pattern,Moderate Learning Pattern,Balanced Contributor
E035,I03,P005,QA,2001-09-29,F,10,QA,English,Sinhalese,['Nalanda College'],72.07,Medium,72.53,Medium,3,30,12,11,3,3.3333333333333335,4.666666666666667,1.3333333333333333,4.666666666666667,2.3333333333333335,3.266666666666667,3.8,2.8,3.2,"She shows useful capability in quality assurance responsibilities, though performance is not yet consistent across all situations. Problem solving is strong, especially when unexpected issues require practical decisions. Leadership impact is limited, and more ownership is needed during planning and decision-making. In quality assurance responsibilities, she maintains useful test coverage, but should communicate blockers earlier. Further improvement should be tracked through upcoming sprint outcomes and communication patterns. Overall, she meets many expectations, but more consistency would make the appraisal stronger. As a peer, I feel she needs to improve consistency in communication and task ownership. Leadership impact is limited, and more ownership is needed during planning and decision-making. Communication should improve because missing or late updates can delay decisions. In quality assurance responsibilities, she shows potential, but needs stronger attention to edge cases. She is generally approachable, although response quality changes when workload increases. Overall, she needs focused improvement and closer review in the next appraisal cycle. From a subordinate perspective, she is generally supportive, although decisions are sometimes communicated late. Problem solving is strong, especially when unexpected issues require practical decisions. Leadership impact is limited, and more ownership is needed during planning and decision-making. In quality assurance responsibilities, she maintains useful test coverage, but could improve test documentation consistency. Team members benefit when she explains decisions clearly instead of only giving instructions. Overall, she meets many expectations, but more consistency would make the appraisal stronger.",-0.26,4,15,4,0.25,Low Leadership Visibility,Stable Productivity Pattern,Communication Improvement Needed,Moderate Collaboration Pattern,Active Learning Pattern,Communication Development Required
E036,I03,P005,DevOps,1986-05-13,F,2,Operations,English,Sinhalese,['Jaffna Hindu'],76.98,High,75.82,High,0,58,26,10,4,4.333333333333333,4.666666666666667,4.333333333333333,4.0,5.0,4.466666666666667,4.8,4.2,4.4,"She has shown dependable ownership of DevOps and operational responsibilities and has handled assigned responsibilities with limited supervision. Time discipline is a strength, and scheduled discussions or deliverables are usually respected. Leadership is visible through initiative, guidance, and willingness to take responsibility. In DevOps and operational responsibilities, she supports automation tasks effectively and shows awareness of how her work affects project delivery. This assessment is based on observed delivery, team interaction, and the quality of contribution during the cycle. Overall, she is viewed as a dependable contributor, with only minor areas to refine as responsibilities increase. Working with her has generally been a positive experience because she contributes constructively during team tasks. Problem solving is strong, especially when unexpected issues require practical decisions. Communication is clear and timely, which helps the team understand progress and risks. In DevOps and operational responsibilities, she communicates operational risks clearly and shows awareness of how her work affects project delivery. Peer collaboration would improve further if she shared blockers earlier. Overall, she is viewed as a dependable contributor, with only minor areas to refine as responsibilities increase. From a subordinate perspective, she supports the team well and gives useful direction when priorities change. Problem solving is strong, especially when unexpected issues require practical decisions. Communication is clear and timely, which helps the team understand progress and risks. In DevOps and operational responsibilities, she communicates operational risks clearly and shows awareness of how her work affects project delivery. She usually treats questions professionally, but more open discussion would help junior members. Overall, she is viewed as a dependable contributor, with only minor areas to refine as responsibilities increase.",0.78,6,8,10,0.09,Strong Leadership Pattern,High Productivity Pattern,Moderate Communication Pattern,Strong Team Collaboration Pattern,Active Learning Pattern,Collaborative Leader
E037,I03,P006,PM,2003-07-09,M,1,Management,Sinhala,Tamil,['Jaffna Hindu'],65.0,Medium,65.29,Medium,2,37,20,13,2,1.3333333333333333,4.0,4.666666666666667,2.3333333333333335,2.0,2.8666666666666667,3.4,2.6,2.6,"He has met most expectations during this cycle, although there are still areas where consistency can improve. Problem solving is strong, especially when unexpected issues require practical decisions. Collaboration needs improvement because gaps in follow-up can create confusion for others. In project management responsibilities, he tracks project risks carefully, but could delegate decisions more consistently. This assessment is based on observed delivery, team interaction, and the quality of contribution during the cycle. Overall, he meets many expectations, but more consistency would make the appraisal stronger. He has technical or functional ability, but gaps in coordination sometimes create additional effort for others. Punctuality needs improvement because delays sometimes affect coordination and planning. Communication should improve because missing or late updates can delay decisions. In project management responsibilities, he shows potential, but needs to balance delivery pressure with team input. Peer collaboration would improve further if he shared blockers earlier. Overall, he needs focused improvement and closer review in the next appraisal cycle. From a subordinate perspective, he needs to improve communication around decisions and expectations. Communication should improve because missing or late updates can delay decisions. Punctuality needs improvement because delays sometimes affect coordination and planning. In project management responsibilities, he shows potential, but needs to balance delivery pressure with team input. Team members benefit when he explains decisions clearly instead of only giving instructions. Overall, he needs focused improvement and closer review in the next appraisal cycle.",-0.78,5,6,11,0.21,Strong Leadership Pattern,Stable Productivity Pattern,Communication Improvement Needed,Collaboration Support Needed,Active Learning Pattern,Communication Development Required
E038,I03,P006,SE,2000-09-06,M,3,Engineering,English,Tamil,['Ananda College'],66.92,Medium,67.34,Medium,3,58,22,5,4,2.0,3.3333333333333335,1.0,5.0,3.3333333333333335,2.9333333333333336,2.4,3.2,3.2,"He has faced difficulty maintaining consistent delivery during this cycle, particularly when work became time-sensitive. Leadership impact is limited, and more ownership is needed during planning and decision-making. Punctuality needs improvement because delays sometimes affect coordination and planning. In software engineering tasks, he shows potential, but needs to improve estimation accuracy. Further improvement should be tracked through upcoming sprint outcomes and communication patterns. Overall, he needs focused improvement and closer review in the next appraisal cycle. Working with him is generally manageable, although communication and follow-up can vary depending on workload. Collaboration is effective, and team members are usually included in relevant discussions. Leadership impact is limited, and more ownership is needed during planning and decision-making. In software engineering tasks, he supports debugging discussions, but should take more ownership during complex defects. He is generally approachable, although response quality changes when workload increases. Overall, he meets many expectations, but more consistency would make the appraisal stronger. He helps the team progress, but there are areas where communication and delegation could improve. Collaboration is effective, and team members are usually included in relevant discussions. Leadership impact is limited, and more ownership is needed during planning and decision-making. In software engineering tasks, he handles implementation details carefully, but could document changes more consistently. Team members benefit when he explains decisions clearly instead of only giving instructions. Overall, he meets many expectations, but more consistency would make the appraisal stronger.",-0.33,6,11,11,0.21,Low Leadership Visibility,Stable Productivity Pattern,Moderate Communication Pattern,Strong Team Collaboration Pattern,Moderate Learning Pattern,Balanced Contributor
E039,I03,P006,SE,1992-12-31,M,1,Engineering,English,Tamil,['Visakha Vidyalaya'],66.75,Medium,65.8,Medium,4,54,34,6,3,4.333333333333333,5.0,5.0,4.666666666666667,4.333333333333333,4.666666666666667,4.4,4.8,4.8,"He has delivered a strong performance during this cycle, especially in relation to implementation quality, code reviews, defect handling, and sprint delivery. Time discipline is a strength, and scheduled discussions or deliverables are usually respected. Problem solving is strong, especially when unexpected issues require practical decisions. In software engineering tasks, he handles implementation details carefully and shows awareness of how his work affects project delivery. The rating reflects both measurable work output and observed behaviour in project situations. Overall, he is viewed as a dependable contributor, with only minor areas to refine as responsibilities increase. As a peer, I find him reliable during collaborative work and willing to support others when issues arise. Problem solving is strong, especially when unexpected issues require practical decisions. Leadership is visible through initiative, guidance, and willingness to take responsibility. In software engineering tasks, he supports debugging discussions and shows awareness of how his work affects project delivery. The team can work with him effectively when expectations are clear. Overall, he is viewed as a dependable contributor, with only minor areas to refine as responsibilities increase. He generally creates a supportive working environment and responds professionally to questions or concerns. Problem solving is strong, especially when unexpected issues require practical decisions. Leadership is visible through initiative, guidance, and willingness to take responsibility. In software engineering tasks, he supports debugging discussions and shows awareness of how his work affects project delivery. Team members benefit when he explains decisions clearly instead of only giving instructions. Overall, he is viewed as a dependable contributor, with only minor areas to refine as responsibilities increase.",0.89,3,12,9,0.05,Strong Leadership Pattern,Stable Productivity Pattern,Moderate Communication Pattern,Moderate Collaboration Pattern,Moderate Learning Pattern,Balanced Contributor
E040,I03,P006,QA,1989-05-24,F,3,QA,Sinhala,Tamil,['Ladies College'],65.57,Medium,65.13,Medium,1,30,16,11,3,4.333333333333333,4.333333333333333,3.3333333333333335,4.333333333333333,4.333333333333333,4.133333333333334,4.4,3.8,4.2,"She has maintained a reliable standard of work and has contributed positively to project outcomes. Collaboration is effective, and team members are usually included in relevant discussions. Communication is clear and timely, which helps the team understand progress and risks. In quality assurance responsibilities, she maintains useful test coverage and shows awareness of how her work affects project delivery. Further improvement should be tracked through upcoming sprint outcomes and communication patterns. Overall, she is viewed as a dependable contributor, with only minor areas to refine as responsibilities increase. Working with her is generally manageable, although communication and follow-up can vary depending on workload. Time discipline is a strength, and scheduled discussions or deliverables are usually respected. Communication is generally understandable, but updates are not always timely or complete. In quality assurance responsibilities, she identifies defects clearly, but needs stronger attention to edge cases. Peer collaboration would improve further if she shared blockers earlier. Overall, she meets many expectations, but more consistency would make the appraisal stronger. From a subordinate perspective, she supports the team well and gives useful direction when priorities change. Problem solving is strong, especially when unexpected issues require practical decisions. Communication is clear and timely, which helps the team understand progress and risks. In quality assurance responsibilities, she supports release validation well and shows awareness of how her work affects project delivery. Team members benefit when she explains decisions clearly instead of only giving instructions. Overall, she is viewed as a dependable contributor, with only minor areas to refine as responsibilities increase.",0.67,8,3,12,0.09,Emerging Leadership Pattern,Stable Productivity Pattern,Clear and Responsive Communicator,Moderate Collaboration Pattern,Active Learning Pattern,Learning-Oriented Contributor
E041,I03,P006,DevOps,1992-07-27,F,4,Operations,Tamil,Sinhalese,['Nalanda College'],65.88,Medium,66.06,Medium,3,58,23,4,4,1.3333333333333333,5.0,4.333333333333333,2.3333333333333335,4.333333333333333,3.466666666666667,3.2,3.6,3.6,"She has completed assigned responsibilities at an acceptable level, but stronger follow-through would improve overall contribution. Problem solving is strong, especially when unexpected issues require practical decisions. Collaboration needs improvement because gaps in follow-up can create confusion for others. In DevOps and operational responsibilities, she keeps environments stable, but could document deployment steps better. Further improvement should be tracked through upcoming sprint outcomes and communication patterns. Overall, she meets many expectations, but more consistency would make the appraisal stronger. She contributes to the team, but there are moments where clearer coordination would make collaboration easier. Problem solving is strong, especially when unexpected issues require practical decisions. Punctuality needs improvement because delays sometimes affect coordination and planning. In DevOps and operational responsibilities, she responds well during deployment issues, but should improve handover notes. She is generally approachable, although response quality changes when workload increases. Overall, she meets many expectations, but more consistency would make the appraisal stronger. She helps the team progress, but there are areas where communication and delegation could improve. Problem solving is strong, especially when unexpected issues require practical decisions. Punctuality needs improvement because delays sometimes affect coordination and planning. In DevOps and operational responsibilities, she responds well during deployment issues, but sometimes needs faster escalation during incidents. She usually treats questions professionally, but more open discussion would help junior members. Overall, she meets many expectations, but more consistency would make the appraisal stronger.",-0.14,3,3,8,0.05,Strong Leadership Pattern,Stable Productivity Pattern,Moderate Communication Pattern,Collaboration Support Needed,Low Learning Engagement,Teamwork Development Required
E042,I04,P007,PM,1997-04-12,F,6,Management,English,Tamil,['Royal College'],60.97,Medium,61.58,Medium,0,41,21,6,4,2.3333333333333335,4.0,3.0,5.0,4.666666666666667,3.8000000000000003,4.0,3.8,3.6,"She has completed assigned responsibilities at an acceptable level, but stronger follow-through would improve overall contribution. Problem solving is strong, especially when unexpected issues require practical decisions. Punctuality needs improvement because delays sometimes affect coordination and planning. In project management responsibilities, she supports planning discussions well, but could delegate decisions more consistently. The rating reflects both measurable work output and observed behaviour in project situations. Overall, she meets many expectations, but more consistency would make the appraisal stronger. She contributes to the team, but there are moments where clearer coordination would make collaboration easier. Collaboration is effective, and team members are usually included in relevant discussions. Punctuality needs improvement because delays sometimes affect coordination and planning. In project management responsibilities, she keeps the team aligned, but sometimes centralizes discussion. Peer collaboration would improve further if she shared blockers earlier. Overall, she meets many expectations, but more consistency would make the appraisal stronger. From a subordinate perspective, she is generally supportive, although decisions are sometimes communicated late. Collaboration is effective, and team members are usually included in relevant discussions. Leadership is present in some situations, but stronger initiative would improve team confidence. In project management responsibilities, she keeps the team aligned, but needs to balance delivery pressure with team input. She usually treats questions professionally, but more open discussion would help junior members. Overall, she meets many expectations, but more consistency would make the appraisal stronger.",0.14,5,5,20,0.04,Emerging Leadership Pattern,Stable Productivity Pattern,Moderate Communication Pattern,Strong Team Collaboration Pattern,Moderate Learning Pattern,Balanced Contributor
E043,I04,P007,SE,2001-02-21,M,9,Engineering,Sinhala,Tamil,['Visakha Vidyalaya'],63.9,Medium,64.22,Medium,2,48,27,8,4,2.6666666666666665,4.0,4.666666666666667,1.6666666666666667,4.333333333333333,3.466666666666667,3.2,3.8,3.4,"He has completed assigned responsibilities at an acceptable level, but stronger follow-through would improve overall contribution. Problem solving is strong, especially when unexpected issues require practical decisions. Collaboration needs improvement because gaps in follow-up can create confusion for others. In software engineering tasks, he handles implementation details carefully, but could document changes more consistently. The rating reflects both measurable work output and observed behaviour in project situations. Overall, he meets many expectations, but more consistency would make the appraisal stronger. As a peer, I see him as capable, but he could be more consistent in sharing progress with the team. Problem solving is strong, especially when unexpected issues require practical decisions. Collaboration needs improvement because gaps in follow-up can create confusion for others. In software engineering tasks, he handles implementation details carefully, but needs to improve estimation accuracy. He is generally approachable, although response quality changes when workload increases. Overall, he meets many expectations, but more consistency would make the appraisal stronger. From a subordinate perspective, he is generally supportive, although decisions are sometimes communicated late. Leadership is visible through initiative, guidance, and willingness to take responsibility. Collaboration needs improvement because gaps in follow-up can create confusion for others. In software engineering tasks, he writes maintainable code, but sometimes delays status updates. Team members benefit when he explains decisions clearly instead of only giving instructions. Overall, he meets many expectations, but more consistency would make the appraisal stronger.",-0.2,2,8,8,0.09,Strong Leadership Pattern,Stable Productivity Pattern,Moderate Communication Pattern,Collaboration Support Needed,Moderate Learning Pattern,Teamwork Development Required
E044,I04,P007,SE,2003-10-03,M,5,Engineering,Sinhala,Tamil,"[""St. John's College""]",73.62,Medium,72.92,Medium,0,29,11,14,2,2.0,3.0,3.0,5.0,3.3333333333333335,3.266666666666667,3.0,3.6,3.2,"He requires closer follow-up to ensure assigned responsibilities are completed with the expected level of quality. Problem solving needs development, particularly when issues are unclear or require independent analysis. Punctuality needs improvement because delays sometimes affect coordination and planning. In software engineering tasks, he shows potential, but needs to improve estimation accuracy. This assessment is based on observed delivery, team interaction, and the quality of contribution during the cycle. Overall, he needs focused improvement and closer review in the next appraisal cycle. He contributes to the team, but there are moments where clearer coordination would make collaboration easier. Collaboration is effective, and team members are usually included in relevant discussions. Punctuality needs improvement because delays sometimes affect coordination and planning. In software engineering tasks, he supports debugging discussions, but needs to improve estimation accuracy. Peer collaboration would improve further if he shared blockers earlier. Overall, he meets many expectations, but more consistency would make the appraisal stronger. He provides direction when needed, but the level of guidance can vary depending on project pressure. Collaboration is effective, and team members are usually included in relevant discussions. Punctuality needs improvement because delays sometimes affect coordination and planning. In software engineering tasks, he clarifies technical dependencies, but should take more ownership during complex defects. Team members benefit when he explains decisions clearly instead of only giving instructions. Overall, he meets many expectations, but more consistency would make the appraisal stronger.",-0.33,3,4,18,0.09,Emerging Leadership Pattern,Stable Productivity Pattern,Moderate Communication Pattern,Moderate Collaboration Pattern,Active Learning Pattern,Learning-Oriented Contributor
E045,I04,P007,QA,1985-12-05,F,12,QA,Sinhala,Sinhalese,['DS Senanayake'],71.47,Medium,69.93,Medium,4,27,21,7,3,3.3333333333333335,4.333333333333333,3.3333333333333335,2.3333333333333335,4.333333333333333,3.5333333333333337,4.2,3.2,3.2,"She has shown dependable ownership of quality assurance responsibilities and has handled assigned responsibilities with limited supervision. Problem solving is strong, especially when unexpected issues require practical decisions. Leadership is visible through initiative, guidance, and willingness to take responsibility. In quality assurance responsibilities, she supports release validation well and shows awareness of how her work affects project delivery. Further improvement should be tracked through upcoming sprint outcomes and communication patterns. Overall, she is viewed as a dependable contributor, with only minor areas to refine as responsibilities increase. As a peer, I see her as capable, but she could be more consistent in sharing progress with the team. Communication is clear and timely, which helps the team understand progress and risks. Leadership impact is limited, and more ownership is needed during planning and decision-making. In quality assurance responsibilities, she supports release validation well, but sometimes needs faster turnaround on retesting. Peer collaboration would improve further if she shared blockers earlier. Overall, she meets many expectations, but more consistency would make the appraisal stronger. From a subordinate perspective, she is generally supportive, although decisions are sometimes communicated late. Problem solving is strong, especially when unexpected issues require practical decisions. Collaboration needs improvement because gaps in follow-up can create confusion for others. In quality assurance responsibilities, she identifies defects clearly, but should communicate blockers earlier. She usually treats questions professionally, but more open discussion would help junior members. Overall, she meets many expectations, but more consistency would make the appraisal stronger.",0.2,3,11,10,0.33,Emerging Leadership Pattern,Stable Productivity Pattern,Clear and Responsive Communicator,Collaboration Support Needed,Moderate Learning Pattern,Teamwork Development Required
E046,I04,P008,PM,1989-07-11,M,8,Management,English,Sinhalese,['Ladies College'],62.22,Medium,64.06,Medium,3,33,23,3,2,4.333333333333333,3.0,3.0,2.0,3.6666666666666665,3.1999999999999997,3.2,3.0,3.4,"He has met most expectations during this cycle, although there are still areas where consistency can improve. Time discipline is a strength, and scheduled discussions or deliverables are usually respected. Collaboration needs improvement because gaps in follow-up can create confusion for others. In project management responsibilities, he tracks project risks carefully, but needs to balance delivery pressure with team input. The rating reflects both measurable work output and observed behaviour in project situations. Overall, he meets many expectations, but more consistency would make the appraisal stronger. Working with him can be challenging when deadlines are tight because updates are sometimes delayed. Collaboration needs improvement because gaps in follow-up can create confusion for others. Communication is generally understandable, but updates are not always timely or complete. In project management responsibilities, he shows potential, but could delegate decisions more consistently. The team can work with him effectively when expectations are clear. Overall, he needs focused improvement and closer review in the next appraisal cycle. He provides direction when needed, but the level of guidance can vary depending on project pressure. Time discipline is a strength, and scheduled discussions or deliverables are usually respected. Collaboration needs improvement because gaps in follow-up can create confusion for others. In project management responsibilities, he supports planning discussions well, but could delegate decisions more consistently. Team members benefit when he explains decisions clearly instead of only giving instructions. Overall, he meets many expectations, but more consistency would make the appraisal stronger.",-0.33,6,5,8,0.04,Emerging Leadership Pattern,Stable Productivity Pattern,Moderate Communication Pattern,Collaboration Support Needed,Low Learning Engagement,Teamwork Development Required
E047,I04,P008,SE,1987-12-11,M,1,Engineering,English,Sinhalese,['DS Senanayake'],71.23,Medium,71.02,Medium,2,26,22,13,3,5.0,4.666666666666667,2.0,2.0,1.6666666666666667,3.0666666666666664,3.4,3.0,2.8,"He shows useful capability in software engineering tasks, though performance is not yet consistent across all situations. Time discipline is a strength, and scheduled discussions or deliverables are usually respected. Leadership impact is limited, and more ownership is needed during planning and decision-making. In software engineering tasks, he writes maintainable code, but should take more ownership during complex defects. The rating reflects both measurable work output and observed behaviour in project situations. Overall, he meets many expectations, but more consistency would make the appraisal stronger. He has technical or functional ability, but gaps in coordination sometimes create additional effort for others. Communication should improve because missing or late updates can delay decisions. Collaboration needs improvement because gaps in follow-up can create confusion for others. In software engineering tasks, he shows potential, but needs to improve estimation accuracy. The team can work with him effectively when expectations are clear. Overall, he needs focused improvement and closer review in the next appraisal cycle. He may have good intentions, but inconsistent guidance sometimes affects team confidence and planning. Communication should improve because missing or late updates can delay decisions. Collaboration needs improvement because gaps in follow-up can create confusion for others. In software engineering tasks, he shows potential, but should take more ownership during complex defects. The guidance received from him influences how confidently others handle their tasks. Overall, he needs focused improvement and closer review in the next appraisal cycle.",-0.52,5,9,5,0.09,Low Leadership Visibility,Stable Productivity Pattern,Communication Improvement Needed,Collaboration Support Needed,Active Learning Pattern,Communication Development Required
E048,I04,P008,SE,2000-01-22,F,9,Engineering,Tamil,Sinhalese,['Ananda College'],58.98,Medium,60.02,Medium,4,56,19,5,3,2.3333333333333335,2.0,4.0,2.0,5.0,3.0666666666666664,2.8,3.4,3.0,"She has shown potential, but several gaps in execution and communication affected the team’s workflow. Collaboration needs improvement because gaps in follow-up can create confusion for others. Problem solving needs development, particularly when issues are unclear or require independent analysis. In software engineering tasks, she shows potential, but sometimes delays status updates. This assessment is based on observed delivery, team interaction, and the quality of contribution during the cycle. Overall, she needs focused improvement and closer review in the next appraisal cycle. She contributes to the team, but there are moments where clearer coordination would make collaboration easier. Communication is clear and timely, which helps the team understand progress and risks. Problem solving needs development, particularly when issues are unclear or require independent analysis. In software engineering tasks, she writes maintainable code, but sometimes delays status updates. She is generally approachable, although response quality changes when workload increases. Overall, she meets many expectations, but more consistency would make the appraisal stronger. She sometimes gives unclear direction, which can make it difficult for others to prioritize work confidently. Punctuality needs improvement because delays sometimes affect coordination and planning. Collaboration needs improvement because gaps in follow-up can create confusion for others. In software engineering tasks, she shows potential, but needs to improve estimation accuracy. Team members benefit when she explains decisions clearly instead of only giving instructions. Overall, she needs focused improvement and closer review in the next appraisal cycle.",-0.45,6,2,11,0.09,Strong Leadership Pattern,Stable Productivity Pattern,Moderate Communication Pattern,Collaboration Support Needed,Moderate Learning Pattern,Teamwork Development Required
E049,I04,P008,SE,1992-02-18,F,8,Engineering,English,Tamil,"[""St. John's College""]",69.47,Medium,68.92,Medium,1,31,14,13,2,4.666666666666667,4.666666666666667,2.0,3.0,2.3333333333333335,3.3333333333333335,3.4,3.4,3.2,"She has completed assigned responsibilities at an acceptable level, but stronger follow-through would improve overall contribution. Time discipline is a strength, and scheduled discussions or deliverables are usually respected. Leadership impact is limited, and more ownership is needed during planning and decision-making. In software engineering tasks, she supports debugging discussions, but sometimes delays status updates. This assessment is based on observed delivery, team interaction, and the quality of contribution during the cycle. Overall, she meets many expectations, but more consistency would make the appraisal stronger. Working with her is generally manageable, although communication and follow-up can vary depending on workload. Time discipline is a strength, and scheduled discussions or deliverables are usually respected. Communication should improve because missing or late updates can delay decisions. In software engineering tasks, she supports debugging discussions, but needs to improve estimation accuracy. She is generally approachable, although response quality changes when workload increases. Overall, she meets many expectations, but more consistency would make the appraisal stronger. From a subordinate perspective, she is generally supportive, although decisions are sometimes communicated late. Problem solving is strong, especially when unexpected issues require practical decisions. Collaboration needs improvement because gaps in follow-up can create confusion for others. In software engineering tasks, she handles implementation details carefully, but needs to improve estimation accuracy. Team members benefit when she explains decisions clearly instead of only giving instructions. Overall, she meets many expectations, but more consistency would make the appraisal stronger.",0.0,9,7,7,0.01,Low Leadership Visibility,Stable Productivity Pattern,Communication Improvement Needed,Moderate Collaboration Pattern,Active Learning Pattern,Communication Development Required
E050,I04,P008,QA,1996-09-05,M,11,QA,Tamil,Tamil,['Royal College'],61.4,Medium,61.76,Medium,4,56,14,10,2,4.666666666666667,3.6666666666666665,5.0,3.0,4.0,4.066666666666666,4.0,4.0,4.2,"He has completed assigned responsibilities at an acceptable level, but stronger follow-through would improve overall contribution. Time discipline is a strength, and scheduled discussions or deliverables are usually respected. Collaboration needs improvement because gaps in follow-up can create confusion for others. In quality assurance responsibilities, he identifies defects clearly, but could improve test documentation consistency. Further improvement should be tracked through upcoming sprint outcomes and communication patterns. Overall, he meets many expectations, but more consistency would make the appraisal stronger. Working with him is generally manageable, although communication and follow-up can vary depending on workload. Leadership is visible through initiative, guidance, and willingness to take responsibility. Collaboration is acceptable, although coordination could be more proactive. In quality assurance responsibilities, he communicates quality risks early, but should communicate blockers earlier. The team can work with him effectively when expectations are clear. Overall, he meets many expectations, but more consistency would make the appraisal stronger. From a subordinate perspective, he supports the team well and gives useful direction when priorities change. Time discipline is a strength, and scheduled discussions or deliverables are usually respected. Leadership is visible through initiative, guidance, and willingness to take responsibility. In quality assurance responsibilities, he supports release validation well and shows awareness of how his work affects project delivery. He usually treats questions professionally, but more open discussion would help junior members. Overall, he is viewed as a dependable contributor, with only minor areas to refine as responsibilities increase.",0.33,6,9,8,0.01,Strong Leadership Pattern,Stable Productivity Pattern,Moderate Communication Pattern,Moderate Collaboration Pattern,Active Learning Pattern,Learning-Oriented Contributor
E051,I04,P008,DevOps,1996-08-11,F,12,Operations,English,Sinhalese,"[""St. John's College""]",66.32,Medium,66.74,Medium,3,46,12,11,4,5.0,3.3333333333333335,1.6666666666666667,4.666666666666667,3.0,3.533333333333333,3.2,3.4,4.0,"She shows useful capability in DevOps and operational responsibilities, though performance is not yet consistent across all situations. Time discipline is a strength, and scheduled discussions or deliverables are usually respected. Leadership impact is limited, and more ownership is needed during planning and decision-making. In DevOps and operational responsibilities, she communicates operational risks clearly, but could document deployment steps better. Further improvement should be tracked through upcoming sprint outcomes and communication patterns. Overall, she meets many expectations, but more consistency would make the appraisal stronger. As a peer, I see her as capable, but she could be more consistent in sharing progress with the team. Time discipline is a strength, and scheduled discussions or deliverables are usually respected. Leadership impact is limited, and more ownership is needed during planning and decision-making. In DevOps and operational responsibilities, she keeps environments stable, but should improve handover notes. She is generally approachable, although response quality changes when workload increases. Overall, she meets many expectations, but more consistency would make the appraisal stronger. She provides direction when needed, but the level of guidance can vary depending on project pressure. Time discipline is a strength, and scheduled discussions or deliverables are usually respected. Communication is generally understandable, but updates are not always timely or complete. In DevOps and operational responsibilities, she responds well during deployment issues, but sometimes needs faster escalation during incidents. The guidance received from her influences how confidently others handle their tasks. Overall, she meets many expectations, but more consistency would make the appraisal stronger.",0.14,7,9,2,0.17,Low Leadership Visibility,Stable Productivity Pattern,Moderate Communication Pattern,Strong Team Collaboration Pattern,Active Learning Pattern,Learning-Oriented Contributor
E052,I05,P009,PM,1991-01-20,F,5,Management,English,Tamil,['Ladies College'],64.5,Medium,65.08,Medium,4,55,32,12,2,2.6666666666666665,3.6666666666666665,3.0,2.6666666666666665,1.3333333333333333,2.6666666666666665,2.2,3.0,2.8,"She has shown potential, but several gaps in execution and communication affected the team’s workflow. Communication should improve because missing or late updates can delay decisions. Collaboration needs improvement because gaps in follow-up can create confusion for others. In project management responsibilities, she shows potential, but sometimes centralizes discussion. The rating reflects both measurable work output and observed behaviour in project situations. Overall, she needs focused improvement and closer review in the next appraisal cycle. She has technical or functional ability, but gaps in coordination sometimes create additional effort for others. Communication should improve because missing or late updates can delay decisions. Collaboration is acceptable, although coordination could be more proactive. In project management responsibilities, she shows potential, but could delegate decisions more consistently. Peer collaboration would improve further if she shared blockers earlier. Overall, she needs focused improvement and closer review in the next appraisal cycle. From a subordinate perspective, she needs to improve communication around decisions and expectations. Communication should improve because missing or late updates can delay decisions. Punctuality needs improvement because delays sometimes affect coordination and planning. In project management responsibilities, she shows potential, but should improve transparency during priority changes. The guidance received from her influences how confidently others handle their tasks. Overall, she needs focused improvement and closer review in the next appraisal cycle.",-0.92,9,6,8,0.17,Emerging Leadership Pattern,Stable Productivity Pattern,Communication Improvement Needed,Collaboration Support Needed,Active Learning Pattern,Communication Development Required
E053,I05,P009,SE,1992-10-06,M,12,Engineering,Sinhala,Tamil,['Holy Family'],68.43,Medium,68.16,Medium,4,22,22,13,4,4.333333333333333,2.6666666666666665,4.333333333333333,1.6666666666666667,4.666666666666667,3.533333333333333,3.2,3.8,3.6,"He has completed assigned responsibilities at an acceptable level, but stronger follow-through would improve overall contribution. Leadership is visible through initiative, guidance, and willingness to take responsibility. Collaboration needs improvement because gaps in follow-up can create confusion for others. In software engineering tasks, he supports debugging discussions, but sometimes delays status updates. The rating reflects both measurable work output and observed behaviour in project situations. Overall, he meets many expectations, but more consistency would make the appraisal stronger. As a peer, I see him as capable, but he could be more consistent in sharing progress with the team. Time discipline is a strength, and scheduled discussions or deliverables are usually respected. Collaboration needs improvement because gaps in follow-up can create confusion for others. In software engineering tasks, he clarifies technical dependencies, but could document changes more consistently. He is generally approachable, although response quality changes when workload increases. Overall, he meets many expectations, but more consistency would make the appraisal stronger. He provides direction when needed, but the level of guidance can vary depending on project pressure. Time discipline is a strength, and scheduled discussions or deliverables are usually respected. Collaboration needs improvement because gaps in follow-up can create confusion for others. In software engineering tasks, he handles implementation details carefully, but sometimes delays status updates. He usually treats questions professionally, but more open discussion would help junior members. Overall, he meets many expectations, but more consistency would make the appraisal stronger.",-0.16,8,6,7,0.09,Strong Leadership Pattern,Stable Productivity Pattern,Clear and Responsive Communicator,Collaboration Support Needed,Active Learning Pattern,Teamwork Development Required
E054,I05,P009,DevOps,1999-11-27,M,4,Operations,English,Sinhalese,['Ananda College'],64.18,Medium,65.02,Medium,4,25,33,9,5,3.6666666666666665,1.6666666666666667,4.333333333333333,3.0,2.0,2.9333333333333336,3.4,3.2,2.2,"He has met most expectations during this cycle, although there are still areas where consistency can improve. Time discipline is a strength, and scheduled discussions or deliverables are usually respected. Communication should improve because missing or late updates can delay decisions. In DevOps and operational responsibilities, he supports automation tasks effectively, but needs more proactive monitoring follow-up. This assessment is based on observed delivery, team interaction, and the quality of contribution during the cycle. Overall, he meets many expectations, but more consistency would make the appraisal stronger. Working with him is generally manageable, although communication and follow-up can vary depending on workload. Leadership is visible through initiative, guidance, and willingness to take responsibility. Problem solving needs development, particularly when issues are unclear or require independent analysis. In DevOps and operational responsibilities, he keeps environments stable, but could document deployment steps better. Peer collaboration would improve further if he shared blockers earlier. Overall, he meets many expectations, but more consistency would make the appraisal stronger. He may have good intentions, but inconsistent guidance sometimes affects team confidence and planning. Communication should improve because missing or late updates can delay decisions. Problem solving needs development, particularly when issues are unclear or require independent analysis. In DevOps and operational responsibilities, he shows potential, but needs more proactive monitoring follow-up. The guidance received from him influences how confidently others handle their tasks. Overall, he needs focused improvement and closer review in the next appraisal cycle.",-0.25,6,8,5,0.41,Strong Leadership Pattern,Stable Productivity Pattern,Communication Improvement Needed,Moderate Collaboration Pattern,Moderate Learning Pattern,Communication Development Required
E055,I05,P010,PM,2003-05-27,F,6,Management,Tamil,Sinhalese,['Ananda College'],72.77,Medium,71.02,Medium,4,30,21,11,4,2.6666666666666665,2.0,3.3333333333333335,2.3333333333333335,3.0,2.6666666666666665,2.8,2.2,3.0,"She has faced difficulty maintaining consistent delivery during this cycle, particularly when work became time-sensitive. Collaboration needs improvement because gaps in follow-up can create confusion for others. Punctuality needs improvement because delays sometimes affect coordination and planning. In project management responsibilities, she shows potential, but needs to balance delivery pressure with team input. The rating reflects both measurable work output and observed behaviour in project situations. Overall, she needs focused improvement and closer review in the next appraisal cycle. She has technical or functional ability, but gaps in coordination sometimes create additional effort for others. Collaboration needs improvement because gaps in follow-up can create confusion for others. Problem solving needs development, particularly when issues are unclear or require independent analysis. In project management responsibilities, she shows potential, but sometimes centralizes discussion. She is generally approachable, although response quality changes when workload increases. Overall, she needs focused improvement and closer review in the next appraisal cycle. She sometimes gives unclear direction, which can make it difficult for others to prioritize work confidently. Communication should improve because missing or late updates can delay decisions. Problem solving needs development, particularly when issues are unclear or require independent analysis. In project management responsibilities, she shows potential, but should improve transparency during priority changes. Team members benefit when she explains decisions clearly instead of only giving instructions. Overall, she needs focused improvement and closer review in the next appraisal cycle.",-0.69,3,3,7,0.17,Emerging Leadership Pattern,Stable Productivity Pattern,Moderate Communication Pattern,Collaboration Support Needed,Active Learning Pattern,Teamwork Development Required
E056,I05,P010,SE,1998-02-13,F,5,Engineering,English,Sinhalese,['Musaeus College'],63.62,Medium,64.2,Medium,1,20,16,5,5,4.333333333333333,1.3333333333333333,1.3333333333333333,1.6666666666666667,4.333333333333333,2.6,2.6,2.6,2.6,"She has faced difficulty maintaining consistent delivery during this cycle, particularly when work became time-sensitive. Leadership impact is limited, and more ownership is needed during planning and decision-making. Problem solving needs development, particularly when issues are unclear or require independent analysis. In software engineering tasks, she shows potential, but could document changes more consistently. This assessment is based on observed delivery, team interaction, and the quality of contribution during the cycle. Overall, she needs focused improvement and closer review in the next appraisal cycle. Working with her can be challenging when deadlines are tight because updates are sometimes delayed. Problem solving needs development, particularly when issues are unclear or require independent analysis. Collaboration needs improvement because gaps in follow-up can create confusion for others. In software engineering tasks, she shows potential, but sometimes delays status updates. Peer collaboration would improve further if she shared blockers earlier. Overall, she needs focused improvement and closer review in the next appraisal cycle. From a subordinate perspective, she needs to improve communication around decisions and expectations. Collaboration needs improvement because gaps in follow-up can create confusion for others. Leadership impact is limited, and more ownership is needed during planning and decision-making. In software engineering tasks, she shows potential, but should take more ownership during complex defects. She usually treats questions professionally, but more open discussion would help junior members. Overall, she needs focused improvement and closer review in the next appraisal cycle.",-0.77,5,8,6,0.0,Low Leadership Visibility,Stable Productivity Pattern,Clear and Responsive Communicator,Collaboration Support Needed,Moderate Learning Pattern,Teamwork Development Required
E057,I05,P010,SE,1995-08-26,F,3,Engineering,Tamil,Sinhalese,['Nalanda College'],66.08,Medium,65.72,Medium,3,46,17,4,3,2.6666666666666665,4.666666666666667,3.3333333333333335,2.3333333333333335,4.333333333333333,3.466666666666667,3.2,3.4,3.8,"She has completed assigned responsibilities at an acceptable level, but stronger follow-through would improve overall contribution. Problem solving is strong, especially when unexpected issues require practical decisions. Collaboration needs improvement because gaps in follow-up can create confusion for others. In software engineering tasks, she handles implementation details carefully, but sometimes delays status updates. The rating reflects both measurable work output and observed behaviour in project situations. Overall, she meets many expectations, but more consistency would make the appraisal stronger. Working with her is generally manageable, although communication and follow-up can vary depending on workload. Problem solving is strong, especially when unexpected issues require practical decisions. Collaboration is acceptable, although coordination could be more proactive. In software engineering tasks, she supports debugging discussions, but should take more ownership during complex defects. The team can work with her effectively when expectations are clear. Overall, she meets many expectations, but more consistency would make the appraisal stronger. From a subordinate perspective, she is generally supportive, although decisions are sometimes communicated late. Problem solving is strong, especially when unexpected issues require practical decisions. Collaboration needs improvement because gaps in follow-up can create confusion for others. In software engineering tasks, she supports debugging discussions, but sometimes delays status updates. The guidance received from her influences how confidently others handle their tasks. Overall, she meets many expectations, but more consistency would make the appraisal stronger.",0.3,7,6,8,0.09,Emerging Leadership Pattern,Stable Productivity Pattern,Moderate Communication Pattern,Collaboration Support Needed,Low Learning Engagement,Teamwork Development Required
E058,I05,P010,QA,2002-07-01,F,11,QA,Tamil,Sinhalese,['Nalanda College'],70.25,Medium,69.69,Medium,3,35,30,9,5,4.666666666666667,4.333333333333333,1.3333333333333333,4.666666666666667,2.6666666666666665,3.533333333333333,3.8,3.6,3.2,"She has completed assigned responsibilities at an acceptable level, but stronger follow-through would improve overall contribution. Time discipline is a strength, and scheduled discussions or deliverables are usually respected. Leadership impact is limited, and more ownership is needed during planning and decision-making. In quality assurance responsibilities, she maintains useful test coverage, but needs stronger attention to edge cases. The rating reflects both measurable work output and observed behaviour in project situations. Overall, she meets many expectations, but more consistency would make the appraisal stronger. As a peer, I see her as capable, but she could be more consistent in sharing progress with the team. Time discipline is a strength, and scheduled discussions or deliverables are usually respected. Communication should improve because missing or late updates can delay decisions. In quality assurance responsibilities, she identifies defects clearly, but sometimes needs faster turnaround on retesting. The team can work with her effectively when expectations are clear. Overall, she meets many expectations, but more consistency would make the appraisal stronger. She provides direction when needed, but the level of guidance can vary depending on project pressure. Collaboration is effective, and team members are usually included in relevant discussions. Leadership impact is limited, and more ownership is needed during planning and decision-making. In quality assurance responsibilities, she communicates quality risks early, but should communicate blockers earlier. The guidance received from her influences how confidently others handle their tasks. Overall, she meets many expectations, but more consistency would make the appraisal stronger.",0.2,6,10,6,0.09,Low Leadership Visibility,Stable Productivity Pattern,Communication Improvement Needed,Strong Team Collaboration Pattern,Moderate Learning Pattern,Communication Development Required
E059,I06,P011,PM,1995-06-03,F,3,Management,Sinhala,Tamil,['Musaeus College'],67.78,Medium,67.22,Medium,1,59,28,12,2,4.333333333333333,5.0,2.6666666666666665,3.3333333333333335,3.3333333333333335,3.733333333333333,3.2,3.8,4.2,"She has completed assigned responsibilities at an acceptable level, but stronger follow-through would improve overall contribution. Problem solving is strong, especially when unexpected issues require practical decisions. Leadership impact is limited, and more ownership is needed during planning and decision-making. In project management responsibilities, she keeps the team aligned, but could delegate decisions more consistently. The rating reflects both measurable work output and observed behaviour in project situations. Overall, she meets many expectations, but more consistency would make the appraisal stronger. She contributes to the team, but there are moments where clearer coordination would make collaboration easier. Time discipline is a strength, and scheduled discussions or deliverables are usually respected. Leadership impact is limited, and more ownership is needed during planning and decision-making. In project management responsibilities, she supports planning discussions well, but needs to balance delivery pressure with team input. Peer collaboration would improve further if she shared blockers earlier. Overall, she meets many expectations, but more consistency would make the appraisal stronger. From a subordinate perspective, she supports the team well and gives useful direction when priorities change. Time discipline is a strength, and scheduled discussions or deliverables are usually respected. Problem solving is strong, especially when unexpected issues require practical decisions. In project management responsibilities, she supports planning discussions well and shows awareness of how her work affects project delivery. Team members benefit when she explains decisions clearly instead of only giving instructions. Overall, she is viewed as a dependable contributor, with only minor areas to refine as responsibilities increase.",0.37,4,11,13,0.25,Low Leadership Visibility,Stable Productivity Pattern,Moderate Communication Pattern,Moderate Collaboration Pattern,Active Learning Pattern,Learning-Oriented Contributor
E060,I06,P011,SE,2000-06-12,M,12,Engineering,English,Tamil,['Visakha Vidyalaya'],62.6,Medium,63.77,Medium,2,51,11,6,4,4.666666666666667,1.3333333333333333,3.6666666666666665,1.6666666666666667,2.3333333333333335,2.733333333333333,2.4,2.8,3.0,"He has faced difficulty maintaining consistent delivery during this cycle, particularly when work became time-sensitive. Communication should improve because missing or late updates can delay decisions. Collaboration needs improvement because gaps in follow-up can create confusion for others. In software engineering tasks, he shows potential, but should take more ownership during complex defects. The rating reflects both measurable work output and observed behaviour in project situations. Overall, he needs focused improvement and closer review in the next appraisal cycle. As a peer, I feel he needs to improve consistency in communication and task ownership. Collaboration needs improvement because gaps in follow-up can create confusion for others. Problem solving needs development, particularly when issues are unclear or require independent analysis. In software engineering tasks, he shows potential, but sometimes delays status updates. He is generally approachable, although response quality changes when workload increases. Overall, he needs focused improvement and closer review in the next appraisal cycle. From a subordinate perspective, he needs to improve communication around decisions and expectations. Problem solving needs development, particularly when issues are unclear or require independent analysis. Collaboration needs improvement because gaps in follow-up can create confusion for others. In software engineering tasks, he shows potential, but needs to improve estimation accuracy. He usually treats questions professionally, but more open discussion would help junior members. Overall, he needs focused improvement and closer review in the next appraisal cycle.",-0.81,7,4,5,0.09,Emerging Leadership Pattern,Stable Productivity Pattern,Communication Improvement Needed,Collaboration Support Needed,Moderate Learning Pattern,Communication Development Required
E061,I06,P011,SE,1992-11-09,M,4,Engineering,Sinhala,Tamil,"[""St. John's College""]",63.08,Medium,63.96,Medium,0,46,10,5,4,3.0,3.6666666666666665,4.333333333333333,3.3333333333333335,1.6666666666666667,3.1999999999999997,3.2,3.4,3.0,"He shows useful capability in software engineering tasks, though performance is not yet consistent across all situations. Time discipline is a strength, and scheduled discussions or deliverables are usually respected. Communication should improve because missing or late updates can delay decisions. In software engineering tasks, he writes maintainable code, but sometimes delays status updates. Further improvement should be tracked through upcoming sprint outcomes and communication patterns. Overall, he meets many expectations, but more consistency would make the appraisal stronger. He contributes to the team, but there are moments where clearer coordination would make collaboration easier. Collaboration is effective, and team members are usually included in relevant discussions. Communication should improve because missing or late updates can delay decisions. In software engineering tasks, he supports debugging discussions, but sometimes delays status updates. The team can work with him effectively when expectations are clear. Overall, he meets many expectations, but more consistency would make the appraisal stronger. He may have good intentions, but inconsistent guidance sometimes affects team confidence and planning. Collaboration needs improvement because gaps in follow-up can create confusion for others. Punctuality needs improvement because delays sometimes affect coordination and planning. In software engineering tasks, he shows potential, but should take more ownership during complex defects. Team members benefit when he explains decisions clearly instead of only giving instructions. Overall, he needs focused improvement and closer review in the next appraisal cycle.",-0.13,12,5,13,0.04,Strong Leadership Pattern,Stable Productivity Pattern,Communication Improvement Needed,Moderate Collaboration Pattern,Moderate Learning Pattern,Communication Development Required
E062,I06,P011,SE,1989-01-15,F,10,Engineering,Sinhala,Sinhalese,['Ananda College'],60.28,Medium,61.48,Medium,2,42,14,5,3,3.6666666666666665,4.666666666666667,3.6666666666666665,5.0,3.0,4.0,4.0,4.2,3.8,"She shows useful capability in software engineering tasks, though performance is not yet consistent across all situations. Collaboration is effective, and team members are usually included in relevant discussions. Leadership is present in some situations, but stronger initiative would improve team confidence. In software engineering tasks, she clarifies technical dependencies, but could document changes more consistently. The rating reflects both measurable work output and observed behaviour in project situations. Overall, she meets many expectations, but more consistency would make the appraisal stronger. Working with her has generally been a positive experience because she contributes constructively during team tasks. Time discipline is a strength, and scheduled discussions or deliverables are usually respected. Problem solving is strong, especially when unexpected issues require practical decisions. In software engineering tasks, she clarifies technical dependencies and shows awareness of how her work affects project delivery. The team can work with her effectively when expectations are clear. Overall, she is viewed as a dependable contributor, with only minor areas to refine as responsibilities increase. She provides direction when needed, but the level of guidance can vary depending on project pressure. Problem solving is strong, especially when unexpected issues require practical decisions. Punctuality needs improvement because delays sometimes affect coordination and planning. In software engineering tasks, she supports debugging discussions, but needs to improve estimation accuracy. The guidance received from her influences how confidently others handle their tasks. Overall, she meets many expectations, but more consistency would make the appraisal stronger.",0.37,3,7,8,0.04,Emerging Leadership Pattern,Stable Productivity Pattern,Moderate Communication Pattern,Moderate Collaboration Pattern,Moderate Learning Pattern,Balanced Contributor
E063,I06,P011,SE,2003-05-25,F,10,Engineering,English,Tamil,['Royal College'],68.37,Medium,69.04,Medium,3,37,20,4,2,1.6666666666666667,3.6666666666666665,4.666666666666667,4.333333333333333,5.0,3.8666666666666667,4.0,4.0,3.6,"She shows useful capability in software engineering tasks, though performance is not yet consistent across all situations. Collaboration is effective, and team members are usually included in relevant discussions. Punctuality needs improvement because delays sometimes affect coordination and planning. In software engineering tasks, she supports debugging discussions, but should take more ownership during complex defects. This assessment is based on observed delivery, team interaction, and the quality of contribution during the cycle. Overall, she meets many expectations, but more consistency would make the appraisal stronger. As a peer, I see her as capable, but she could be more consistent in sharing progress with the team. Leadership is visible through initiative, guidance, and willingness to take responsibility. Punctuality needs improvement because delays sometimes affect coordination and planning. In software engineering tasks, she clarifies technical dependencies, but needs to improve estimation accuracy. She is generally approachable, although response quality changes when workload increases. Overall, she meets many expectations, but more consistency would make the appraisal stronger. She helps the team progress, but there are areas where communication and delegation could improve. Leadership is visible through initiative, guidance, and willingness to take responsibility. Punctuality needs improvement because delays sometimes affect coordination and planning. In software engineering tasks, she handles implementation details carefully, but sometimes delays status updates. Team members benefit when she explains decisions clearly instead of only giving instructions. Overall, she meets many expectations, but more consistency would make the appraisal stronger.",-0.2,5,10,13,0.05,Strong Leadership Pattern,Stable Productivity Pattern,Moderate Communication Pattern,Moderate Collaboration Pattern,Low Learning Engagement,Balanced Contributor
E064,I06,P011,QA,1998-08-21,M,11,QA,Tamil,Sinhalese,['Royal College'],65.32,Medium,65.7,Medium,2,49,31,8,3,2.0,1.6666666666666667,4.0,3.3333333333333335,3.0,2.8000000000000003,2.8,3.2,2.4,"He requires closer follow-up to ensure assigned responsibilities are completed with the expected level of quality. Problem solving needs development, particularly when issues are unclear or require independent analysis. Collaboration needs improvement because gaps in follow-up can create confusion for others. In quality assurance responsibilities, he shows potential, but sometimes needs faster turnaround on retesting. This assessment is based on observed delivery, team interaction, and the quality of contribution during the cycle. Overall, he needs focused improvement and closer review in the next appraisal cycle. As a peer, I see him as capable, but he could be more consistent in sharing progress with the team. Leadership is visible through initiative, guidance, and willingness to take responsibility. Problem solving needs development, particularly when issues are unclear or require independent analysis. In quality assurance responsibilities, he maintains useful test coverage, but should communicate blockers earlier. He is generally approachable, although response quality changes when workload increases. Overall, he meets many expectations, but more consistency would make the appraisal stronger. From a subordinate perspective, he needs to improve communication around decisions and expectations. Punctuality needs improvement because delays sometimes affect coordination and planning. Communication should improve because missing or late updates can delay decisions. In quality assurance responsibilities, he shows potential, but sometimes needs faster turnaround on retesting. He usually treats questions professionally, but more open discussion would help junior members. Overall, he needs focused improvement and closer review in the next appraisal cycle.",-0.65,4,6,6,0.16,Strong Leadership Pattern,Stable Productivity Pattern,Moderate Communication Pattern,Moderate Collaboration Pattern,Moderate Learning Pattern,Balanced Contributor
E065,I06,P011,QA,1989-03-16,M,10,QA,Tamil,Tamil,['Ananda College'],64.68,Medium,64.76,Medium,0,24,19,13,2,5.0,4.0,5.0,4.333333333333333,2.3333333333333335,4.133333333333334,4.2,4.0,4.2,"He has shown dependable ownership of quality assurance responsibilities and has handled assigned responsibilities with limited supervision. Time discipline is a strength, and scheduled discussions or deliverables are usually respected. Leadership is visible through initiative, guidance, and willingness to take responsibility. In quality assurance responsibilities, he maintains useful test coverage and shows awareness of how his work affects project delivery. The rating reflects both measurable work output and observed behaviour in project situations. Overall, he is viewed as a dependable contributor, with only minor areas to refine as responsibilities increase. As a peer, I see him as capable, but he could be more consistent in sharing progress with the team. Time discipline is a strength, and scheduled discussions or deliverables are usually respected. Communication should improve because missing or late updates can delay decisions. In quality assurance responsibilities, he supports release validation well, but sometimes needs faster turnaround on retesting. The team can work with him effectively when expectations are clear. Overall, he meets many expectations, but more consistency would make the appraisal stronger. He generally creates a supportive working environment and responds professionally to questions or concerns. Time discipline is a strength, and scheduled discussions or deliverables are usually respected. Leadership is visible through initiative, guidance, and willingness to take responsibility. In quality assurance responsibilities, he supports release validation well and shows awareness of how his work affects project delivery. The guidance received from him influences how confidently others handle their tasks. Overall, he is viewed as a dependable contributor, with only minor areas to refine as responsibilities increase.",0.47,5,11,6,0.01,Strong Leadership Pattern,Stable Productivity Pattern,Communication Improvement Needed,Moderate Collaboration Pattern,Active Learning Pattern,Communication Development Required
E066,I06,P011,DevOps,2001-05-20,F,3,Operations,English,Tamil,['Holy Family'],73.27,Medium,73.31,Medium,3,24,29,5,2,4.666666666666667,4.666666666666667,5.0,3.3333333333333335,5.0,4.533333333333333,4.4,4.6,4.6,"She has delivered a strong performance during this cycle, especially in relation to deployment reliability, incident handling, automation, and environment stability. Leadership is visible through initiative, guidance, and willingness to take responsibility. Communication is clear and timely, which helps the team understand progress and risks. In DevOps and operational responsibilities, she keeps environments stable and shows awareness of how her work affects project delivery. The rating reflects both measurable work output and observed behaviour in project situations. Overall, she is viewed as a dependable contributor, with only minor areas to refine as responsibilities increase. She is approachable during discussions and usually helps the team move forward when blockers appear. Time discipline is a strength, and scheduled discussions or deliverables are usually respected. Problem solving is strong, especially when unexpected issues require practical decisions. In DevOps and operational responsibilities, she supports automation tasks effectively and shows awareness of how her work affects project delivery. Peer collaboration would improve further if she shared blockers earlier. Overall, she is viewed as a dependable contributor, with only minor areas to refine as responsibilities increase. From a subordinate perspective, she supports the team well and gives useful direction when priorities change. Time discipline is a strength, and scheduled discussions or deliverables are usually respected. Problem solving is strong, especially when unexpected issues require practical decisions. In DevOps and operational responsibilities, she responds well during deployment issues and shows awareness of how her work affects project delivery. She usually treats questions professionally, but more open discussion would help junior members. Overall, she is viewed as a dependable contributor, with only minor areas to refine as responsibilities increase.",0.86,5,7,8,0.01,Strong Leadership Pattern,Stable Productivity Pattern,Clear and Responsive Communicator,Moderate Collaboration Pattern,Moderate Learning Pattern,Balanced Contributor
E067,I06,P012,PM,1989-08-28,M,4,Management,Tamil,Tamil,['Nalanda College'],68.08,Medium,67.93,Medium,4,22,29,12,3,1.6666666666666667,4.333333333333333,1.0,4.666666666666667,2.0,2.733333333333333,2.8,2.8,2.6,"He has shown potential, but several gaps in execution and communication affected the team’s workflow. Leadership impact is limited, and more ownership is needed during planning and decision-making. Communication should improve because missing or late updates can delay decisions. In project management responsibilities, he shows potential, but sometimes centralizes discussion. This assessment is based on observed delivery, team interaction, and the quality of contribution during the cycle. Overall, he needs focused improvement and closer review in the next appraisal cycle. As a peer, I feel he needs to improve consistency in communication and task ownership. Leadership impact is limited, and more ownership is needed during planning and decision-making. Punctuality needs improvement because delays sometimes affect coordination and planning. In project management responsibilities, he shows potential, but sometimes centralizes discussion. The team can work with him effectively when expectations are clear. Overall, he needs focused improvement and closer review in the next appraisal cycle. He may have good intentions, but inconsistent guidance sometimes affects team confidence and planning. Communication should improve because missing or late updates can delay decisions. Leadership impact is limited, and more ownership is needed during planning and decision-making. In project management responsibilities, he shows potential, but needs to balance delivery pressure with team input. Team members benefit when he explains decisions clearly instead of only giving instructions. Overall, he needs focused improvement and closer review in the next appraisal cycle.",-0.68,8,14,9,0.01,Low Leadership Visibility,Stable Productivity Pattern,Communication Improvement Needed,Moderate Collaboration Pattern,Active Learning Pattern,Communication Development Required
E068,I06,P012,SE,1999-03-22,F,6,Engineering,Tamil,Tamil,['Ananda College'],79.43,High,74.04,Medium,0,36,11,9,5,2.6666666666666665,3.0,4.666666666666667,3.3333333333333335,1.6666666666666667,3.0666666666666664,3.2,3.2,2.8,"She has completed assigned responsibilities at an acceptable level, but stronger follow-through would improve overall contribution. Leadership is visible through initiative, guidance, and willingness to take responsibility. Communication should improve because missing or late updates can delay decisions. In software engineering tasks, she writes maintainable code, but could document changes more consistently. Further improvement should be tracked through upcoming sprint outcomes and communication patterns. Overall, she meets many expectations, but more consistency would make the appraisal stronger. As a peer, I see her as capable, but she could be more consistent in sharing progress with the team. Leadership is visible through initiative, guidance, and willingness to take responsibility. Communication should improve because missing or late updates can delay decisions. In software engineering tasks, she supports debugging discussions, but sometimes delays status updates. She is generally approachable, although response quality changes when workload increases. Overall, she meets many expectations, but more consistency would make the appraisal stronger. From a subordinate perspective, she needs to improve communication around decisions and expectations. Communication should improve because missing or late updates can delay decisions. Punctuality needs improvement because delays sometimes affect coordination and planning. In software engineering tasks, she shows potential, but should take more ownership during complex defects. Team members benefit when she explains decisions clearly instead of only giving instructions. Overall, she needs focused improvement and closer review in the next appraisal cycle.",-0.47,11,14,6,0.05,Strong Leadership Pattern,Stable Productivity Pattern,Communication Improvement Needed,Moderate Collaboration Pattern,Moderate Learning Pattern,Communication Development Required
E069,I06,P012,SE,1990-02-13,F,9,Engineering,Sinhala,Sinhalese,['Musaeus College'],69.62,Medium,68.19,Medium,3,26,22,11,2,4.666666666666667,2.6666666666666665,2.0,3.6666666666666665,5.0,3.6,3.6,3.4,3.8,"She has completed assigned responsibilities at an acceptable level, but stronger follow-through would improve overall contribution. Time discipline is a strength, and scheduled discussions or deliverables are usually respected. Leadership impact is limited, and more ownership is needed during planning and decision-making. In software engineering tasks, she supports debugging discussions, but needs to improve estimation accuracy. Further improvement should be tracked through upcoming sprint outcomes and communication patterns. Overall, she meets many expectations, but more consistency would make the appraisal stronger. She contributes to the team, but there are moments where clearer coordination would make collaboration easier. Time discipline is a strength, and scheduled discussions or deliverables are usually respected. Leadership impact is limited, and more ownership is needed during planning and decision-making. In software engineering tasks, she writes maintainable code, but needs to improve estimation accuracy. She is generally approachable, although response quality changes when workload increases. Overall, she meets many expectations, but more consistency would make the appraisal stronger. From a subordinate perspective, she is generally supportive, although decisions are sometimes communicated late. Collaboration is effective, and team members are usually included in relevant discussions. Leadership impact is limited, and more ownership is needed during planning and decision-making. In software engineering tasks, she clarifies technical dependencies, but should take more ownership during complex defects. She usually treats questions professionally, but more open discussion would help junior members. Overall, she meets many expectations, but more consistency would make the appraisal stronger.",0.1,6,11,9,0.04,Low Leadership Visibility,Stable Productivity Pattern,Clear and Responsive Communicator,Moderate Collaboration Pattern,Active Learning Pattern,Learning-Oriented Contributor
E070,I06,P012,QA,1988-02-10,M,6,QA,Sinhala,Tamil,['Nalanda College'],71.78,Medium,70.28,Medium,1,42,25,10,4,4.666666666666667,3.6666666666666665,5.0,3.3333333333333335,4.666666666666667,4.266666666666667,4.0,4.4,4.4,"He has completed assigned responsibilities at an acceptable level, but stronger follow-through would improve overall contribution. Time discipline is a strength, and scheduled discussions or deliverables are usually respected. Problem solving needs development, particularly when issues are unclear or require independent analysis. In quality assurance responsibilities, he maintains useful test coverage, but sometimes needs faster turnaround on retesting. This assessment is based on observed delivery, team interaction, and the quality of contribution during the cycle. Overall, he meets many expectations, but more consistency would make the appraisal stronger. He is approachable during discussions and usually helps the team move forward when blockers appear. Problem solving is strong, especially when unexpected issues require practical decisions. Leadership is visible through initiative, guidance, and willingness to take responsibility. In quality assurance responsibilities, he supports release validation well and shows awareness of how his work affects project delivery. The team can work with him effectively when expectations are clear. Overall, he is viewed as a dependable contributor, with only minor areas to refine as responsibilities increase. From a subordinate perspective, he supports the team well and gives useful direction when priorities change. Time discipline is a strength, and scheduled discussions or deliverables are usually respected. Leadership is visible through initiative, guidance, and willingness to take responsibility. In quality assurance responsibilities, he identifies defects clearly and shows awareness of how his work affects project delivery. The guidance received from him influences how confidently others handle their tasks. Overall, he is viewed as a dependable contributor, with only minor areas to refine as responsibilities increase.",0.56,3,11,6,0.05,Strong Leadership Pattern,Stable Productivity Pattern,Moderate Communication Pattern,Moderate Collaboration Pattern,Active Learning Pattern,Learning-Oriented Contributor
E071,I06,P012,DevOps,2003-05-11,M,5,Operations,English,Sinhalese,['Jaffna Hindu'],70.62,Medium,70.93,Medium,4,55,10,10,5,2.0,5.0,5.0,4.333333333333333,2.3333333333333335,3.733333333333333,3.6,4.0,3.6,"He shows useful capability in DevOps and operational responsibilities, though performance is not yet consistent across all situations. Problem solving is strong, especially when unexpected issues require practical decisions. Communication should improve because missing or late updates can delay decisions. In DevOps and operational responsibilities, he responds well during deployment issues, but should improve handover notes. Further improvement should be tracked through upcoming sprint outcomes and communication patterns. Overall, he meets many expectations, but more consistency would make the appraisal stronger. He contributes to the team, but there are moments where clearer coordination would make collaboration easier. Problem solving is strong, especially when unexpected issues require practical decisions. Punctuality needs improvement because delays sometimes affect coordination and planning. In DevOps and operational responsibilities, he communicates operational risks clearly, but sometimes needs faster escalation during incidents. He is generally approachable, although response quality changes when workload increases. Overall, he meets many expectations, but more consistency would make the appraisal stronger. He provides direction when needed, but the level of guidance can vary depending on project pressure. Problem solving is strong, especially when unexpected issues require practical decisions. Punctuality needs improvement because delays sometimes affect coordination and planning. In DevOps and operational responsibilities, he supports automation tasks effectively, but should improve handover notes. Team members benefit when he explains decisions clearly instead of only giving instructions. Overall, he meets many expectations, but more consistency would make the appraisal stronger.",0.0,4,7,8,0.05,Strong Leadership Pattern,Stable Productivity Pattern,Communication Improvement Needed,Strong Team Collaboration Pattern,Active Learning Pattern,Collaborative Leader
E072,I07,P013,PM,1985-03-16,F,2,Management,English,Tamil,['Ladies College'],72.98,Medium,71.73,Medium,1,48,35,12,4,4.333333333333333,1.6666666666666667,1.0,2.0,1.6666666666666667,2.1333333333333333,1.8,2.8,1.8,"She has shown potential, but several gaps in execution and communication affected the team’s workflow. Communication should improve because missing or late updates can delay decisions. Collaboration needs improvement because gaps in follow-up can create confusion for others. In project management responsibilities, she shows potential, but should improve transparency during priority changes. The rating reflects both measurable work output and observed behaviour in project situations. Overall, she needs focused improvement and closer review in the next appraisal cycle. Working with her can be challenging when deadlines are tight because updates are sometimes delayed. Leadership impact is limited, and more ownership is needed during planning and decision-making. Problem solving needs development, particularly when issues are unclear or require independent analysis. In project management responsibilities, she shows potential, but needs to balance delivery pressure with team input. The team can work with her effectively when expectations are clear. Overall, she needs focused improvement and closer review in the next appraisal cycle. She may have good intentions, but inconsistent guidance sometimes affects team confidence and planning. Communication should improve because missing or late updates can delay decisions. Leadership impact is limited, and more ownership is needed during planning and decision-making. In project management responsibilities, she shows potential, but could delegate decisions more consistently. She usually treats questions professionally, but more open discussion would help junior members. Overall, she needs focused improvement and closer review in the next appraisal cycle.",-0.64,7,10,6,0.33,Low Leadership Visibility,Stable Productivity Pattern,Communication Improvement Needed,Collaboration Support Needed,Active Learning Pattern,Communication Development Required
E073,I07,P013,SE,1989-10-27,F,5,Engineering,Sinhala,Tamil,['Musaeus College'],69.83,Medium,69.8,Medium,2,55,17,4,2,2.6666666666666665,3.3333333333333335,2.6666666666666665,3.6666666666666665,4.333333333333333,3.3333333333333335,3.2,3.2,3.6,"She has met most expectations during this cycle, although there are still areas where consistency can improve. Collaboration is effective, and team members are usually included in relevant discussions. Problem solving needs development, particularly when issues are unclear or require independent analysis. In software engineering tasks, she clarifies technical dependencies, but could document changes more consistently. Further improvement should be tracked through upcoming sprint outcomes and communication patterns. Overall, she meets many expectations, but more consistency would make the appraisal stronger. Working with her is generally manageable, although communication and follow-up can vary depending on workload. Collaboration is effective, and team members are usually included in relevant discussions. Leadership impact is limited, and more ownership is needed during planning and decision-making. In software engineering tasks, she supports debugging discussions, but should take more ownership during complex defects. Peer collaboration would improve further if she shared blockers earlier. Overall, she meets many expectations, but more consistency would make the appraisal stronger. From a subordinate perspective, she is generally supportive, although decisions are sometimes communicated late. Problem solving is strong, especially when unexpected issues require practical decisions. Punctuality needs improvement because delays sometimes affect coordination and planning. In software engineering tasks, she handles implementation details carefully, but needs to improve estimation accuracy. Team members benefit when she explains decisions clearly instead of only giving instructions. Overall, she meets many expectations, but more consistency would make the appraisal stronger.",0.0,5,7,13,0.05,Low Leadership Visibility,Stable Productivity Pattern,Moderate Communication Pattern,Moderate Collaboration Pattern,Low Learning Engagement,Balanced Contributor
E074,I07,P013,SE,1990-06-22,M,9,Engineering,English,Sinhalese,['Jaffna Hindu'],67.5,Medium,66.91,Medium,0,42,25,6,5,2.3333333333333335,4.0,1.0,1.6666666666666667,1.6666666666666667,2.1333333333333333,2.4,2.0,2.0,"He has faced difficulty maintaining consistent delivery during this cycle, particularly when work became time-sensitive. Communication should improve because missing or late updates can delay decisions. Leadership impact is limited, and more ownership is needed during planning and decision-making. In software engineering tasks, he shows potential, but could document changes more consistently. Further improvement should be tracked through upcoming sprint outcomes and communication patterns. Overall, he needs focused improvement and closer review in the next appraisal cycle. As a peer, I feel he needs to improve consistency in communication and task ownership. Collaboration needs improvement because gaps in follow-up can create confusion for others. Leadership impact is limited, and more ownership is needed during planning and decision-making. In software engineering tasks, he shows potential, but needs to improve estimation accuracy. He is generally approachable, although response quality changes when workload increases. Overall, he needs focused improvement and closer review in the next appraisal cycle. He sometimes gives unclear direction, which can make it difficult for others to prioritize work confidently. Leadership impact is limited, and more ownership is needed during planning and decision-making. Communication should improve because missing or late updates can delay decisions. In software engineering tasks, he shows potential, but needs to improve estimation accuracy. Team members benefit when he explains decisions clearly instead of only giving instructions. Overall, he needs focused improvement and closer review in the next appraisal cycle.",-0.79,6,14,4,0.05,Low Leadership Visibility,Stable Productivity Pattern,Communication Improvement Needed,Collaboration Support Needed,Moderate Learning Pattern,Communication Development Required
E075,I07,P013,SE,1989-05-29,F,10,Engineering,English,Sinhalese,['Royal College'],65.23,Medium,65.1,Medium,0,59,19,4,4,4.666666666666667,4.0,4.333333333333333,4.666666666666667,3.6666666666666665,4.266666666666667,4.4,4.2,4.2,"She has delivered a strong performance during this cycle, especially in relation to implementation quality, code reviews, defect handling, and sprint delivery. Time discipline is a strength, and scheduled discussions or deliverables are usually respected. Leadership is visible through initiative, guidance, and willingness to take responsibility. In software engineering tasks, she writes maintainable code and shows awareness of how her work affects project delivery. This assessment is based on observed delivery, team interaction, and the quality of contribution during the cycle. Overall, she is viewed as a dependable contributor, with only minor areas to refine as responsibilities increase. She is approachable during discussions and usually helps the team move forward when blockers appear. Time discipline is a strength, and scheduled discussions or deliverables are usually respected. Problem solving is strong, especially when unexpected issues require practical decisions. In software engineering tasks, she clarifies technical dependencies and shows awareness of how her work affects project delivery. The team can work with her effectively when expectations are clear. Overall, she is viewed as a dependable contributor, with only minor areas to refine as responsibilities increase. From a subordinate perspective, she supports the team well and gives useful direction when priorities change. Problem solving is strong, especially when unexpected issues require practical decisions. Collaboration is effective, and team members are usually included in relevant discussions. In software engineering tasks, she writes maintainable code and shows awareness of how her work affects project delivery. Team members benefit when she explains decisions clearly instead of only giving instructions. Overall, she is viewed as a dependable contributor, with only minor areas to refine as responsibilities increase.",1.0,4,8,10,0.01,Strong Leadership Pattern,Stable Productivity Pattern,Moderate Communication Pattern,Strong Team Collaboration Pattern,Low Learning Engagement,Collaborative Leader
E076,I07,P013,SE,1989-02-24,F,6,Engineering,English,Tamil,['Jaffna Hindu'],66.22,Medium,65.92,Medium,4,23,25,6,3,4.666666666666667,1.0,3.3333333333333335,2.6666666666666665,2.3333333333333335,2.8000000000000003,2.6,3.0,2.8,"She has faced difficulty maintaining consistent delivery during this cycle, particularly when work became time-sensitive. Problem solving needs development, particularly when issues are unclear or require independent analysis. Communication should improve because missing or late updates can delay decisions. In software engineering tasks, she shows potential, but should take more ownership during complex defects. Further improvement should be tracked through upcoming sprint outcomes and communication patterns. Overall, she needs focused improvement and closer review in the next appraisal cycle. She has technical or functional ability, but gaps in coordination sometimes create additional effort for others. Problem solving needs development, particularly when issues are unclear or require independent analysis. Communication is generally understandable, but updates are not always timely or complete. In software engineering tasks, she shows potential, but could document changes more consistently. The team can work with her effectively when expectations are clear. Overall, she needs focused improvement and closer review in the next appraisal cycle. She sometimes gives unclear direction, which can make it difficult for others to prioritize work confidently. Problem solving needs development, particularly when issues are unclear or require independent analysis. Communication should improve because missing or late updates can delay decisions. In software engineering tasks, she shows potential, but sometimes delays status updates. The guidance received from her influences how confidently others handle their tasks. Overall, she needs focused improvement and closer review in the next appraisal cycle.",-0.45,9,5,2,0.04,Emerging Leadership Pattern,Stable Productivity Pattern,Communication Improvement Needed,Collaboration Support Needed,Moderate Learning Pattern,Communication Development Required
E077,I07,P013,QA,1994-01-26,F,3,QA,English,Sinhalese,['DS Senanayake'],72.73,Medium,73.22,Medium,4,40,15,3,4,1.6666666666666667,2.0,4.666666666666667,4.333333333333333,4.333333333333333,3.4,3.6,3.6,3.0,"She shows useful capability in quality assurance responsibilities, though performance is not yet consistent across all situations. Leadership is visible through initiative, guidance, and willingness to take responsibility. Punctuality needs improvement because delays sometimes affect coordination and planning. In quality assurance responsibilities, she identifies defects clearly, but could improve test documentation consistency. Further improvement should be tracked through upcoming sprint outcomes and communication patterns. Overall, she meets many expectations, but more consistency would make the appraisal stronger. As a peer, I see her as capable, but she could be more consistent in sharing progress with the team. Leadership is visible through initiative, guidance, and willingness to take responsibility. Problem solving needs development, particularly when issues are unclear or require independent analysis. In quality assurance responsibilities, she supports release validation well, but needs stronger attention to edge cases. Peer collaboration would improve further if she shared blockers earlier. Overall, she meets many expectations, but more consistency would make the appraisal stronger. She may have good intentions, but inconsistent guidance sometimes affects team confidence and planning. Problem solving needs development, particularly when issues are unclear or require independent analysis. Punctuality needs improvement because delays sometimes affect coordination and planning. In quality assurance responsibilities, she shows potential, but needs stronger attention to edge cases. The guidance received from her influences how confidently others handle their tasks. Overall, she needs focused improvement and closer review in the next appraisal cycle.",-0.23,1,10,8,0.12,Strong Leadership Pattern,Stable Productivity Pattern,Moderate Communication Pattern,Strong Team Collaboration Pattern,Low Learning Engagement,Collaborative Leader
E078,I07,P013,QA,2002-05-16,F,5,QA,English,Tamil,['Holy Family'],68.83,Medium,68.39,Medium,0,32,30,11,3,2.0,2.3333333333333335,1.3333333333333333,2.3333333333333335,2.6666666666666665,2.1333333333333333,2.2,2.2,2.0,"She has shown potential, but several gaps in execution and communication affected the team’s workflow. Leadership impact is limited, and more ownership is needed during planning and decision-making. Collaboration needs improvement because gaps in follow-up can create confusion for others. In quality assurance responsibilities, she shows potential, but should communicate blockers earlier. The rating reflects both measurable work output and observed behaviour in project situations. Overall, she needs focused improvement and closer review in the next appraisal cycle. Working with her can be challenging when deadlines are tight because updates are sometimes delayed. Communication should improve because missing or late updates can delay decisions. Leadership impact is limited, and more ownership is needed during planning and decision-making. In quality assurance responsibilities, she shows potential, but sometimes needs faster turnaround on retesting. She is generally approachable, although response quality changes when workload increases. Overall, she needs focused improvement and closer review in the next appraisal cycle. She sometimes gives unclear direction, which can make it difficult for others to prioritize work confidently. Leadership impact is limited, and more ownership is needed during planning and decision-making. Communication should improve because missing or late updates can delay decisions. In quality assurance responsibilities, she shows potential, but needs stronger attention to edge cases. The guidance received from her influences how confidently others handle their tasks. Overall, she needs focused improvement and closer review in the next appraisal cycle.",-0.69,6,13,2,0.01,Low Leadership Visibility,Stable Productivity Pattern,Communication Improvement Needed,Collaboration Support Needed,Active Learning Pattern,Communication Development Required
E079,I07,P013,DevOps,1986-10-20,M,6,Operations,Tamil,Sinhalese,['Ananda College'],61.15,Medium,63.35,Medium,4,53,30,3,4,2.0,2.6666666666666665,1.6666666666666667,3.3333333333333335,1.6666666666666667,2.2666666666666666,2.4,2.0,2.4,"He has faced difficulty maintaining consistent delivery during this cycle, particularly when work became time-sensitive. Leadership impact is limited, and more ownership is needed during planning and decision-making. Communication should improve because missing or late updates can delay decisions. In DevOps and operational responsibilities, he shows potential, but should improve handover notes. This assessment is based on observed delivery, team interaction, and the quality of contribution during the cycle. Overall, he needs focused improvement and closer review in the next appraisal cycle. He has technical or functional ability, but gaps in coordination sometimes create additional effort for others. Leadership impact is limited, and more ownership is needed during planning and decision-making. Communication should improve because missing or late updates can delay decisions. In DevOps and operational responsibilities, he shows potential, but should improve handover notes. The team can work with him effectively when expectations are clear. Overall, he needs focused improvement and closer review in the next appraisal cycle. He may have good intentions, but inconsistent guidance sometimes affects team confidence and planning. Communication should improve because missing or late updates can delay decisions. Punctuality needs improvement because delays sometimes affect coordination and planning. In DevOps and operational responsibilities, he shows potential, but sometimes needs faster escalation during incidents. The guidance received from him influences how confidently others handle their tasks. Overall, he needs focused improvement and closer review in the next appraisal cycle.",-0.69,6,11,5,0.05,Low Leadership Visibility,Stable Productivity Pattern,Communication Improvement Needed,Moderate Collaboration Pattern,Low Learning Engagement,Communication Development Required
E080,I07,P014,PM,1998-12-21,M,6,Management,Sinhala,Sinhalese,['Royal College'],70.13,Medium,71.74,Medium,3,47,26,13,4,2.0,4.666666666666667,4.0,4.333333333333333,2.6666666666666665,3.533333333333333,4.0,3.8,2.8,"He has completed assigned responsibilities at an acceptable level, but stronger follow-through would improve overall contribution. Problem solving is strong, especially when unexpected issues require practical decisions. Punctuality needs improvement because delays sometimes affect coordination and planning. In project management responsibilities, he tracks project risks carefully, but could delegate decisions more consistently. This assessment is based on observed delivery, team interaction, and the quality of contribution during the cycle. Overall, he meets many expectations, but more consistency would make the appraisal stronger. As a peer, I see him as capable, but he could be more consistent in sharing progress with the team. Problem solving is strong, especially when unexpected issues require practical decisions. Punctuality needs improvement because delays sometimes affect coordination and planning. In project management responsibilities, he supports planning discussions well, but needs to balance delivery pressure with team input. The team can work with him effectively when expectations are clear. Overall, he meets many expectations, but more consistency would make the appraisal stronger. He sometimes gives unclear direction, which can make it difficult for others to prioritize work confidently. Communication should improve because missing or late updates can delay decisions. Punctuality needs improvement because delays sometimes affect coordination and planning. In project management responsibilities, he shows potential, but could delegate decisions more consistently. He usually treats questions professionally, but more open discussion would help junior members. Overall, he needs focused improvement and closer review in the next appraisal cycle.",-0.15,4,6,10,0.41,Strong Leadership Pattern,Stable Productivity Pattern,Communication Improvement Needed,Strong Team Collaboration Pattern,Active Learning Pattern,Collaborative Leader
E081,I07,P014,SE,1988-06-20,M,11,Engineering,English,Sinhalese,['Musaeus College'],68.65,Medium,68.02,Medium,2,40,29,14,3,2.0,3.3333333333333335,4.333333333333333,2.0,3.3333333333333335,3.0,2.6,3.2,3.2,"He requires closer follow-up to ensure assigned responsibilities are completed with the expected level of quality. Punctuality needs improvement because delays sometimes affect coordination and planning. Communication should improve because missing or late updates can delay decisions. In software engineering tasks, he shows potential, but could document changes more consistently. Further improvement should be tracked through upcoming sprint outcomes and communication patterns. Overall, he needs focused improvement and closer review in the next appraisal cycle. As a peer, I see him as capable, but he could be more consistent in sharing progress with the team. Leadership is visible through initiative, guidance, and willingness to take responsibility. Collaboration needs improvement because gaps in follow-up can create confusion for others. In software engineering tasks, he supports debugging discussions, but could document changes more consistently. Peer collaboration would improve further if he shared blockers earlier. Overall, he meets many expectations, but more consistency would make the appraisal stronger. He provides direction when needed, but the level of guidance can vary depending on project pressure. Leadership is visible through initiative, guidance, and willingness to take responsibility. Collaboration needs improvement because gaps in follow-up can create confusion for others. In software engineering tasks, he supports debugging discussions, but needs to improve estimation accuracy. Team members benefit when he explains decisions clearly instead of only giving instructions. Overall, he meets many expectations, but more consistency would make the appraisal stronger.",-0.55,5,12,11,0.12,Strong Leadership Pattern,Stable Productivity Pattern,Moderate Communication Pattern,Collaboration Support Needed,Active Learning Pattern,Teamwork Development Required
E082,I07,P014,SE,1991-11-14,F,4,Engineering,Tamil,Sinhalese,['Jaffna Hindu'],67.2,Medium,65.98,Medium,2,37,15,13,5,4.333333333333333,5.0,5.0,5.0,3.6666666666666665,4.6000000000000005,4.8,4.4,4.6,"She has shown dependable ownership of software engineering tasks and has handled assigned responsibilities with limited supervision. Time discipline is a strength, and scheduled discussions or deliverables are usually respected. Problem solving is strong, especially when unexpected issues require practical decisions. In software engineering tasks, she clarifies technical dependencies and shows awareness of how her work affects project delivery. This assessment is based on observed delivery, team interaction, and the quality of contribution during the cycle. Overall, she is viewed as a dependable contributor, with only minor areas to refine as responsibilities increase. She is approachable during discussions and usually helps the team move forward when blockers appear. Problem solving is strong, especially when unexpected issues require practical decisions. Leadership is visible through initiative, guidance, and willingness to take responsibility. In software engineering tasks, she handles implementation details carefully and shows awareness of how her work affects project delivery. Peer collaboration would improve further if she shared blockers earlier. Overall, she is viewed as a dependable contributor, with only minor areas to refine as responsibilities increase. She generally creates a supportive working environment and responds professionally to questions or concerns. Time discipline is a strength, and scheduled discussions or deliverables are usually respected. Problem solving is strong, especially when unexpected issues require practical decisions. In software engineering tasks, she writes maintainable code and shows awareness of how her work affects project delivery. Team members benefit when she explains decisions clearly instead of only giving instructions. Overall, she is viewed as a dependable contributor, with only minor areas to refine as responsibilities increase.",0.6,3,9,7,0.04,Strong Leadership Pattern,Stable Productivity Pattern,Moderate Communication Pattern,Strong Team Collaboration Pattern,Active Learning Pattern,Collaborative Leader
E083,I07,P014,SE,1990-03-10,F,6,Engineering,Sinhala,Sinhalese,['DS Senanayake'],66.25,Medium,66.68,Medium,2,58,20,8,2,3.6666666666666665,4.666666666666667,1.6666666666666667,4.0,4.333333333333333,3.6666666666666665,3.6,4.2,3.2,"She has completed assigned responsibilities at an acceptable level, but stronger follow-through would improve overall contribution. Time discipline is a strength, and scheduled discussions or deliverables are usually respected. Leadership impact is limited, and more ownership is needed during planning and decision-making. In software engineering tasks, she writes maintainable code, but sometimes delays status updates. Further improvement should be tracked through upcoming sprint outcomes and communication patterns. Overall, she meets many expectations, but more consistency would make the appraisal stronger. As a peer, I find her reliable during collaborative work and willing to support others when issues arise. Problem solving is strong, especially when unexpected issues require practical decisions. Collaboration is effective, and team members are usually included in relevant discussions. In software engineering tasks, she supports debugging discussions and shows awareness of how her work affects project delivery. She is generally approachable, although response quality changes when workload increases. Overall, she is viewed as a dependable contributor, with only minor areas to refine as responsibilities increase. She provides direction when needed, but the level of guidance can vary depending on project pressure. Problem solving is strong, especially when unexpected issues require practical decisions. Leadership impact is limited, and more ownership is needed during planning and decision-making. In software engineering tasks, she supports debugging discussions, but should take more ownership during complex defects. Team members benefit when she explains decisions clearly instead of only giving instructions. Overall, she meets many expectations, but more consistency would make the appraisal stronger.",0.44,7,12,10,0.25,Low Leadership Visibility,Stable Productivity Pattern,Moderate Communication Pattern,Moderate Collaboration Pattern,Moderate Learning Pattern,Balanced Contributor
E084,I07,P014,QA,1988-12-25,F,10,QA,English,Sinhalese,['Jaffna Hindu'],67.87,Medium,67.78,Medium,2,25,28,12,5,1.6666666666666667,3.0,2.6666666666666665,1.6666666666666667,3.6666666666666665,2.533333333333333,2.8,2.6,2.2,"She has faced difficulty maintaining consistent delivery during this cycle, particularly when work became time-sensitive. Collaboration needs improvement because gaps in follow-up can create confusion for others. Leadership impact is limited, and more ownership is needed during planning and decision-making. In quality assurance responsibilities, she shows potential, but should communicate blockers earlier. This assessment is based on observed delivery, team interaction, and the quality of contribution during the cycle. Overall, she needs focused improvement and closer review in the next appraisal cycle. Working with her can be challenging when deadlines are tight because updates are sometimes delayed. Collaboration needs improvement because gaps in follow-up can create confusion for others. Punctuality needs improvement because delays sometimes affect coordination and planning. In quality assurance responsibilities, she shows potential, but needs stronger attention to edge cases. The team can work with her effectively when expectations are clear. Overall, she needs focused improvement and closer review in the next appraisal cycle. She sometimes gives unclear direction, which can make it difficult for others to prioritize work confidently. Collaboration needs improvement because gaps in follow-up can create confusion for others. Leadership impact is limited, and more ownership is needed during planning and decision-making. In quality assurance responsibilities, she shows potential, but needs stronger attention to edge cases. Team members benefit when she explains decisions clearly instead of only giving instructions. Overall, she needs focused improvement and closer review in the next appraisal cycle.",-0.56,1,8,8,0.09,Low Leadership Visibility,Stable Productivity Pattern,Moderate Communication Pattern,Collaboration Support Needed,Active Learning Pattern,Teamwork Development Required
E085,I07,P014,DevOps,1998-03-19,F,7,Operations,Sinhala,Tamil,['Ladies College'],65.38,Medium,65.52,Medium,4,48,10,7,4,1.6666666666666667,5.0,2.6666666666666665,3.3333333333333335,3.6666666666666665,3.266666666666667,2.6,3.2,4.0,"She has shown potential, but several gaps in execution and communication affected the team’s workflow. Communication should improve because missing or late updates can delay decisions. Collaboration needs improvement because gaps in follow-up can create confusion for others. In DevOps and operational responsibilities, she shows potential, but needs more proactive monitoring follow-up. Further improvement should be tracked through upcoming sprint outcomes and communication patterns. Overall, she needs focused improvement and closer review in the next appraisal cycle. Working with her is generally manageable, although communication and follow-up can vary depending on workload. Problem solving is strong, especially when unexpected issues require practical decisions. Punctuality needs improvement because delays sometimes affect coordination and planning. In DevOps and operational responsibilities, she communicates operational risks clearly, but could document deployment steps better. She is generally approachable, although response quality changes when workload increases. Overall, she meets many expectations, but more consistency would make the appraisal stronger. She helps the team progress, but there are areas where communication and delegation could improve. Problem solving is strong, especially when unexpected issues require practical decisions. Punctuality needs improvement because delays sometimes affect coordination and planning. In DevOps and operational responsibilities, she responds well during deployment issues, but could document deployment steps better. The guidance received from her influences how confidently others handle their tasks. Overall, she meets many expectations, but more consistency would make the appraisal stronger.",-0.43,7,4,5,0.49,Low Leadership Visibility,Stable Productivity Pattern,Moderate Communication Pattern,Moderate Collaboration Pattern,Moderate Learning Pattern,Balanced Contributor
E086,I08,P015,PM,1998-10-10,M,9,Management,English,Sinhalese,['Ananda College'],65.18,Medium,65.04,Medium,0,42,14,11,4,4.666666666666667,2.0,3.6666666666666665,4.0,4.666666666666667,3.8000000000000003,3.8,4.2,3.4,"He has met most expectations during this cycle, although there are still areas where consistency can improve. Time discipline is a strength, and scheduled discussions or deliverables are usually respected. Problem solving needs development, particularly when issues are unclear or require independent analysis. In project management responsibilities, he keeps the team aligned, but should improve transparency during priority changes. Further improvement should be tracked through upcoming sprint outcomes and communication patterns. Overall, he meets many expectations, but more consistency would make the appraisal stronger. Working with him has generally been a positive experience because he contributes constructively during team tasks. Time discipline is a strength, and scheduled discussions or deliverables are usually respected. Communication is clear and timely, which helps the team understand progress and risks. In project management responsibilities, he coordinates stakeholders effectively and shows awareness of how his work affects project delivery. The team can work with him effectively when expectations are clear. Overall, he is viewed as a dependable contributor, with only minor areas to refine as responsibilities increase. He provides direction when needed, but the level of guidance can vary depending on project pressure. Time discipline is a strength, and scheduled discussions or deliverables are usually respected. Problem solving needs development, particularly when issues are unclear or require independent analysis. In project management responsibilities, he tracks project risks carefully, but needs to balance delivery pressure with team input. The guidance received from him influences how confidently others handle their tasks. Overall, he meets many expectations, but more consistency would make the appraisal stronger.",0.17,5,3,5,0.16,Emerging Leadership Pattern,Stable Productivity Pattern,Moderate Communication Pattern,Strong Team Collaboration Pattern,Active Learning Pattern,Learning-Oriented Contributor
E087,I08,P015,SE,1995-06-28,F,11,Engineering,Tamil,Tamil,['Nalanda College'],71.1,Medium,69.95,Medium,3,32,33,5,2,2.0,4.0,3.3333333333333335,4.0,2.6666666666666665,3.1999999999999997,2.8,3.4,3.4,"She requires closer follow-up to ensure assigned responsibilities are completed with the expected level of quality. Leadership impact is limited, and more ownership is needed during planning and decision-making. Communication should improve because missing or late updates can delay decisions. In software engineering tasks, she shows potential, but sometimes delays status updates. The rating reflects both measurable work output and observed behaviour in project situations. Overall, she needs focused improvement and closer review in the next appraisal cycle. As a peer, I see her as capable, but she could be more consistent in sharing progress with the team. Problem solving is strong, especially when unexpected issues require practical decisions. Punctuality needs improvement because delays sometimes affect coordination and planning. In software engineering tasks, she writes maintainable code, but sometimes delays status updates. She is generally approachable, although response quality changes when workload increases. Overall, she meets many expectations, but more consistency would make the appraisal stronger. She provides direction when needed, but the level of guidance can vary depending on project pressure. Problem solving is strong, especially when unexpected issues require practical decisions. Communication should improve because missing or late updates can delay decisions. In software engineering tasks, she supports debugging discussions, but needs to improve estimation accuracy. She usually treats questions professionally, but more open discussion would help junior members. Overall, she meets many expectations, but more consistency would make the appraisal stronger.",-0.33,10,9,5,0.12,Emerging Leadership Pattern,Stable Productivity Pattern,Communication Improvement Needed,Moderate Collaboration Pattern,Moderate Learning Pattern,Communication Development Required
E088,I08,P015,DevOps,2002-08-12,F,11,Operations,Tamil,Sinhalese,['Holy Family'],58.98,Medium,60.5,Medium,4,50,35,12,5,4.333333333333333,3.6666666666666665,1.6666666666666667,5.0,2.3333333333333335,3.4,3.6,3.2,3.4,"She has completed assigned responsibilities at an acceptable level, but stronger follow-through would improve overall contribution. Time discipline is a strength, and scheduled discussions or deliverables are usually respected. Communication should improve because missing or late updates can delay decisions. In DevOps and operational responsibilities, she keeps environments stable, but needs more proactive monitoring follow-up. Further improvement should be tracked through upcoming sprint outcomes and communication patterns. Overall, she meets many expectations, but more consistency would make the appraisal stronger. As a peer, I see her as capable, but she could be more consistent in sharing progress with the team. Collaboration is effective, and team members are usually included in relevant discussions. Communication should improve because missing or late updates can delay decisions. In DevOps and operational responsibilities, she keeps environments stable, but needs more proactive monitoring follow-up. The team can work with her effectively when expectations are clear. Overall, she meets many expectations, but more consistency would make the appraisal stronger. She provides direction when needed, but the level of guidance can vary depending on project pressure. Collaboration is effective, and team members are usually included in relevant discussions. Leadership impact is limited, and more ownership is needed during planning and decision-making. In DevOps and operational responsibilities, she responds well during deployment issues, but should improve handover notes. Team members benefit when she explains decisions clearly instead of only giving instructions. Overall, she meets many expectations, but more consistency would make the appraisal stronger.",-0.05,8,8,11,0.04,Low Leadership Visibility,Stable Productivity Pattern,Communication Improvement Needed,Strong Team Collaboration Pattern,Active Learning Pattern,Communication Development Required
E089,I08,P016,PM,1986-08-16,F,9,Management,Sinhala,Tamil,"[""St. John's College""]",65.27,Medium,66.01,Medium,3,33,22,7,5,2.3333333333333335,3.6666666666666665,2.6666666666666665,1.6666666666666667,4.666666666666667,3.0,3.2,3.2,2.6,"She has met most expectations during this cycle, although there are still areas where consistency can improve. Communication is clear and timely, which helps the team understand progress and risks. Leadership impact is limited, and more ownership is needed during planning and decision-making. In project management responsibilities, she keeps the team aligned, but sometimes centralizes discussion. This assessment is based on observed delivery, team interaction, and the quality of contribution during the cycle. Overall, she meets many expectations, but more consistency would make the appraisal stronger. Working with her is generally manageable, although communication and follow-up can vary depending on workload. Communication is clear and timely, which helps the team understand progress and risks. Collaboration needs improvement because gaps in follow-up can create confusion for others. In project management responsibilities, she supports planning discussions well, but could delegate decisions more consistently. She is generally approachable, although response quality changes when workload increases. Overall, she meets many expectations, but more consistency would make the appraisal stronger. She sometimes gives unclear direction, which can make it difficult for others to prioritize work confidently. Collaboration needs improvement because gaps in follow-up can create confusion for others. Punctuality needs improvement because delays sometimes affect coordination and planning. In project management responsibilities, she shows potential, but should improve transparency during priority changes. The guidance received from her influences how confidently others handle their tasks. Overall, she needs focused improvement and closer review in the next appraisal cycle.",-0.3,5,6,8,0.12,Low Leadership Visibility,Stable Productivity Pattern,Moderate Communication Pattern,Collaboration Support Needed,Moderate Learning Pattern,Teamwork Development Required
E090,I08,P016,SE,1999-11-28,F,10,Engineering,Sinhala,Tamil,"[""St. John's College""]",58.23,Medium,59.74,Medium,0,55,14,4,4,5.0,1.0,4.333333333333333,1.3333333333333333,4.0,3.1333333333333333,3.0,3.2,3.2,"She has faced difficulty maintaining consistent delivery during this cycle, particularly when work became time-sensitive. Collaboration needs improvement because gaps in follow-up can create confusion for others. Problem solving needs development, particularly when issues are unclear or require independent analysis. In software engineering tasks, she shows potential, but sometimes delays status updates. This assessment is based on observed delivery, team interaction, and the quality of contribution during the cycle. Overall, she needs focused improvement and closer review in the next appraisal cycle. As a peer, I see her as capable, but she could be more consistent in sharing progress with the team. Time discipline is a strength, and scheduled discussions or deliverables are usually respected. Problem solving needs development, particularly when issues are unclear or require independent analysis. In software engineering tasks, she handles implementation details carefully, but needs to improve estimation accuracy. The team can work with her effectively when expectations are clear. Overall, she meets many expectations, but more consistency would make the appraisal stronger. She provides direction when needed, but the level of guidance can vary depending on project pressure. Time discipline is a strength, and scheduled discussions or deliverables are usually respected. Collaboration needs improvement because gaps in follow-up can create confusion for others. In software engineering tasks, she handles implementation details carefully, but could document changes more consistently. She usually treats questions professionally, but more open discussion would help junior members. Overall, she meets many expectations, but more consistency would make the appraisal stronger.",-0.28,5,2,7,0.01,Strong Leadership Pattern,Stable Productivity Pattern,Moderate Communication Pattern,Collaboration Support Needed,Low Learning Engagement,Teamwork Development Required
E091,I08,P016,SE,2002-10-08,F,12,Engineering,English,Tamil,['Musaeus College'],66.25,Medium,65.77,Medium,0,36,19,5,4,3.3333333333333335,4.333333333333333,1.6666666666666667,3.0,4.333333333333333,3.3333333333333335,3.2,3.2,3.6,"She shows useful capability in software engineering tasks, though performance is not yet consistent across all situations. Communication is clear and timely, which helps the team understand progress and risks. Leadership impact is limited, and more ownership is needed during planning and decision-making. In software engineering tasks, she clarifies technical dependencies, but could document changes more consistently. This assessment is based on observed delivery, team interaction, and the quality of contribution during the cycle. Overall, she meets many expectations, but more consistency would make the appraisal stronger. Working with her is generally manageable, although communication and follow-up can vary depending on workload. Problem solving is strong, especially when unexpected issues require practical decisions. Leadership impact is limited, and more ownership is needed during planning and decision-making. In software engineering tasks, she clarifies technical dependencies, but sometimes delays status updates. She is generally approachable, although response quality changes when workload increases. Overall, she meets many expectations, but more consistency would make the appraisal stronger. She helps the team progress, but there are areas where communication and delegation could improve. Communication is clear and timely, which helps the team understand progress and risks. Leadership impact is limited, and more ownership is needed during planning and decision-making. In software engineering tasks, she clarifies technical dependencies, but sometimes delays status updates. The guidance received from her influences how confidently others handle their tasks. Overall, she meets many expectations, but more consistency would make the appraisal stronger.",0.27,8,11,4,0.05,Low Leadership Visibility,Stable Productivity Pattern,Moderate Communication Pattern,Moderate Collaboration Pattern,Moderate Learning Pattern,Balanced Contributor
E092,I08,P016,QA,1990-04-19,F,9,QA,Sinhala,Tamil,['Visakha Vidyalaya'],66.75,Medium,66.14,Medium,1,35,11,15,5,1.3333333333333333,3.0,1.6666666666666667,2.6666666666666665,4.333333333333333,2.6,2.8,2.6,2.4,"She has faced difficulty maintaining consistent delivery during this cycle, particularly when work became time-sensitive. Leadership impact is limited, and more ownership is needed during planning and decision-making. Punctuality needs improvement because delays sometimes affect coordination and planning. In quality assurance responsibilities, she shows potential, but needs stronger attention to edge cases. Further improvement should be tracked through upcoming sprint outcomes and communication patterns. Overall, she needs focused improvement and closer review in the next appraisal cycle. Working with her can be challenging when deadlines are tight because updates are sometimes delayed. Leadership impact is limited, and more ownership is needed during planning and decision-making. Punctuality needs improvement because delays sometimes affect coordination and planning. In quality assurance responsibilities, she shows potential, but could improve test documentation consistency. The team can work with her effectively when expectations are clear. Overall, she needs focused improvement and closer review in the next appraisal cycle. She may have good intentions, but inconsistent guidance sometimes affects team confidence and planning. Punctuality needs improvement because delays sometimes affect coordination and planning. Collaboration needs improvement because gaps in follow-up can create confusion for others. In quality assurance responsibilities, she shows potential, but sometimes needs faster turnaround on retesting. She usually treats questions professionally, but more open discussion would help junior members. Overall, she needs focused improvement and closer review in the next appraisal cycle.",-0.66,3,7,7,0.04,Low Leadership Visibility,Stable Productivity Pattern,Moderate Communication Pattern,Collaboration Support Needed,Active Learning Pattern,Teamwork Development Required
E093,I09,P017,PM,2001-12-30,M,4,Management,Sinhala,Tamil,['Ananda College'],67.38,Medium,67.35,Medium,3,21,24,10,5,4.333333333333333,4.333333333333333,2.0,5.0,4.0,3.9333333333333336,3.8,4.2,3.8,"He has met most expectations during this cycle, although there are still areas where consistency can improve. Time discipline is a strength, and scheduled discussions or deliverables are usually respected. Leadership impact is limited, and more ownership is needed during planning and decision-making. In project management responsibilities, he keeps the team aligned, but could delegate decisions more consistently. This assessment is based on observed delivery, team interaction, and the quality of contribution during the cycle. Overall, he meets many expectations, but more consistency would make the appraisal stronger. Working with him has generally been a positive experience because he contributes constructively during team tasks. Time discipline is a strength, and scheduled discussions or deliverables are usually respected. Problem solving is strong, especially when unexpected issues require practical decisions. In project management responsibilities, he supports planning discussions well and shows awareness of how his work affects project delivery. The team can work with him effectively when expectations are clear. Overall, he is viewed as a dependable contributor, with only minor areas to refine as responsibilities increase. From a subordinate perspective, he is generally supportive, although decisions are sometimes communicated late. Collaboration is effective, and team members are usually included in relevant discussions. Leadership is present in some situations, but stronger initiative would improve team confidence. In project management responsibilities, he coordinates stakeholders effectively, but needs to balance delivery pressure with team input. Team members benefit when he explains decisions clearly instead of only giving instructions. Overall, he meets many expectations, but more consistency would make the appraisal stronger.",0.5,4,9,13,0.05,Low Leadership Visibility,Stable Productivity Pattern,Clear and Responsive Communicator,Strong Team Collaboration Pattern,Active Learning Pattern,Learning-Oriented Contributor
E094,I09,P017,SE,1993-01-16,F,11,Engineering,English,Tamil,['Jaffna Hindu'],67.25,Medium,67.31,Medium,2,35,11,4,5,3.6666666666666665,2.6666666666666665,4.666666666666667,3.3333333333333335,4.333333333333333,3.733333333333333,3.8,4.0,3.4,"She has met most expectations during this cycle, although there are still areas where consistency can improve. Leadership is visible through initiative, guidance, and willingness to take responsibility. Problem solving is adequate for routine issues, but complex situations sometimes require additional support. In software engineering tasks, she writes maintainable code, but sometimes delays status updates. This assessment is based on observed delivery, team interaction, and the quality of contribution during the cycle. Overall, she meets many expectations, but more consistency would make the appraisal stronger. As a peer, I see her as capable, but she could be more consistent in sharing progress with the team. Time discipline is a strength, and scheduled discussions or deliverables are usually respected. Problem solving needs development, particularly when issues are unclear or require independent analysis. In software engineering tasks, she supports debugging discussions, but sometimes delays status updates. Peer collaboration would improve further if she shared blockers earlier. Overall, she meets many expectations, but more consistency would make the appraisal stronger. She provides direction when needed, but the level of guidance can vary depending on project pressure. Communication is clear and timely, which helps the team understand progress and risks. Collaboration needs improvement because gaps in follow-up can create confusion for others. In software engineering tasks, she handles implementation details carefully, but should take more ownership during complex defects. She usually treats questions professionally, but more open discussion would help junior members. Overall, she meets many expectations, but more consistency would make the appraisal stronger.",0.06,8,7,10,0.09,Strong Leadership Pattern,Stable Productivity Pattern,Moderate Communication Pattern,Moderate Collaboration Pattern,Low Learning Engagement,Balanced Contributor
E095,I09,P017,SE,1994-09-18,F,2,Engineering,Sinhala,Sinhalese,['Nalanda College'],62.47,Medium,62.28,Medium,0,39,19,7,5,4.333333333333333,5.0,3.6666666666666665,4.333333333333333,1.3333333333333333,3.733333333333333,3.8,3.8,3.6,"She has completed assigned responsibilities at an acceptable level, but stronger follow-through would improve overall contribution. Problem solving is strong, especially when unexpected issues require practical decisions. Communication should improve because missing or late updates can delay decisions. In software engineering tasks, she clarifies technical dependencies, but sometimes delays status updates. This assessment is based on observed delivery, team interaction, and the quality of contribution during the cycle. Overall, she meets many expectations, but more consistency would make the appraisal stronger. Working with her is generally manageable, although communication and follow-up can vary depending on workload. Time discipline is a strength, and scheduled discussions or deliverables are usually respected. Communication should improve because missing or late updates can delay decisions. In software engineering tasks, she supports debugging discussions, but could document changes more consistently. The team can work with her effectively when expectations are clear. Overall, she meets many expectations, but more consistency would make the appraisal stronger. From a subordinate perspective, she is generally supportive, although decisions are sometimes communicated late. Problem solving is strong, especially when unexpected issues require practical decisions. Communication should improve because missing or late updates can delay decisions. In software engineering tasks, she supports debugging discussions, but could document changes more consistently. The guidance received from her influences how confidently others handle their tasks. Overall, she meets many expectations, but more consistency would make the appraisal stronger.",0.3,12,7,5,0.01,Emerging Leadership Pattern,Stable Productivity Pattern,Communication Improvement Needed,Strong Team Collaboration Pattern,Moderate Learning Pattern,Communication Development Required
E096,I09,P017,SE,1996-07-12,M,5,Engineering,Tamil,Sinhalese,['Jaffna Hindu'],69.42,Medium,68.64,Medium,0,20,25,3,4,5.0,4.666666666666667,1.3333333333333333,5.0,4.333333333333333,4.066666666666666,3.8,4.2,4.2,"He has met most expectations during this cycle, although there are still areas where consistency can improve. Time discipline is a strength, and scheduled discussions or deliverables are usually respected. Leadership impact is limited, and more ownership is needed during planning and decision-making. In software engineering tasks, he handles implementation details carefully, but could document changes more consistently. Further improvement should be tracked through upcoming sprint outcomes and communication patterns. Overall, he meets many expectations, but more consistency would make the appraisal stronger. As a peer, I find him reliable during collaborative work and willing to support others when issues arise. Time discipline is a strength, and scheduled discussions or deliverables are usually respected. Problem solving is strong, especially when unexpected issues require practical decisions. In software engineering tasks, he clarifies technical dependencies and shows awareness of how his work affects project delivery. The team can work with him effectively when expectations are clear. Overall, he is viewed as a dependable contributor, with only minor areas to refine as responsibilities increase. He generally creates a supportive working environment and responds professionally to questions or concerns. Time discipline is a strength, and scheduled discussions or deliverables are usually respected. Problem solving is strong, especially when unexpected issues require practical decisions. In software engineering tasks, he supports debugging discussions and shows awareness of how his work affects project delivery. Team members benefit when he explains decisions clearly instead of only giving instructions. Overall, he is viewed as a dependable contributor, with only minor areas to refine as responsibilities increase.",0.6,5,6,8,0.05,Low Leadership Visibility,Stable Productivity Pattern,Clear and Responsive Communicator,Strong Team Collaboration Pattern,Low Learning Engagement,Balanced Contributor
E097,I09,P017,QA,1985-08-02,M,5,QA,Sinhala,Tamil,['Visakha Vidyalaya'],68.27,Medium,66.45,Medium,0,41,15,10,4,3.0,5.0,4.333333333333333,3.3333333333333335,1.6666666666666667,3.466666666666667,3.2,4.0,3.2,"He has completed assigned responsibilities at an acceptable level, but stronger follow-through would improve overall contribution. Problem solving is strong, especially when unexpected issues require practical decisions. Communication should improve because missing or late updates can delay decisions. In quality assurance responsibilities, he supports release validation well, but needs stronger attention to edge cases. Further improvement should be tracked through upcoming sprint outcomes and communication patterns. Overall, he meets many expectations, but more consistency would make the appraisal stronger. He contributes to the team, but there are moments where clearer coordination would make collaboration easier. Problem solving is strong, especially when unexpected issues require practical decisions. Punctuality needs improvement because delays sometimes affect coordination and planning. In quality assurance responsibilities, he supports release validation well, but should communicate blockers earlier. He is generally approachable, although response quality changes when workload increases. Overall, he meets many expectations, but more consistency would make the appraisal stronger. He provides direction when needed, but the level of guidance can vary depending on project pressure. Problem solving is strong, especially when unexpected issues require practical decisions. Communication should improve because missing or late updates can delay decisions. In quality assurance responsibilities, he maintains useful test coverage, but needs stronger attention to edge cases. He usually treats questions professionally, but more open discussion would help junior members. Overall, he meets many expectations, but more consistency would make the appraisal stronger.",0.08,6,7,7,0.21,Strong Leadership Pattern,Stable Productivity Pattern,Communication Improvement Needed,Moderate Collaboration Pattern,Active Learning Pattern,Communication Development Required
E098,I09,P017,QA,1999-10-17,F,8,QA,English,Sinhalese,['Royal College'],75.35,High,72.41,Medium,2,23,23,9,4,4.333333333333333,4.666666666666667,1.0,2.6666666666666665,3.0,3.1333333333333333,3.4,2.8,3.2,"She has completed assigned responsibilities at an acceptable level, but stronger follow-through would improve overall contribution. Time discipline is a strength, and scheduled discussions or deliverables are usually respected. Leadership impact is limited, and more ownership is needed during planning and decision-making. In quality assurance responsibilities, she communicates quality risks early, but should communicate blockers earlier. This assessment is based on observed delivery, team interaction, and the quality of contribution during the cycle. Overall, she meets many expectations, but more consistency would make the appraisal stronger. Working with her can be challenging when deadlines are tight because updates are sometimes delayed. Leadership impact is limited, and more ownership is needed during planning and decision-making. Communication should improve because missing or late updates can delay decisions. In quality assurance responsibilities, she shows potential, but should communicate blockers earlier. She is generally approachable, although response quality changes when workload increases. Overall, she needs focused improvement and closer review in the next appraisal cycle. She provides direction when needed, but the level of guidance can vary depending on project pressure. Problem solving is strong, especially when unexpected issues require practical decisions. Leadership impact is limited, and more ownership is needed during planning and decision-making. In quality assurance responsibilities, she maintains useful test coverage, but sometimes needs faster turnaround on retesting. The guidance received from her influences how confidently others handle their tasks. Overall, she meets many expectations, but more consistency would make the appraisal stronger.",-0.29,5,14,1,0.09,Low Leadership Visibility,Stable Productivity Pattern,Moderate Communication Pattern,Collaboration Support Needed,Moderate Learning Pattern,Teamwork Development Required
E099,I09,P017,DevOps,1986-03-20,F,6,Operations,English,Tamil,['Ladies College'],58.97,Medium,60.3,Medium,3,34,10,11,2,4.666666666666667,4.333333333333333,1.6666666666666667,1.6666666666666667,4.0,3.266666666666667,3.2,3.2,3.4,"She shows useful capability in DevOps and operational responsibilities, though performance is not yet consistent across all situations. Communication is clear and timely, which helps the team understand progress and risks. Leadership impact is limited, and more ownership is needed during planning and decision-making. In DevOps and operational responsibilities, she responds well during deployment issues, but needs more proactive monitoring follow-up. Further improvement should be tracked through upcoming sprint outcomes and communication patterns. Overall, she meets many expectations, but more consistency would make the appraisal stronger. Working with her is generally manageable, although communication and follow-up can vary depending on workload. Time discipline is a strength, and scheduled discussions or deliverables are usually respected. Collaboration needs improvement because gaps in follow-up can create confusion for others. In DevOps and operational responsibilities, she keeps environments stable, but should improve handover notes. Peer collaboration would improve further if she shared blockers earlier. Overall, she meets many expectations, but more consistency would make the appraisal stronger. She provides direction when needed, but the level of guidance can vary depending on project pressure. Time discipline is a strength, and scheduled discussions or deliverables are usually respected. Collaboration needs improvement because gaps in follow-up can create confusion for others. In DevOps and operational responsibilities, she communicates operational risks clearly, but should improve handover notes. The guidance received from her influences how confidently others handle their tasks. Overall, she meets many expectations, but more consistency would make the appraisal stronger.",-0.24,6,6,5,0.01,Low Leadership Visibility,Stable Productivity Pattern,Moderate Communication Pattern,Collaboration Support Needed,Active Learning Pattern,Teamwork Development Required
E100,I09,P018,PM,1986-02-23,F,3,Management,Tamil,Tamil,['Nalanda College'],71.4,Medium,70.64,Medium,2,32,22,4,4,1.3333333333333333,2.0,2.0,2.0,3.0,2.066666666666667,2.2,2.0,2.0,"She has shown potential, but several gaps in execution and communication affected the team’s workflow. Collaboration needs improvement because gaps in follow-up can create confusion for others. Leadership impact is limited, and more ownership is needed during planning and decision-making. In project management responsibilities, she shows potential, but should improve transparency during priority changes. Further improvement should be tracked through upcoming sprint outcomes and communication patterns. Overall, she needs focused improvement and closer review in the next appraisal cycle. As a peer, I feel she needs to improve consistency in communication and task ownership. Punctuality needs improvement because delays sometimes affect coordination and planning. Communication should improve because missing or late updates can delay decisions. In project management responsibilities, she shows potential, but needs to balance delivery pressure with team input. The team can work with her effectively when expectations are clear. Overall, she needs focused improvement and closer review in the next appraisal cycle. She may have good intentions, but inconsistent guidance sometimes affects team confidence and planning. Problem solving needs development, particularly when issues are unclear or require independent analysis. Punctuality needs improvement because delays sometimes affect coordination and planning. In project management responsibilities, she shows potential, but should improve transparency during priority changes. Team members benefit when she explains decisions clearly instead of only giving instructions. Overall, she needs focused improvement and closer review in the next appraisal cycle.",-0.69,5,7,10,0.01,Low Leadership Visibility,Stable Productivity Pattern,Moderate Communication Pattern,Collaboration Support Needed,Low Learning Engagement,Teamwork Development Required
E101,I09,P018,SE,1997-08-21,M,7,Engineering,Tamil,Tamil,['Nalanda College'],71.78,Medium,71.67,Medium,0,60,27,9,2,5.0,3.3333333333333335,1.0,2.3333333333333335,3.6666666666666665,3.0666666666666664,3.6,3.2,2.4,"He shows useful capability in software engineering tasks, though performance is not yet consistent across all situations. Time discipline is a strength, and scheduled discussions or deliverables are usually respected. Leadership impact is limited, and more ownership is needed during planning and decision-making. In software engineering tasks, he writes maintainable code, but sometimes delays status updates. This assessment is based on observed delivery, team interaction, and the quality of contribution during the cycle. Overall, he meets many expectations, but more consistency would make the appraisal stronger. He contributes to the team, but there are moments where clearer coordination would make collaboration easier. Time discipline is a strength, and scheduled discussions or deliverables are usually respected. Leadership impact is limited, and more ownership is needed during planning and decision-making. In software engineering tasks, he supports debugging discussions, but sometimes delays status updates. The team can work with him effectively when expectations are clear. Overall, he meets many expectations, but more consistency would make the appraisal stronger. He may have good intentions, but inconsistent guidance sometimes affects team confidence and planning. Collaboration needs improvement because gaps in follow-up can create confusion for others. Leadership impact is limited, and more ownership is needed during planning and decision-making. In software engineering tasks, he shows potential, but could document changes more consistently. Team members benefit when he explains decisions clearly instead of only giving instructions. Overall, he needs focused improvement and closer review in the next appraisal cycle.",0.05,7,11,10,0.37,Low Leadership Visibility,Stable Productivity Pattern,Moderate Communication Pattern,Collaboration Support Needed,Moderate Learning Pattern,Teamwork Development Required
E102,I09,P018,SE,1999-08-08,M,12,Engineering,Tamil,Tamil,['Royal College'],72.65,Medium,71.57,Medium,3,55,31,14,2,3.3333333333333335,3.0,4.0,2.3333333333333335,3.0,3.1333333333333333,2.8,4.0,2.6,"He has faced difficulty maintaining consistent delivery during this cycle, particularly when work became time-sensitive. Communication should improve because missing or late updates can delay decisions. Collaboration needs improvement because gaps in follow-up can create confusion for others. In software engineering tasks, he shows potential, but should take more ownership during complex defects. Further improvement should be tracked through upcoming sprint outcomes and communication patterns. Overall, he needs focused improvement and closer review in the next appraisal cycle. Working with him is generally manageable, although communication and follow-up can vary depending on workload. Leadership is visible through initiative, guidance, and willingness to take responsibility. Collaboration is acceptable, although coordination could be more proactive. In software engineering tasks, he supports debugging discussions, but should take more ownership during complex defects. He is generally approachable, although response quality changes when workload increases. Overall, he meets many expectations, but more consistency would make the appraisal stronger. From a subordinate perspective, he needs to improve communication around decisions and expectations. Communication should improve because missing or late updates can delay decisions. Collaboration needs improvement because gaps in follow-up can create confusion for others. In software engineering tasks, he shows potential, but sometimes delays status updates. The guidance received from him influences how confidently others handle their tasks. Overall, he needs focused improvement and closer review in the next appraisal cycle.",-0.71,10,10,5,0.57,Strong Leadership Pattern,Stable Productivity Pattern,Moderate Communication Pattern,Collaboration Support Needed,Active Learning Pattern,Teamwork Development Required
E103,I09,P018,QA,1999-07-27,F,12,QA,Tamil,Sinhalese,['Musaeus College'],67.03,Medium,67.13,Medium,3,43,13,5,5,3.3333333333333335,4.333333333333333,4.666666666666667,4.0,4.0,4.066666666666667,4.2,4.4,3.6,"She has delivered a strong performance during this cycle, especially in relation to test execution, defect reporting, regression coverage, and release readiness. Problem solving is strong, especially when unexpected issues require practical decisions. Leadership is visible through initiative, guidance, and willingness to take responsibility. In quality assurance responsibilities, she communicates quality risks early and shows awareness of how her work affects project delivery. This assessment is based on observed delivery, team interaction, and the quality of contribution during the cycle. Overall, she is viewed as a dependable contributor, with only minor areas to refine as responsibilities increase. As a peer, I find her reliable during collaborative work and willing to support others when issues arise. Problem solving is strong, especially when unexpected issues require practical decisions. Leadership is visible through initiative, guidance, and willingness to take responsibility. In quality assurance responsibilities, she identifies defects clearly and shows awareness of how her work affects project delivery. Peer collaboration would improve further if she shared blockers earlier. Overall, she is viewed as a dependable contributor, with only minor areas to refine as responsibilities increase. She provides direction when needed, but the level of guidance can vary depending on project pressure. Time discipline is a strength, and scheduled discussions or deliverables are usually respected. Collaboration is acceptable, although coordination could be more proactive. In quality assurance responsibilities, she supports release validation well, but sometimes needs faster turnaround on retesting. Team members benefit when she explains decisions clearly instead of only giving instructions. Overall, she meets many expectations, but more consistency would make the appraisal stronger.",0.6,2,13,11,0.17,Strong Leadership Pattern,Stable Productivity Pattern,Moderate Communication Pattern,Strong Team Collaboration Pattern,Moderate Learning Pattern,Collaborative Leader
E104,I10,P019,PM,2001-12-29,F,2,Management,Sinhala,Tamil,['DS Senanayake'],67.87,Medium,67.27,Medium,3,26,20,5,3,2.3333333333333335,2.6666666666666665,1.3333333333333333,2.0,3.6666666666666665,2.4,2.0,2.8,2.4,"She has shown potential, but several gaps in execution and communication affected the team’s workflow. Collaboration needs improvement because gaps in follow-up can create confusion for others. Leadership impact is limited, and more ownership is needed during planning and decision-making. In project management responsibilities, she shows potential, but sometimes centralizes discussion. Further improvement should be tracked through upcoming sprint outcomes and communication patterns. Overall, she needs focused improvement and closer review in the next appraisal cycle. Working with her can be challenging when deadlines are tight because updates are sometimes delayed. Punctuality needs improvement because delays sometimes affect coordination and planning. Collaboration needs improvement because gaps in follow-up can create confusion for others. In project management responsibilities, she shows potential, but could delegate decisions more consistently. She is generally approachable, although response quality changes when workload increases. Overall, she needs focused improvement and closer review in the next appraisal cycle. She may have good intentions, but inconsistent guidance sometimes affects team confidence and planning. Leadership impact is limited, and more ownership is needed during planning and decision-making. Problem solving needs development, particularly when issues are unclear or require independent analysis. In project management responsibilities, she shows potential, but needs to balance delivery pressure with team input. Team members benefit when she explains decisions clearly instead of only giving instructions. Overall, she needs focused improvement and closer review in the next appraisal cycle.",-0.78,4,9,8,0.16,Low Leadership Visibility,Stable Productivity Pattern,Moderate Communication Pattern,Collaboration Support Needed,Moderate Learning Pattern,Teamwork Development Required
E105,I10,P019,SE,2002-04-21,M,9,Engineering,English,Tamil,['Ladies College'],58.33,Medium,63.45,Medium,0,32,26,11,4,5.0,5.0,3.0,4.0,2.3333333333333335,3.8666666666666667,4.2,3.6,3.8,"He has delivered a strong performance during this cycle, especially in relation to implementation quality, code reviews, defect handling, and sprint delivery. Time discipline is a strength, and scheduled discussions or deliverables are usually respected. Problem solving is strong, especially when unexpected issues require practical decisions. In software engineering tasks, he writes maintainable code and shows awareness of how his work affects project delivery. The rating reflects both measurable work output and observed behaviour in project situations. Overall, he is viewed as a dependable contributor, with only minor areas to refine as responsibilities increase. As a peer, I see him as capable, but he could be more consistent in sharing progress with the team. Time discipline is a strength, and scheduled discussions or deliverables are usually respected. Communication should improve because missing or late updates can delay decisions. In software engineering tasks, he supports debugging discussions, but needs to improve estimation accuracy. Peer collaboration would improve further if he shared blockers earlier. Overall, he meets many expectations, but more consistency would make the appraisal stronger. He helps the team progress, but there are areas where communication and delegation could improve. Time discipline is a strength, and scheduled discussions or deliverables are usually respected. Communication should improve because missing or late updates can delay decisions. In software engineering tasks, he clarifies technical dependencies, but should take more ownership during complex defects. The guidance received from him influences how confidently others handle their tasks. Overall, he meets many expectations, but more consistency would make the appraisal stronger.",0.11,9,5,6,0.09,Emerging Leadership Pattern,Stable Productivity Pattern,Communication Improvement Needed,Strong Team Collaboration Pattern,Active Learning Pattern,Communication Development Required
E106,I10,P019,SE,1995-04-14,F,2,Engineering,Tamil,Tamil,['Royal College'],72.67,Medium,72.97,Medium,4,52,27,11,4,4.666666666666667,2.3333333333333335,4.333333333333333,4.666666666666667,2.0,3.6,3.8,3.4,3.6,"She has completed assigned responsibilities at an acceptable level, but stronger follow-through would improve overall contribution. Time discipline is a strength, and scheduled discussions or deliverables are usually respected. Problem solving needs development, particularly when issues are unclear or require independent analysis. In software engineering tasks, she clarifies technical dependencies, but sometimes delays status updates. The rating reflects both measurable work output and observed behaviour in project situations. Overall, she meets many expectations, but more consistency would make the appraisal stronger. She contributes to the team, but there are moments where clearer coordination would make collaboration easier. Time discipline is a strength, and scheduled discussions or deliverables are usually respected. Communication should improve because missing or late updates can delay decisions. In software engineering tasks, she writes maintainable code, but sometimes delays status updates. Peer collaboration would improve further if she shared blockers earlier. Overall, she meets many expectations, but more consistency would make the appraisal stronger. From a subordinate perspective, she is generally supportive, although decisions are sometimes communicated late. Leadership is visible through initiative, guidance, and willingness to take responsibility. Communication should improve because missing or late updates can delay decisions. In software engineering tasks, she writes maintainable code, but sometimes delays status updates. Team members benefit when she explains decisions clearly instead of only giving instructions. Overall, she meets many expectations, but more consistency would make the appraisal stronger.",0.11,12,8,8,0.04,Strong Leadership Pattern,Stable Productivity Pattern,Communication Improvement Needed,Strong Team Collaboration Pattern,Active Learning Pattern,Collaborative Leader
E107,I10,P019,SE,1999-01-23,M,4,Engineering,Tamil,Sinhalese,['Musaeus College'],64.13,Medium,64.18,Medium,4,57,10,9,4,4.0,4.666666666666667,4.666666666666667,2.0,3.6666666666666665,3.8000000000000003,3.4,4.2,3.8,"He shows useful capability in software engineering tasks, though performance is not yet consistent across all situations. Problem solving is strong, especially when unexpected issues require practical decisions. Collaboration needs improvement because gaps in follow-up can create confusion for others. In software engineering tasks, he supports debugging discussions, but could document changes more consistently. The rating reflects both measurable work output and observed behaviour in project situations. Overall, he meets many expectations, but more consistency would make the appraisal stronger. As a peer, I find him reliable during collaborative work and willing to support others when issues arise. Time discipline is a strength, and scheduled discussions or deliverables are usually respected. Leadership is visible through initiative, guidance, and willingness to take responsibility. In software engineering tasks, he handles implementation details carefully and shows awareness of how his work affects project delivery. The team can work with him effectively when expectations are clear. Overall, he is viewed as a dependable contributor, with only minor areas to refine as responsibilities increase. He provides direction when needed, but the level of guidance can vary depending on project pressure. Problem solving is strong, especially when unexpected issues require practical decisions. Collaboration needs improvement because gaps in follow-up can create confusion for others. In software engineering tasks, he writes maintainable code, but should take more ownership during complex defects. Team members benefit when he explains decisions clearly instead of only giving instructions. Overall, he meets many expectations, but more consistency would make the appraisal stronger.",0.26,2,10,9,0.16,Strong Leadership Pattern,Stable Productivity Pattern,Moderate Communication Pattern,Collaboration Support Needed,Moderate Learning Pattern,Teamwork Development Required
E108,I10,P019,SE,2003-05-29,F,9,Engineering,English,Tamil,['Jaffna Hindu'],70.95,Medium,71.38,Medium,1,49,16,6,3,1.6666666666666667,3.0,2.6666666666666665,1.3333333333333333,4.666666666666667,2.6666666666666665,2.6,3.0,2.4,"She has faced difficulty maintaining consistent delivery during this cycle, particularly when work became time-sensitive. Collaboration needs improvement because gaps in follow-up can create confusion for others. Punctuality needs improvement because delays sometimes affect coordination and planning. In software engineering tasks, she shows potential, but needs to improve estimation accuracy. This assessment is based on observed delivery, team interaction, and the quality of contribution during the cycle. Overall, she needs focused improvement and closer review in the next appraisal cycle. She has technical or functional ability, but gaps in coordination sometimes create additional effort for others. Collaboration needs improvement because gaps in follow-up can create confusion for others. Punctuality needs improvement because delays sometimes affect coordination and planning. In software engineering tasks, she shows potential, but sometimes delays status updates. She is generally approachable, although response quality changes when workload increases. Overall, she needs focused improvement and closer review in the next appraisal cycle. From a subordinate perspective, she needs to improve communication around decisions and expectations. Collaboration needs improvement because gaps in follow-up can create confusion for others. Leadership impact is limited, and more ownership is needed during planning and decision-making. In software engineering tasks, she shows potential, but should take more ownership during complex defects. Team members benefit when she explains decisions clearly instead of only giving instructions. Overall, she needs focused improvement and closer review in the next appraisal cycle.",-0.93,3,6,9,0.09,Low Leadership Visibility,Stable Productivity Pattern,Moderate Communication Pattern,Collaboration Support Needed,Moderate Learning Pattern,Teamwork Development Required
E109,I10,P019,QA,2001-04-18,M,10,QA,Tamil,Tamil,['Ladies College'],61.28,Medium,62.19,Medium,1,42,23,14,5,3.0,5.0,2.3333333333333335,3.0,4.333333333333333,3.533333333333333,3.4,3.4,3.8,"He shows useful capability in quality assurance responsibilities, though performance is not yet consistent across all situations. Problem solving is strong, especially when unexpected issues require practical decisions. Collaboration needs improvement because gaps in follow-up can create confusion for others. In quality assurance responsibilities, he supports release validation well, but sometimes needs faster turnaround on retesting. Further improvement should be tracked through upcoming sprint outcomes and communication patterns. Overall, he meets many expectations, but more consistency would make the appraisal stronger. As a peer, I see him as capable, but he could be more consistent in sharing progress with the team. Problem solving is strong, especially when unexpected issues require practical decisions. Leadership impact is limited, and more ownership is needed during planning and decision-making. In quality assurance responsibilities, he maintains useful test coverage, but should communicate blockers earlier. The team can work with him effectively when expectations are clear. Overall, he meets many expectations, but more consistency would make the appraisal stronger. He helps the team progress, but there are areas where communication and delegation could improve. Problem solving is strong, especially when unexpected issues require practical decisions. Leadership is present in some situations, but stronger initiative would improve team confidence. In quality assurance responsibilities, he maintains useful test coverage, but should communicate blockers earlier. Team members benefit when he explains decisions clearly instead of only giving instructions. Overall, he meets many expectations, but more consistency would make the appraisal stronger.",0.16,2,9,9,0.05,Low Leadership Visibility,Stable Productivity Pattern,Moderate Communication Pattern,Moderate Collaboration Pattern,Active Learning Pattern,Learning-Oriented Contributor
E110,I10,P019,QA,1986-04-25,M,8,QA,Sinhala,Tamil,['Ananda College'],64.93,Medium,65.43,Medium,2,31,33,5,2,4.333333333333333,2.6666666666666665,4.0,4.333333333333333,2.6666666666666665,3.6,3.6,3.6,3.6,"He shows useful capability in quality assurance responsibilities, though performance is not yet consistent across all situations. Time discipline is a strength, and scheduled discussions or deliverables are usually respected. Communication should improve because missing or late updates can delay decisions. In quality assurance responsibilities, he identifies defects clearly, but sometimes needs faster turnaround on retesting. Further improvement should be tracked through upcoming sprint outcomes and communication patterns. Overall, he meets many expectations, but more consistency would make the appraisal stronger. Working with him is generally manageable, although communication and follow-up can vary depending on workload. Time discipline is a strength, and scheduled discussions or deliverables are usually respected. Communication is generally understandable, but updates are not always timely or complete. In quality assurance responsibilities, he supports release validation well, but needs stronger attention to edge cases. Peer collaboration would improve further if he shared blockers earlier. Overall, he meets many expectations, but more consistency would make the appraisal stronger. He provides direction when needed, but the level of guidance can vary depending on project pressure. Collaboration is effective, and team members are usually included in relevant discussions. Problem solving needs development, particularly when issues are unclear or require independent analysis. In quality assurance responsibilities, he communicates quality risks early, but could improve test documentation consistency. The guidance received from him influences how confidently others handle their tasks. Overall, he meets many expectations, but more consistency would make the appraisal stronger.",0.05,10,4,6,0.0,Strong Leadership Pattern,Stable Productivity Pattern,Communication Improvement Needed,Moderate Collaboration Pattern,Moderate Learning Pattern,Communication Development Required
E111,I10,P019,DevOps,1986-04-15,F,2,Operations,Sinhala,Tamil,['Holy Family'],68.85,Medium,68.25,Medium,0,25,13,10,2,1.6666666666666667,3.0,1.0,4.666666666666667,3.6666666666666665,2.8000000000000003,2.8,3.0,2.6,"She requires closer follow-up to ensure assigned responsibilities are completed with the expected level of quality. Leadership impact is limited, and more ownership is needed during planning and decision-making. Punctuality needs improvement because delays sometimes affect coordination and planning. In DevOps and operational responsibilities, she shows potential, but could document deployment steps better. Further improvement should be tracked through upcoming sprint outcomes and communication patterns. Overall, she needs focused improvement and closer review in the next appraisal cycle. Working with her can be challenging when deadlines are tight because updates are sometimes delayed. Leadership impact is limited, and more ownership is needed during planning and decision-making. Problem solving needs development, particularly when issues are unclear or require independent analysis. In DevOps and operational responsibilities, she shows potential, but needs more proactive monitoring follow-up. Peer collaboration would improve further if she shared blockers earlier. Overall, she needs focused improvement and closer review in the next appraisal cycle. She sometimes gives unclear direction, which can make it difficult for others to prioritize work confidently. Leadership impact is limited, and more ownership is needed during planning and decision-making. Punctuality needs improvement because delays sometimes affect coordination and planning. In DevOps and operational responsibilities, she shows potential, but could document deployment steps better. The guidance received from her influences how confidently others handle their tasks. Overall, she needs focused improvement and closer review in the next appraisal cycle.",-0.68,2,11,4,0.04,Low Leadership Visibility,Stable Productivity Pattern,Moderate Communication Pattern,Moderate Collaboration Pattern,Active Learning Pattern,Learning-Oriented Contributor
E112,I10,P020,PM,1992-07-09,M,6,Management,Sinhala,Sinhalese,['Holy Family'],64.03,Medium,65.13,Medium,3,43,31,3,5,4.666666666666667,2.0,1.0,5.0,2.0,2.9333333333333336,3.2,3.0,2.6,"He has completed assigned responsibilities at an acceptable level, but stronger follow-through would improve overall contribution. Time discipline is a strength, and scheduled discussions or deliverables are usually respected. Leadership impact is limited, and more ownership is needed during planning and decision-making. In project management responsibilities, he coordinates stakeholders effectively, but could delegate decisions more consistently. The rating reflects both measurable work output and observed behaviour in project situations. Overall, he meets many expectations, but more consistency would make the appraisal stronger. As a peer, I feel he needs to improve consistency in communication and task ownership. Leadership impact is limited, and more ownership is needed during planning and decision-making. Problem solving needs development, particularly when issues are unclear or require independent analysis. In project management responsibilities, he shows potential, but sometimes centralizes discussion. Peer collaboration would improve further if he shared blockers earlier. Overall, he needs focused improvement and closer review in the next appraisal cycle. He sometimes gives unclear direction, which can make it difficult for others to prioritize work confidently. Communication should improve because missing or late updates can delay decisions. Leadership impact is limited, and more ownership is needed during planning and decision-making. In project management responsibilities, he shows potential, but needs to balance delivery pressure with team input. The guidance received from him influences how confidently others handle their tasks. Overall, he needs focused improvement and closer review in the next appraisal cycle.",-0.41,5,14,4,0.09,Low Leadership Visibility,Stable Productivity Pattern,Communication Improvement Needed,Strong Team Collaboration Pattern,Low Learning Engagement,Communication Development Required
E113,I10,P020,SE,1992-03-01,F,10,Engineering,Tamil,Sinhalese,['Visakha Vidyalaya'],64.12,Medium,64.04,Medium,1,55,14,6,4,4.333333333333333,2.3333333333333335,3.6666666666666665,4.0,4.0,3.6666666666666665,3.8,3.8,3.4,"She shows useful capability in software engineering tasks, though performance is not yet consistent across all situations. Time discipline is a strength, and scheduled discussions or deliverables are usually respected. Communication is generally understandable, but updates are not always timely or complete. In software engineering tasks, she handles implementation details carefully, but needs to improve estimation accuracy. This assessment is based on observed delivery, team interaction, and the quality of contribution during the cycle. Overall, she meets many expectations, but more consistency would make the appraisal stronger. Working with her is generally manageable, although communication and follow-up can vary depending on workload. Time discipline is a strength, and scheduled discussions or deliverables are usually respected. Collaboration is acceptable, although coordination could be more proactive. In software engineering tasks, she clarifies technical dependencies, but needs to improve estimation accuracy. She is generally approachable, although response quality changes when workload increases. Overall, she meets many expectations, but more consistency would make the appraisal stronger. She provides direction when needed, but the level of guidance can vary depending on project pressure. Collaboration is effective, and team members are usually included in relevant discussions. Problem solving needs development, particularly when issues are unclear or require independent analysis. In software engineering tasks, she handles implementation details carefully, but should take more ownership during complex defects. She usually treats questions professionally, but more open discussion would help junior members. Overall, she meets many expectations, but more consistency would make the appraisal stronger.",0.07,7,3,7,0.05,Emerging Leadership Pattern,Stable Productivity Pattern,Moderate Communication Pattern,Strong Team Collaboration Pattern,Moderate Learning Pattern,Balanced Contributor
E114,I10,P020,SE,1997-09-17,M,1,Engineering,Tamil,Tamil,['Holy Family'],74.97,Medium,73.11,Medium,0,57,11,5,4,2.6666666666666665,4.0,3.0,2.3333333333333335,3.0,3.0,3.4,3.0,2.6,"He shows useful capability in software engineering tasks, though performance is not yet consistent across all situations. Problem solving is strong, especially when unexpected issues require practical decisions. Punctuality needs improvement because delays sometimes affect coordination and planning. In software engineering tasks, he handles implementation details carefully, but should take more ownership during complex defects. This assessment is based on observed delivery, team interaction, and the quality of contribution during the cycle. Overall, he meets many expectations, but more consistency would make the appraisal stronger. As a peer, I feel he needs to improve consistency in communication and task ownership. Communication is generally understandable, but updates are not always timely or complete. Collaboration is acceptable, although coordination could be more proactive. In software engineering tasks, he shows potential, but needs to improve estimation accuracy. He is generally approachable, although response quality changes when workload increases. Overall, he needs focused improvement and closer review in the next appraisal cycle. He may have good intentions, but inconsistent guidance sometimes affects team confidence and planning. Collaboration needs improvement because gaps in follow-up can create confusion for others. Communication should improve because missing or late updates can delay decisions. In software engineering tasks, he shows potential, but could document changes more consistently. Team members benefit when he explains decisions clearly instead of only giving instructions. Overall, he needs focused improvement and closer review in the next appraisal cycle.",-0.6,5,6,9,0.16,Emerging Leadership Pattern,Stable Productivity Pattern,Moderate Communication Pattern,Collaboration Support Needed,Moderate Learning Pattern,Teamwork Development Required
E115,I10,P020,QA,1995-12-19,M,3,QA,Tamil,Sinhalese,['Jaffna Hindu'],62.27,Medium,64.44,Medium,3,33,32,8,2,2.6666666666666665,4.0,3.6666666666666665,1.6666666666666667,2.3333333333333335,2.8666666666666667,2.6,2.6,3.4,"He requires closer follow-up to ensure assigned responsibilities are completed with the expected level of quality. Communication should improve because missing or late updates can delay decisions. Collaboration needs improvement because gaps in follow-up can create confusion for others. In quality assurance responsibilities, he shows potential, but needs stronger attention to edge cases. Further improvement should be tracked through upcoming sprint outcomes and communication patterns. Overall, he needs focused improvement and closer review in the next appraisal cycle. Working with him can be challenging when deadlines are tight because updates are sometimes delayed. Collaboration needs improvement because gaps in follow-up can create confusion for others. Communication is generally understandable, but updates are not always timely or complete. In quality assurance responsibilities, he shows potential, but should communicate blockers earlier. The team can work with him effectively when expectations are clear. Overall, he needs focused improvement and closer review in the next appraisal cycle. From a subordinate perspective, he is generally supportive, although decisions are sometimes communicated late. Problem solving is strong, especially when unexpected issues require practical decisions. Communication is generally understandable, but updates are not always timely or complete. In quality assurance responsibilities, he supports release validation well, but should communicate blockers earlier. He usually treats questions professionally, but more open discussion would help junior members. Overall, he meets many expectations, but more consistency would make the appraisal stronger.",-0.3,9,3,6,0.21,Emerging Leadership Pattern,Stable Productivity Pattern,Communication Improvement Needed,Collaboration Support Needed,Moderate Learning Pattern,Communication Development Required
E116,I10,P020,DevOps,1989-11-11,F,8,Operations,Sinhala,Sinhalese,['Royal College'],68.37,Medium,70.16,Medium,4,23,10,6,4,4.333333333333333,1.0,2.6666666666666665,3.0,4.333333333333333,3.0666666666666664,3.0,3.6,2.6,"She requires closer follow-up to ensure assigned responsibilities are completed with the expected level of quality. Problem solving needs development, particularly when issues are unclear or require independent analysis. Collaboration needs improvement because gaps in follow-up can create confusion for others. In DevOps and operational responsibilities, she shows potential, but needs more proactive monitoring follow-up. Further improvement should be tracked through upcoming sprint outcomes and communication patterns. Overall, she needs focused improvement and closer review in the next appraisal cycle. As a peer, I see her as capable, but she could be more consistent in sharing progress with the team. Communication is clear and timely, which helps the team understand progress and risks. Problem solving needs development, particularly when issues are unclear or require independent analysis. In DevOps and operational responsibilities, she responds well during deployment issues, but could document deployment steps better. Peer collaboration would improve further if she shared blockers earlier. Overall, she meets many expectations, but more consistency would make the appraisal stronger. From a subordinate perspective, she needs to improve communication around decisions and expectations. Leadership impact is limited, and more ownership is needed during planning and decision-making. Problem solving needs development, particularly when issues are unclear or require independent analysis. In DevOps and operational responsibilities, she shows potential, but needs more proactive monitoring follow-up. She usually treats questions professionally, but more open discussion would help junior members. Overall, she needs focused improvement and closer review in the next appraisal cycle.",-0.54,4,4,7,0.25,Low Leadership Visibility,Stable Productivity Pattern,Clear and Responsive Communicator,Moderate Collaboration Pattern,Moderate Learning Pattern,Balanced Contributor
E117,I07,P021,PM,1985-02-02,M,2,Management,English,Tamil,['Royal College'],75.13,High,74.49,Medium,3,49,27,3,5,5.0,1.6666666666666667,3.6666666666666665,2.0,3.6666666666666665,3.1999999999999997,3.0,2.8,3.8,"He has faced difficulty maintaining consistent delivery during this cycle, particularly when work became time-sensitive. Collaboration needs improvement because gaps in follow-up can create confusion for others. Problem solving needs development, particularly when issues are unclear or require independent analysis. In project management responsibilities, he shows potential, but should improve transparency during priority changes. This assessment is based on observed delivery, team interaction, and the quality of contribution during the cycle. Overall, he needs focused improvement and closer review in the next appraisal cycle. He has technical or functional ability, but gaps in coordination sometimes create additional effort for others. Problem solving needs development, particularly when issues are unclear or require independent analysis. Communication should improve because missing or late updates can delay decisions. In project management responsibilities, he shows potential, but should improve transparency during priority changes. Peer collaboration would improve further if he shared blockers earlier. Overall, he needs focused improvement and closer review in the next appraisal cycle. He helps the team progress, but there are areas where communication and delegation could improve. Time discipline is a strength, and scheduled discussions or deliverables are usually respected. Problem solving needs development, particularly when issues are unclear or require independent analysis. In project management responsibilities, he supports planning discussions well, but needs to balance delivery pressure with team input. He usually treats questions professionally, but more open discussion would help junior members. Overall, he meets many expectations, but more consistency would make the appraisal stronger.",-0.53,6,1,9,0.28,Emerging Leadership Pattern,Stable Productivity Pattern,Moderate Communication Pattern,Collaboration Support Needed,Low Learning Engagement,Teamwork Development Required
E118,I07,P021,SE,1996-10-03,M,9,Engineering,Sinhala,Sinhalese,['Nalanda College'],72.3,Medium,69.49,Medium,4,41,35,9,3,2.6666666666666665,3.6666666666666665,4.333333333333333,1.6666666666666667,1.3333333333333333,2.733333333333333,2.6,3.0,2.6,"He requires closer follow-up to ensure assigned responsibilities are completed with the expected level of quality. Communication should improve because missing or late updates can delay decisions. Collaboration needs improvement because gaps in follow-up can create confusion for others. In software engineering tasks, he shows potential, but needs to improve estimation accuracy. This assessment is based on observed delivery, team interaction, and the quality of contribution during the cycle. Overall, he needs focused improvement and closer review in the next appraisal cycle. As a peer, I feel he needs to improve consistency in communication and task ownership. Communication should improve because missing or late updates can delay decisions. Collaboration needs improvement because gaps in follow-up can create confusion for others. In software engineering tasks, he shows potential, but sometimes delays status updates. Peer collaboration would improve further if he shared blockers earlier. Overall, he needs focused improvement and closer review in the next appraisal cycle. He may have good intentions, but inconsistent guidance sometimes affects team confidence and planning. Collaboration needs improvement because gaps in follow-up can create confusion for others. Communication should improve because missing or late updates can delay decisions. In software engineering tasks, he shows potential, but could document changes more consistently. He usually treats questions professionally, but more open discussion would help junior members. Overall, he needs focused improvement and closer review in the next appraisal cycle.",-0.86,10,5,9,0.05,Strong Leadership Pattern,Stable Productivity Pattern,Communication Improvement Needed,Collaboration Support Needed,Moderate Learning Pattern,Communication Development Required
E119,I07,P021,SE,1993-06-01,M,6,Engineering,Tamil,Sinhalese,['Jaffna Hindu'],72.87,Medium,71.8,Medium,0,52,33,3,5,4.666666666666667,2.0,1.6666666666666667,2.0,3.6666666666666665,2.8000000000000003,3.2,2.6,2.6,"He has met most expectations during this cycle, although there are still areas where consistency can improve. Time discipline is a strength, and scheduled discussions or deliverables are usually respected. Collaboration needs improvement because gaps in follow-up can create confusion for others. In software engineering tasks, he supports debugging discussions, but needs to improve estimation accuracy. This assessment is based on observed delivery, team interaction, and the quality of contribution during the cycle. Overall, he meets many expectations, but more consistency would make the appraisal stronger. Working with him can be challenging when deadlines are tight because updates are sometimes delayed. Problem solving needs development, particularly when issues are unclear or require independent analysis. Collaboration needs improvement because gaps in follow-up can create confusion for others. In software engineering tasks, he shows potential, but should take more ownership during complex defects. The team can work with him effectively when expectations are clear. Overall, he needs focused improvement and closer review in the next appraisal cycle. From a subordinate perspective, he needs to improve communication around decisions and expectations. Leadership impact is limited, and more ownership is needed during planning and decision-making. Collaboration needs improvement because gaps in follow-up can create confusion for others. In software engineering tasks, he shows potential, but could document changes more consistently. Team members benefit when he explains decisions clearly instead of only giving instructions. Overall, he needs focused improvement and closer review in the next appraisal cycle.",-0.52,4,6,8,0.12,Low Leadership Visibility,Stable Productivity Pattern,Moderate Communication Pattern,Collaboration Support Needed,Low Learning Engagement,Teamwork Development Required
E120,I07,P021,SE,2001-07-06,M,6,Engineering,English,Sinhalese,['Jaffna Hindu'],65.42,Medium,66.51,Medium,3,19,27,14,4,2.6666666666666665,1.6666666666666667,3.6666666666666665,3.3333333333333335,3.0,2.8666666666666667,3.0,3.0,2.6,"He has faced difficulty maintaining consistent delivery during this cycle, particularly when work became time-sensitive. Problem solving needs development, particularly when issues are unclear or require independent analysis. Communication should improve because missing or late updates can delay decisions. In software engineering tasks, he shows potential, but needs to improve estimation accuracy. The rating reflects both measurable work output and observed behaviour in project situations. Overall, he needs focused improvement and closer review in the next appraisal cycle. He has technical or functional ability, but gaps in coordination sometimes create additional effort for others. Problem solving needs development, particularly when issues are unclear or require independent analysis. Leadership is present in some situations, but stronger initiative would improve team confidence. In software engineering tasks, he shows potential, but needs to improve estimation accuracy. He is generally approachable, although response quality changes when workload increases. Overall, he needs focused improvement and closer review in the next appraisal cycle. From a subordinate perspective, he needs to improve communication around decisions and expectations. Collaboration needs improvement because gaps in follow-up can create confusion for others. Punctuality needs improvement because delays sometimes affect coordination and planning. In software engineering tasks, he shows potential, but should take more ownership during complex defects. The guidance received from him influences how confidently others handle their tasks. Overall, he needs focused improvement and closer review in the next appraisal cycle.",-0.73,3,6,4,0.05,Emerging Leadership Pattern,Stable Productivity Pattern,Moderate Communication Pattern,Moderate Collaboration Pattern,Active Learning Pattern,Learning-Oriented Contributor
E121,I07,P021,QA,2003-01-26,F,7,QA,Tamil,Sinhalese,"[""St. John's College""]",63.98,Medium,64.4,Medium,2,24,25,8,2,2.0,4.0,4.666666666666667,3.3333333333333335,2.6666666666666665,3.3333333333333335,3.6,3.0,3.4,"She has completed assigned responsibilities at an acceptable level, but stronger follow-through would improve overall contribution. Leadership is visible through initiative, guidance, and willingness to take responsibility. Punctuality needs improvement because delays sometimes affect coordination and planning. In quality assurance responsibilities, she communicates quality risks early, but needs stronger attention to edge cases. The rating reflects both measurable work output and observed behaviour in project situations. Overall, she meets many expectations, but more consistency would make the appraisal stronger. She has technical or functional ability, but gaps in coordination sometimes create additional effort for others. Punctuality needs improvement because delays sometimes affect coordination and planning. Communication is generally understandable, but updates are not always timely or complete. In quality assurance responsibilities, she shows potential, but should communicate blockers earlier. She is generally approachable, although response quality changes when workload increases. Overall, she needs focused improvement and closer review in the next appraisal cycle. From a subordinate perspective, she is generally supportive, although decisions are sometimes communicated late. Problem solving is strong, especially when unexpected issues require practical decisions. Communication should improve because missing or late updates can delay decisions. In quality assurance responsibilities, she maintains useful test coverage, but sometimes needs faster turnaround on retesting. She usually treats questions professionally, but more open discussion would help junior members. Overall, she meets many expectations, but more consistency would make the appraisal stronger.",-0.26,6,7,5,0.09,Strong Leadership Pattern,Stable Productivity Pattern,Communication Improvement Needed,Moderate Collaboration Pattern,Moderate Learning Pattern,Communication Development Required
E122,I07,P021,DevOps,2003-05-03,M,4,Operations,Sinhala,Sinhalese,['Nalanda College'],66.3,Medium,66.02,Medium,0,54,32,8,5,3.3333333333333335,2.6666666666666665,2.0,3.0,4.666666666666667,3.1333333333333333,3.2,2.6,3.6,"He shows useful capability in DevOps and operational responsibilities, though performance is not yet consistent across all situations. Time discipline is a strength, and scheduled discussions or deliverables are usually respected. Leadership impact is limited, and more ownership is needed during planning and decision-making. In DevOps and operational responsibilities, he responds well during deployment issues, but needs more proactive monitoring follow-up. This assessment is based on observed delivery, team interaction, and the quality of contribution during the cycle. Overall, he meets many expectations, but more consistency would make the appraisal stronger. Working with him can be challenging when deadlines are tight because updates are sometimes delayed. Collaboration needs improvement because gaps in follow-up can create confusion for others. Leadership impact is limited, and more ownership is needed during planning and decision-making. In DevOps and operational responsibilities, he shows potential, but needs more proactive monitoring follow-up. He is generally approachable, although response quality changes when workload increases. Overall, he needs focused improvement and closer review in the next appraisal cycle. From a subordinate perspective, he is generally supportive, although decisions are sometimes communicated late. Communication is clear and timely, which helps the team understand progress and risks. Collaboration is acceptable, although coordination could be more proactive. In DevOps and operational responsibilities, he responds well during deployment issues, but needs more proactive monitoring follow-up. The guidance received from him influences how confidently others handle their tasks. Overall, he meets many expectations, but more consistency would make the appraisal stronger.",-0.29,3,8,6,0.25,Low Leadership Visibility,Stable Productivity Pattern,Moderate Communication Pattern,Moderate Collaboration Pattern,Moderate Learning Pattern,Balanced Contributor
E123,I06,P022,PM,1985-03-26,M,4,Management,Tamil,Tamil,['Jaffna Hindu'],65.27,Medium,65.24,Medium,1,34,13,12,3,3.3333333333333335,5.0,1.6666666666666667,4.0,4.666666666666667,3.733333333333333,3.8,3.6,3.8,"He shows useful capability in project management responsibilities, though performance is not yet consistent across all situations. Problem solving is strong, especially when unexpected issues require practical decisions. Leadership impact is limited, and more ownership is needed during planning and decision-making. In project management responsibilities, he tracks project risks carefully, but needs to balance delivery pressure with team input. Further improvement should be tracked through upcoming sprint outcomes and communication patterns. Overall, he meets many expectations, but more consistency would make the appraisal stronger. Working with him is generally manageable, although communication and follow-up can vary depending on workload. Problem solving is strong, especially when unexpected issues require practical decisions. Leadership impact is limited, and more ownership is needed during planning and decision-making. In project management responsibilities, he keeps the team aligned, but needs to balance delivery pressure with team input. Peer collaboration would improve further if he shared blockers earlier. Overall, he meets many expectations, but more consistency would make the appraisal stronger. He helps the team progress, but there are areas where communication and delegation could improve. Problem solving is strong, especially when unexpected issues require practical decisions. Leadership is present in some situations, but stronger initiative would improve team confidence. In project management responsibilities, he supports planning discussions well, but needs to balance delivery pressure with team input. He usually treats questions professionally, but more open discussion would help junior members. Overall, he meets many expectations, but more consistency would make the appraisal stronger.",-0.14,5,11,10,0.01,Low Leadership Visibility,Stable Productivity Pattern,Moderate Communication Pattern,Moderate Collaboration Pattern,Active Learning Pattern,Learning-Oriented Contributor
E124,I06,P022,SE,1991-08-23,F,8,Engineering,Sinhala,Tamil,['Jaffna Hindu'],69.53,Medium,69.44,Medium,0,54,23,4,4,4.666666666666667,2.6666666666666665,3.6666666666666665,4.666666666666667,3.0,3.733333333333333,3.6,4.0,3.6,"She shows useful capability in software engineering tasks, though performance is not yet consistent across all situations. Time discipline is a strength, and scheduled discussions or deliverables are usually respected. Leadership impact is limited, and more ownership is needed during planning and decision-making. In software engineering tasks, she handles implementation details carefully, but needs to improve estimation accuracy. The rating reflects both measurable work output and observed behaviour in project situations. Overall, she meets many expectations, but more consistency would make the appraisal stronger. Working with her is generally manageable, although communication and follow-up can vary depending on workload. Time discipline is a strength, and scheduled discussions or deliverables are usually respected. Problem solving needs development, particularly when issues are unclear or require independent analysis. In software engineering tasks, she writes maintainable code, but needs to improve estimation accuracy. The team can work with her effectively when expectations are clear. Overall, she meets many expectations, but more consistency would make the appraisal stronger. From a subordinate perspective, she is generally supportive, although decisions are sometimes communicated late. Time discipline is a strength, and scheduled discussions or deliverables are usually respected. Communication is generally understandable, but updates are not always timely or complete. In software engineering tasks, she clarifies technical dependencies, but should take more ownership during complex defects. The guidance received from her influences how confidently others handle their tasks. Overall, she meets many expectations, but more consistency would make the appraisal stronger.",0.22,6,6,2,0.05,Emerging Leadership Pattern,Stable Productivity Pattern,Moderate Communication Pattern,Strong Team Collaboration Pattern,Low Learning Engagement,Balanced Contributor
E125,I06,P022,SE,1987-01-29,F,12,Engineering,Tamil,Sinhalese,['Visakha Vidyalaya'],59.63,Medium,64.5,Medium,3,30,23,4,4,1.6666666666666667,3.6666666666666665,4.333333333333333,2.0,4.0,3.1333333333333333,3.6,2.6,3.2,"She shows useful capability in software engineering tasks, though performance is not yet consistent across all situations. Problem solving is strong, especially when unexpected issues require practical decisions. Collaboration needs improvement because gaps in follow-up can create confusion for others. In software engineering tasks, she supports debugging discussions, but sometimes delays status updates. Further improvement should be tracked through upcoming sprint outcomes and communication patterns. Overall, she meets many expectations, but more consistency would make the appraisal stronger. She has technical or functional ability, but gaps in coordination sometimes create additional effort for others. Punctuality needs improvement because delays sometimes affect coordination and planning. Communication should improve because missing or late updates can delay decisions. In software engineering tasks, she shows potential, but could document changes more consistently. Peer collaboration would improve further if she shared blockers earlier. Overall, she needs focused improvement and closer review in the next appraisal cycle. She helps the team progress, but there are areas where communication and delegation could improve. Communication is clear and timely, which helps the team understand progress and risks. Collaboration needs improvement because gaps in follow-up can create confusion for others. In software engineering tasks, she clarifies technical dependencies, but should take more ownership during complex defects. The guidance received from her influences how confidently others handle their tasks. Overall, she meets many expectations, but more consistency would make the appraisal stronger.",-0.45,8,4,9,0.25,Strong Leadership Pattern,Stable Productivity Pattern,Clear and Responsive Communicator,Collaboration Support Needed,Low Learning Engagement,Teamwork Development Required
E126,I06,P022,SE,2003-05-20,M,9,Engineering,Sinhala,Tamil,['Ladies College'],67.5,Medium,67.72,Medium,3,55,26,11,2,2.3333333333333335,4.666666666666667,1.6666666666666667,1.6666666666666667,3.0,2.6666666666666665,2.0,3.0,3.0,"He has shown potential, but several gaps in execution and communication affected the team’s workflow. Collaboration needs improvement because gaps in follow-up can create confusion for others. Leadership impact is limited, and more ownership is needed during planning and decision-making. In software engineering tasks, he shows potential, but should take more ownership during complex defects. Further improvement should be tracked through upcoming sprint outcomes and communication patterns. Overall, he needs focused improvement and closer review in the next appraisal cycle. Working with him can be challenging when deadlines are tight because updates are sometimes delayed. Leadership impact is limited, and more ownership is needed during planning and decision-making. Collaboration needs improvement because gaps in follow-up can create confusion for others. In software engineering tasks, he shows potential, but needs to improve estimation accuracy. He is generally approachable, although response quality changes when workload increases. Overall, he needs focused improvement and closer review in the next appraisal cycle. He sometimes gives unclear direction, which can make it difficult for others to prioritize work confidently. Collaboration needs improvement because gaps in follow-up can create confusion for others. Communication is generally understandable, but updates are not always timely or complete. In software engineering tasks, he shows potential, but needs to improve estimation accuracy. The guidance received from him influences how confidently others handle their tasks. Overall, he needs focused improvement and closer review in the next appraisal cycle.",-0.79,5,9,4,0.33,Low Leadership Visibility,Stable Productivity Pattern,Moderate Communication Pattern,Collaboration Support Needed,Active Learning Pattern,Teamwork Development Required
E127,I06,P022,QA,2001-07-04,M,1,QA,Tamil,Sinhalese,"[""St. John's College""]",69.12,Medium,69.33,Medium,3,51,14,5,5,3.0,2.0,1.6666666666666667,2.6666666666666665,2.6666666666666665,2.4,2.0,2.4,2.8,"He requires closer follow-up to ensure assigned responsibilities are completed with the expected level of quality. Leadership impact is limited, and more ownership is needed during planning and decision-making. Communication should improve because missing or late updates can delay decisions. In quality assurance responsibilities, he shows potential, but sometimes needs faster turnaround on retesting. Further improvement should be tracked through upcoming sprint outcomes and communication patterns. Overall, he needs focused improvement and closer review in the next appraisal cycle. Working with him can be challenging when deadlines are tight because updates are sometimes delayed. Problem solving needs development, particularly when issues are unclear or require independent analysis. Leadership impact is limited, and more ownership is needed during planning and decision-making. In quality assurance responsibilities, he shows potential, but should communicate blockers earlier. He is generally approachable, although response quality changes when workload increases. Overall, he needs focused improvement and closer review in the next appraisal cycle. He sometimes gives unclear direction, which can make it difficult for others to prioritize work confidently. Leadership impact is limited, and more ownership is needed during planning and decision-making. Problem solving needs development, particularly when issues are unclear or require independent analysis. In quality assurance responsibilities, he shows potential, but should communicate blockers earlier. The guidance received from him influences how confidently others handle their tasks. Overall, he needs focused improvement and closer review in the next appraisal cycle.",-0.6,4,12,0,0.16,Low Leadership Visibility,Stable Productivity Pattern,Communication Improvement Needed,Collaboration Support Needed,Moderate Learning Pattern,Communication Development Required
E128,I06,P022,QA,1995-02-20,M,8,QA,Sinhala,Sinhalese,['Holy Family'],67.55,Medium,65.86,Medium,1,52,20,9,3,2.3333333333333335,4.333333333333333,4.0,3.3333333333333335,2.6666666666666665,3.3333333333333335,3.8,3.0,3.2,"He has met most expectations during this cycle, although there are still areas where consistency can improve. Problem solving is strong, especially when unexpected issues require practical decisions. Punctuality needs improvement because delays sometimes affect coordination and planning. In quality assurance responsibilities, he supports release validation well, but could improve test documentation consistency. Further improvement should be tracked through upcoming sprint outcomes and communication patterns. Overall, he meets many expectations, but more consistency would make the appraisal stronger. As a peer, I feel he needs to improve consistency in communication and task ownership. Communication should improve because missing or late updates can delay decisions. Collaboration is acceptable, although coordination could be more proactive. In quality assurance responsibilities, he shows potential, but should communicate blockers earlier. Peer collaboration would improve further if he shared blockers earlier. Overall, he needs focused improvement and closer review in the next appraisal cycle. He provides direction when needed, but the level of guidance can vary depending on project pressure. Leadership is visible through initiative, guidance, and willingness to take responsibility. Communication should improve because missing or late updates can delay decisions. In quality assurance responsibilities, he communicates quality risks early, but sometimes needs faster turnaround on retesting. Team members benefit when he explains decisions clearly instead of only giving instructions. Overall, he meets many expectations, but more consistency would make the appraisal stronger.",-0.52,7,11,9,0.17,Strong Leadership Pattern,Stable Productivity Pattern,Communication Improvement Needed,Moderate Collaboration Pattern,Moderate Learning Pattern,Communication Development Required
E129,I06,P022,DevOps,2001-08-28,F,6,Operations,English,Tamil,['Musaeus College'],69.57,Medium,69.33,Medium,1,36,32,15,4,5.0,4.666666666666667,1.6666666666666667,1.6666666666666667,2.3333333333333335,3.0666666666666664,3.4,2.8,3.0,"She shows useful capability in DevOps and operational responsibilities, though performance is not yet consistent across all situations. Time discipline is a strength, and scheduled discussions or deliverables are usually respected. Collaboration needs improvement because gaps in follow-up can create confusion for others. In DevOps and operational responsibilities, she communicates operational risks clearly, but needs more proactive monitoring follow-up. Further improvement should be tracked through upcoming sprint outcomes and communication patterns. Overall, she meets many expectations, but more consistency would make the appraisal stronger. She has technical or functional ability, but gaps in coordination sometimes create additional effort for others. Collaboration needs improvement because gaps in follow-up can create confusion for others. Communication should improve because missing or late updates can delay decisions. In DevOps and operational responsibilities, she shows potential, but could document deployment steps better. The team can work with her effectively when expectations are clear. Overall, she needs focused improvement and closer review in the next appraisal cycle. She may have good intentions, but inconsistent guidance sometimes affects team confidence and planning. Leadership impact is limited, and more ownership is needed during planning and decision-making. Communication should improve because missing or late updates can delay decisions. In DevOps and operational responsibilities, she shows potential, but could document deployment steps better. She usually treats questions professionally, but more open discussion would help junior members. Overall, she needs focused improvement and closer review in the next appraisal cycle.",-0.46,8,6,6,0.09,Low Leadership Visibility,Stable Productivity Pattern,Communication Improvement Needed,Collaboration Support Needed,Active Learning Pattern,Communication Development Required
E130,I09,P023,PM,2000-10-18,F,6,Management,English,Sinhalese,['Ananda College'],73.72,Medium,72.19,Medium,0,35,20,11,5,3.6666666666666665,2.6666666666666665,2.3333333333333335,3.3333333333333335,4.0,3.1999999999999997,3.6,2.6,3.4,"She has completed assigned responsibilities at an acceptable level, but stronger follow-through would improve overall contribution. Collaboration is effective, and team members are usually included in relevant discussions. Problem solving needs development, particularly when issues are unclear or require independent analysis. In project management responsibilities, she coordinates stakeholders effectively, but needs to balance delivery pressure with team input. This assessment is based on observed delivery, team interaction, and the quality of contribution during the cycle. Overall, she meets many expectations, but more consistency would make the appraisal stronger. As a peer, I feel she needs to improve consistency in communication and task ownership. Leadership impact is limited, and more ownership is needed during planning and decision-making. Collaboration needs improvement because gaps in follow-up can create confusion for others. In project management responsibilities, she shows potential, but needs to balance delivery pressure with team input. She is generally approachable, although response quality changes when workload increases. Overall, she needs focused improvement and closer review in the next appraisal cycle. From a subordinate perspective, she is generally supportive, although decisions are sometimes communicated late. Time discipline is a strength, and scheduled discussions or deliverables are usually respected. Collaboration is acceptable, although coordination could be more proactive. In project management responsibilities, she tracks project risks carefully, but needs to balance delivery pressure with team input. She usually treats questions professionally, but more open discussion would help junior members. Overall, she meets many expectations, but more consistency would make the appraisal stronger.",-0.31,4,5,13,0.28,Low Leadership Visibility,Stable Productivity Pattern,Moderate Communication Pattern,Moderate Collaboration Pattern,Active Learning Pattern,Learning-Oriented Contributor
E131,I09,P023,SE,1998-06-08,F,6,Engineering,Sinhala,Sinhalese,"[""St. John's College""]",65.7,Medium,65.73,Medium,1,21,24,6,2,2.6666666666666665,5.0,5.0,1.6666666666666667,1.0,3.0666666666666664,3.2,3.2,2.8,"She has met most expectations during this cycle, although there are still areas where consistency can improve. Problem solving is strong, especially when unexpected issues require practical decisions. Communication should improve because missing or late updates can delay decisions. In software engineering tasks, she writes maintainable code, but sometimes delays status updates. Further improvement should be tracked through upcoming sprint outcomes and communication patterns. Overall, she meets many expectations, but more consistency would make the appraisal stronger. She contributes to the team, but there are moments where clearer coordination would make collaboration easier. Problem solving is strong, especially when unexpected issues require practical decisions. Communication should improve because missing or late updates can delay decisions. In software engineering tasks, she supports debugging discussions, but should take more ownership during complex defects. The team can work with her effectively when expectations are clear. Overall, she meets many expectations, but more consistency would make the appraisal stronger. From a subordinate perspective, she needs to improve communication around decisions and expectations. Communication should improve because missing or late updates can delay decisions. Collaboration needs improvement because gaps in follow-up can create confusion for others. In software engineering tasks, she shows potential, but sometimes delays status updates. The guidance received from her influences how confidently others handle their tasks. Overall, she needs focused improvement and closer review in the next appraisal cycle.",-0.25,13,8,6,0.05,Strong Leadership Pattern,Stable Productivity Pattern,Communication Improvement Needed,Collaboration Support Needed,Moderate Learning Pattern,Communication Development Required
E132,I09,P023,SE,1992-06-15,M,4,Engineering,Sinhala,Sinhalese,['Royal College'],67.2,Medium,66.2,Medium,4,49,14,3,3,3.3333333333333335,4.333333333333333,1.3333333333333333,5.0,2.0,3.1999999999999997,3.4,3.2,3.0,"He shows useful capability in software engineering tasks, though performance is not yet consistent across all situations. Problem solving is strong, especially when unexpected issues require practical decisions. Communication should improve because missing or late updates can delay decisions. In software engineering tasks, he handles implementation details carefully, but should take more ownership during complex defects. The rating reflects both measurable work output and observed behaviour in project situations. Overall, he meets many expectations, but more consistency would make the appraisal stronger. Working with him is generally manageable, although communication and follow-up can vary depending on workload. Collaboration is effective, and team members are usually included in relevant discussions. Leadership impact is limited, and more ownership is needed during planning and decision-making. In software engineering tasks, he handles implementation details carefully, but could document changes more consistently. The team can work with him effectively when expectations are clear. Overall, he meets many expectations, but more consistency would make the appraisal stronger. From a subordinate perspective, he needs to improve communication around decisions and expectations. Communication should improve because missing or late updates can delay decisions. Leadership impact is limited, and more ownership is needed during planning and decision-making. In software engineering tasks, he shows potential, but sometimes delays status updates. Team members benefit when he explains decisions clearly instead of only giving instructions. Overall, he needs focused improvement and closer review in the next appraisal cycle.",-0.18,9,12,6,0.04,Low Leadership Visibility,Stable Productivity Pattern,Communication Improvement Needed,Moderate Collaboration Pattern,Low Learning Engagement,Communication Development Required
E133,I09,P023,QA,1993-05-30,F,3,QA,English,Tamil,['Ananda College'],66.08,Medium,66.59,Medium,3,23,16,7,4,2.3333333333333335,3.0,5.0,4.666666666666667,3.6666666666666665,3.733333333333334,3.4,4.2,3.6,"She has met most expectations during this cycle, although there are still areas where consistency can improve. Leadership is visible through initiative, guidance, and willingness to take responsibility. Problem solving needs development, particularly when issues are unclear or require independent analysis. In quality assurance responsibilities, she maintains useful test coverage, but needs stronger attention to edge cases. Further improvement should be tracked through upcoming sprint outcomes and communication patterns. Overall, she meets many expectations, but more consistency would make the appraisal stronger. As a peer, I find her reliable during collaborative work and willing to support others when issues arise. Leadership is visible through initiative, guidance, and willingness to take responsibility. Collaboration is effective, and team members are usually included in relevant discussions. In quality assurance responsibilities, she identifies defects clearly and shows awareness of how her work affects project delivery. Peer collaboration would improve further if she shared blockers earlier. Overall, she is viewed as a dependable contributor, with only minor areas to refine as responsibilities increase. From a subordinate perspective, she is generally supportive, although decisions are sometimes communicated late. Leadership is visible through initiative, guidance, and willingness to take responsibility. Punctuality needs improvement because delays sometimes affect coordination and planning. In quality assurance responsibilities, she identifies defects clearly, but should communicate blockers earlier. She usually treats questions professionally, but more open discussion would help junior members. Overall, she meets many expectations, but more consistency would make the appraisal stronger.",0.2,3,13,11,0.17,Strong Leadership Pattern,Stable Productivity Pattern,Moderate Communication Pattern,Strong Team Collaboration Pattern,Moderate Learning Pattern,Collaborative Leader
E134,I09,P023,DevOps,1989-11-05,M,6,Operations,Tamil,Tamil,['Ladies College'],66.25,Medium,66.02,Medium,3,30,26,9,2,4.333333333333333,3.6666666666666665,3.3333333333333335,4.0,4.666666666666667,4.0,3.8,4.2,4.0,"He has completed assigned responsibilities at an acceptable level, but stronger follow-through would improve overall contribution. Communication is clear and timely, which helps the team understand progress and risks. Leadership is present in some situations, but stronger initiative would improve team confidence. In DevOps and operational responsibilities, he communicates operational risks clearly, but needs more proactive monitoring follow-up. Further improvement should be tracked through upcoming sprint outcomes and communication patterns. Overall, he meets many expectations, but more consistency would make the appraisal stronger. As a peer, I find him reliable during collaborative work and willing to support others when issues arise. Time discipline is a strength, and scheduled discussions or deliverables are usually respected. Problem solving is strong, especially when unexpected issues require practical decisions. In DevOps and operational responsibilities, he communicates operational risks clearly and shows awareness of how his work affects project delivery. Peer collaboration would improve further if he shared blockers earlier. Overall, he is viewed as a dependable contributor, with only minor areas to refine as responsibilities increase. He provides direction when needed, but the level of guidance can vary depending on project pressure. Time discipline is a strength, and scheduled discussions or deliverables are usually respected. Problem solving needs development, particularly when issues are unclear or require independent analysis. In DevOps and operational responsibilities, he supports automation tasks effectively, but should improve handover notes. He usually treats questions professionally, but more open discussion would help junior members. Overall, he meets many expectations, but more consistency would make the appraisal stronger.",0.31,7,5,9,0.04,Emerging Leadership Pattern,Stable Productivity Pattern,Clear and Responsive Communicator,Moderate Collaboration Pattern,Moderate Learning Pattern,Balanced Contributor
E135,I05,P024,PM,2003-05-22,F,6,Management,Sinhala,Tamil,['Royal College'],65.57,Medium,65.45,Medium,0,21,30,11,2,4.666666666666667,2.0,3.3333333333333335,3.6666666666666665,3.6666666666666665,3.466666666666667,3.4,3.2,3.8,"She has met most expectations during this cycle, although there are still areas where consistency can improve. Collaboration is effective, and team members are usually included in relevant discussions. Problem solving needs development, particularly when issues are unclear or require independent analysis. In project management responsibilities, she tracks project risks carefully, but could delegate decisions more consistently. Further improvement should be tracked through upcoming sprint outcomes and communication patterns. Overall, she meets many expectations, but more consistency would make the appraisal stronger. She contributes to the team, but there are moments where clearer coordination would make collaboration easier. Time discipline is a strength, and scheduled discussions or deliverables are usually respected. Collaboration needs improvement because gaps in follow-up can create confusion for others. In project management responsibilities, she keeps the team aligned, but should improve transparency during priority changes. The team can work with her effectively when expectations are clear. Overall, she meets many expectations, but more consistency would make the appraisal stronger. She helps the team progress, but there are areas where communication and delegation could improve. Time discipline is a strength, and scheduled discussions or deliverables are usually respected. Problem solving needs development, particularly when issues are unclear or require independent analysis. In project management responsibilities, she keeps the team aligned, but should improve transparency during priority changes. The guidance received from her influences how confidently others handle their tasks. Overall, she meets many expectations, but more consistency would make the appraisal stronger.",0.0,5,2,11,0.09,Emerging Leadership Pattern,Stable Productivity Pattern,Moderate Communication Pattern,Moderate Collaboration Pattern,Active Learning Pattern,Learning-Oriented Contributor
E136,I05,P024,SE,2002-12-17,M,12,Engineering,English,Tamil,['Jaffna Hindu'],62.57,Medium,64.73,Medium,1,57,33,15,3,2.6666666666666665,1.3333333333333333,1.6666666666666667,5.0,2.6666666666666665,2.6666666666666665,2.8,2.4,2.8,"He requires closer follow-up to ensure assigned responsibilities are completed with the expected level of quality. Leadership impact is limited, and more ownership is needed during planning and decision-making. Problem solving needs development, particularly when issues are unclear or require independent analysis. In software engineering tasks, he shows potential, but needs to improve estimation accuracy. This assessment is based on observed delivery, team interaction, and the quality of contribution during the cycle. Overall, he needs focused improvement and closer review in the next appraisal cycle. Working with him can be challenging when deadlines are tight because updates are sometimes delayed. Leadership impact is limited, and more ownership is needed during planning and decision-making. Communication should improve because missing or late updates can delay decisions. In software engineering tasks, he shows potential, but should take more ownership during complex defects. He is generally approachable, although response quality changes when workload increases. Overall, he needs focused improvement and closer review in the next appraisal cycle. He sometimes gives unclear direction, which can make it difficult for others to prioritize work confidently. Problem solving needs development, particularly when issues are unclear or require independent analysis. Punctuality needs improvement because delays sometimes affect coordination and planning. In software engineering tasks, he shows potential, but sometimes delays status updates. The guidance received from him influences how confidently others handle their tasks. Overall, he needs focused improvement and closer review in the next appraisal cycle.",-0.62,5,10,2,0.05,Low Leadership Visibility,Stable Productivity Pattern,Communication Improvement Needed,Moderate Collaboration Pattern,Active Learning Pattern,Communication Development Required
E137,I05,P024,SE,1996-07-12,M,6,Engineering,Sinhala,Sinhalese,['Ananda College'],71.23,Medium,70.47,Medium,4,40,32,4,5,4.333333333333333,1.3333333333333333,5.0,4.666666666666667,1.6666666666666667,3.4,3.2,3.2,3.8,"He has met most expectations during this cycle, although there are still areas where consistency can improve. Leadership is visible through initiative, guidance, and willingness to take responsibility. Communication should improve because missing or late updates can delay decisions. In software engineering tasks, he handles implementation details carefully, but could document changes more consistently. Further improvement should be tracked through upcoming sprint outcomes and communication patterns. Overall, he meets many expectations, but more consistency would make the appraisal stronger. He contributes to the team, but there are moments where clearer coordination would make collaboration easier. Time discipline is a strength, and scheduled discussions or deliverables are usually respected. Communication should improve because missing or late updates can delay decisions. In software engineering tasks, he writes maintainable code, but needs to improve estimation accuracy. The team can work with him effectively when expectations are clear. Overall, he meets many expectations, but more consistency would make the appraisal stronger. He helps the team progress, but there are areas where communication and delegation could improve. Leadership is visible through initiative, guidance, and willingness to take responsibility. Problem solving needs development, particularly when issues are unclear or require independent analysis. In software engineering tasks, he supports debugging discussions, but should take more ownership during complex defects. He usually treats questions professionally, but more open discussion would help junior members. Overall, he meets many expectations, but more consistency would make the appraisal stronger.",-0.05,9,11,7,0.12,Strong Leadership Pattern,Stable Productivity Pattern,Communication Improvement Needed,Strong Team Collaboration Pattern,Low Learning Engagement,Collaborative Leader
E138,I05,P024,QA,1995-08-20,F,10,QA,Tamil,Tamil,['DS Senanayake'],62.53,Medium,63.03,Medium,4,36,19,7,4,2.3333333333333335,4.666666666666667,5.0,4.666666666666667,5.0,4.333333333333333,4.4,4.2,4.4,"She has maintained a reliable standard of work and has contributed positively to project outcomes. Problem solving is strong, especially when unexpected issues require practical decisions. Leadership is visible through initiative, guidance, and willingness to take responsibility. In quality assurance responsibilities, she maintains useful test coverage and shows awareness of how her work affects project delivery. The rating reflects both measurable work output and observed behaviour in project situations. Overall, she is viewed as a dependable contributor, with only minor areas to refine as responsibilities increase. She is approachable during discussions and usually helps the team move forward when blockers appear. Leadership is visible through initiative, guidance, and willingness to take responsibility. Collaboration is effective, and team members are usually included in relevant discussions. In quality assurance responsibilities, she communicates quality risks early and shows awareness of how her work affects project delivery. Peer collaboration would improve further if she shared blockers earlier. Overall, she is viewed as a dependable contributor, with only minor areas to refine as responsibilities increase. From a subordinate perspective, she supports the team well and gives useful direction when priorities change. Problem solving is strong, especially when unexpected issues require practical decisions. Leadership is visible through initiative, guidance, and willingness to take responsibility. In quality assurance responsibilities, she maintains useful test coverage and shows awareness of how her work affects project delivery. She usually treats questions professionally, but more open discussion would help junior members. Overall, she is viewed as a dependable contributor, with only minor areas to refine as responsibilities increase.",0.82,4,15,9,0.01,Strong Leadership Pattern,Stable Productivity Pattern,Moderate Communication Pattern,Strong Team Collaboration Pattern,Moderate Learning Pattern,Collaborative Leader
E139,I01,P025,PM,1986-12-09,F,8,Management,English,Tamil,['Holy Family'],71.03,Medium,69.58,Medium,0,51,31,12,5,5.0,2.3333333333333335,1.0,3.6666666666666665,2.3333333333333335,2.8666666666666667,2.4,3.2,3.0,"She has faced difficulty maintaining consistent delivery during this cycle, particularly when work became time-sensitive. Leadership impact is limited, and more ownership is needed during planning and decision-making. Problem solving needs development, particularly when issues are unclear or require independent analysis. In project management responsibilities, she shows potential, but could delegate decisions more consistently. This assessment is based on observed delivery, team interaction, and the quality of contribution during the cycle. Overall, she needs focused improvement and closer review in the next appraisal cycle. As a peer, I see her as capable, but she could be more consistent in sharing progress with the team. Time discipline is a strength, and scheduled discussions or deliverables are usually respected. Leadership impact is limited, and more ownership is needed during planning and decision-making. In project management responsibilities, she keeps the team aligned, but needs to balance delivery pressure with team input. Peer collaboration would improve further if she shared blockers earlier. Overall, she meets many expectations, but more consistency would make the appraisal stronger. She sometimes gives unclear direction, which can make it difficult for others to prioritize work confidently. Leadership impact is limited, and more ownership is needed during planning and decision-making. Communication should improve because missing or late updates can delay decisions. In project management responsibilities, she shows potential, but sometimes centralizes discussion. She usually treats questions professionally, but more open discussion would help junior members. Overall, she needs focused improvement and closer review in the next appraisal cycle.",-0.48,5,12,8,0.17,Low Leadership Visibility,Stable Productivity Pattern,Communication Improvement Needed,Moderate Collaboration Pattern,Active Learning Pattern,Communication Development Required
E140,I01,P025,SE,1985-09-12,M,9,Engineering,Sinhala,Tamil,['Ladies College'],58.85,Medium,59.8,Medium,3,43,25,12,5,4.0,4.0,4.666666666666667,3.0,3.0,3.733333333333333,3.4,3.6,4.2,"He has met most expectations during this cycle, although there are still areas where consistency can improve. Leadership is visible through initiative, guidance, and willingness to take responsibility. Collaboration needs improvement because gaps in follow-up can create confusion for others. In software engineering tasks, he clarifies technical dependencies, but sometimes delays status updates. This assessment is based on observed delivery, team interaction, and the quality of contribution during the cycle. Overall, he meets many expectations, but more consistency would make the appraisal stronger. He contributes to the team, but there are moments where clearer coordination would make collaboration easier. Leadership is visible through initiative, guidance, and willingness to take responsibility. Communication should improve because missing or late updates can delay decisions. In software engineering tasks, he clarifies technical dependencies, but should take more ownership during complex defects. He is generally approachable, although response quality changes when workload increases. Overall, he meets many expectations, but more consistency would make the appraisal stronger. He generally creates a supportive working environment and responds professionally to questions or concerns. Time discipline is a strength, and scheduled discussions or deliverables are usually respected. Problem solving is strong, especially when unexpected issues require practical decisions. In software engineering tasks, he supports debugging discussions and shows awareness of how his work affects project delivery. He usually treats questions professionally, but more open discussion would help junior members. Overall, he is viewed as a dependable contributor, with only minor areas to refine as responsibilities increase.",0.18,7,11,8,0.17,Strong Leadership Pattern,Stable Productivity Pattern,Moderate Communication Pattern,Moderate Collaboration Pattern,Active Learning Pattern,Learning-Oriented Contributor
E141,I01,P025,SE,1988-03-01,M,6,Engineering,Tamil,Sinhalese,['Musaeus College'],66.83,Medium,67.6,Medium,1,51,27,6,3,1.6666666666666667,4.0,3.6666666666666665,2.3333333333333335,3.0,2.9333333333333336,3.4,3.0,2.4,"He has met most expectations during this cycle, although there are still areas where consistency can improve. Problem solving is strong, especially when unexpected issues require practical decisions. Communication is generally understandable, but updates are not always timely or complete. In software engineering tasks, he handles implementation details carefully, but sometimes delays status updates. Further improvement should be tracked through upcoming sprint outcomes and communication patterns. Overall, he meets many expectations, but more consistency would make the appraisal stronger. He has technical or functional ability, but gaps in coordination sometimes create additional effort for others. Punctuality needs improvement because delays sometimes affect coordination and planning. Communication is generally understandable, but updates are not always timely or complete. In software engineering tasks, he shows potential, but could document changes more consistently. Peer collaboration would improve further if he shared blockers earlier. Overall, he needs focused improvement and closer review in the next appraisal cycle. He sometimes gives unclear direction, which can make it difficult for others to prioritize work confidently. Collaboration needs improvement because gaps in follow-up can create confusion for others. Punctuality needs improvement because delays sometimes affect coordination and planning. In software engineering tasks, he shows potential, but should take more ownership during complex defects. He usually treats questions professionally, but more open discussion would help junior members. Overall, he needs focused improvement and closer review in the next appraisal cycle.",-0.55,8,3,7,0.25,Emerging Leadership Pattern,Stable Productivity Pattern,Moderate Communication Pattern,Collaboration Support Needed,Moderate Learning Pattern,Teamwork Development Required
E142,I01,P025,QA,1997-03-09,M,4,QA,Tamil,Tamil,['Royal College'],65.47,Medium,71.46,Medium,2,51,18,7,2,1.3333333333333333,2.3333333333333335,2.3333333333333335,3.0,4.0,2.6,3.0,2.2,2.6,"He has faced difficulty maintaining consistent delivery during this cycle, particularly when work became time-sensitive. Punctuality needs improvement because delays sometimes affect coordination and planning. Collaboration is acceptable, although coordination could be more proactive. In quality assurance responsibilities, he shows potential, but should communicate blockers earlier. The rating reflects both measurable work output and observed behaviour in project situations. Overall, he needs focused improvement and closer review in the next appraisal cycle. As a peer, I feel he needs to improve consistency in communication and task ownership. Leadership impact is limited, and more ownership is needed during planning and decision-making. Punctuality needs improvement because delays sometimes affect coordination and planning. In quality assurance responsibilities, he shows potential, but could improve test documentation consistency. Peer collaboration would improve further if he shared blockers earlier. Overall, he needs focused improvement and closer review in the next appraisal cycle. He sometimes gives unclear direction, which can make it difficult for others to prioritize work confidently. Collaboration needs improvement because gaps in follow-up can create confusion for others. Problem solving needs development, particularly when issues are unclear or require independent analysis. In quality assurance responsibilities, he shows potential, but sometimes needs faster turnaround on retesting. Team members benefit when he explains decisions clearly instead of only giving instructions. Overall, he needs focused improvement and closer review in the next appraisal cycle.",-0.71,1,6,10,0.16,Low Leadership Visibility,Stable Productivity Pattern,Moderate Communication Pattern,Moderate Collaboration Pattern,Moderate Learning Pattern,Balanced Contributor
E143,I01,P025,DevOps,2003-03-16,F,3,Operations,Tamil,Tamil,['Ladies College'],72.02,Medium,71.73,Medium,2,42,17,9,4,3.3333333333333335,4.333333333333333,1.3333333333333333,4.0,3.6666666666666665,3.3333333333333335,3.4,3.2,3.4,"She has completed assigned responsibilities at an acceptable level, but stronger follow-through would improve overall contribution. Problem solving is strong, especially when unexpected issues require practical decisions. Leadership impact is limited, and more ownership is needed during planning and decision-making. In DevOps and operational responsibilities, she keeps environments stable, but could document deployment steps better. This assessment is based on observed delivery, team interaction, and the quality of contribution during the cycle. Overall, she meets many expectations, but more consistency would make the appraisal stronger. Working with her is generally manageable, although communication and follow-up can vary depending on workload. Problem solving is strong, especially when unexpected issues require practical decisions. Leadership impact is limited, and more ownership is needed during planning and decision-making. In DevOps and operational responsibilities, she keeps environments stable, but sometimes needs faster escalation during incidents. Peer collaboration would improve further if she shared blockers earlier. Overall, she meets many expectations, but more consistency would make the appraisal stronger. From a subordinate perspective, she is generally supportive, although decisions are sometimes communicated late. Time discipline is a strength, and scheduled discussions or deliverables are usually respected. Leadership impact is limited, and more ownership is needed during planning and decision-making. In DevOps and operational responsibilities, she keeps environments stable, but could document deployment steps better. She usually treats questions professionally, but more open discussion would help junior members. Overall, she meets many expectations, but more consistency would make the appraisal stronger.",0.2,3,12,5,0.01,Low Leadership Visibility,Stable Productivity Pattern,Moderate Communication Pattern,Strong Team Collaboration Pattern,Moderate Learning Pattern,Balanced Contributor
E144,I08,P026,PM,2001-05-24,F,7,Management,Sinhala,Sinhalese,['Nalanda College'],62.2,Medium,63.36,Medium,3,46,29,7,2,3.6666666666666665,3.6666666666666665,4.666666666666667,4.666666666666667,1.3333333333333333,3.6,3.6,3.6,3.6,"She shows useful capability in project management responsibilities, though performance is not yet consistent across all situations. Leadership is visible through initiative, guidance, and willingness to take responsibility. Communication should improve because missing or late updates can delay decisions. In project management responsibilities, she coordinates stakeholders effectively, but could delegate decisions more consistently. This assessment is based on observed delivery, team interaction, and the quality of contribution during the cycle. Overall, she meets many expectations, but more consistency would make the appraisal stronger. As a peer, I see her as capable, but she could be more consistent in sharing progress with the team. Problem solving is strong, especially when unexpected issues require practical decisions. Communication should improve because missing or late updates can delay decisions. In project management responsibilities, she supports planning discussions well, but could delegate decisions more consistently. She is generally approachable, although response quality changes when workload increases. Overall, she meets many expectations, but more consistency would make the appraisal stronger. She provides direction when needed, but the level of guidance can vary depending on project pressure. Leadership is visible through initiative, guidance, and willingness to take responsibility. Communication should improve because missing or late updates can delay decisions. In project management responsibilities, she tracks project risks carefully, but could delegate decisions more consistently. She usually treats questions professionally, but more open discussion would help junior members. Overall, she meets many expectations, but more consistency would make the appraisal stronger.",0.0,8,17,5,0.0,Strong Leadership Pattern,Stable Productivity Pattern,Communication Improvement Needed,Moderate Collaboration Pattern,Moderate Learning Pattern,Communication Development Required
E145,I08,P026,SE,1988-03-15,F,9,Engineering,Sinhala,Sinhalese,"[""St. John's College""]",64.25,Medium,62.21,Medium,1,22,22,13,2,2.0,3.0,1.3333333333333333,1.6666666666666667,4.0,2.4,2.8,2.2,2.2,"She has faced difficulty maintaining consistent delivery during this cycle, particularly when work became time-sensitive. Collaboration needs improvement because gaps in follow-up can create confusion for others. Leadership impact is limited, and more ownership is needed during planning and decision-making. In software engineering tasks, she shows potential, but needs to improve estimation accuracy. This assessment is based on observed delivery, team interaction, and the quality of contribution during the cycle. Overall, she needs focused improvement and closer review in the next appraisal cycle. As a peer, I feel she needs to improve consistency in communication and task ownership. Collaboration needs improvement because gaps in follow-up can create confusion for others. Leadership impact is limited, and more ownership is needed during planning and decision-making. In software engineering tasks, she shows potential, but needs to improve estimation accuracy. Peer collaboration would improve further if she shared blockers earlier. Overall, she needs focused improvement and closer review in the next appraisal cycle. From a subordinate perspective, she needs to improve communication around decisions and expectations. Leadership impact is limited, and more ownership is needed during planning and decision-making. Punctuality needs improvement because delays sometimes affect coordination and planning. In software engineering tasks, she shows potential, but should take more ownership during complex defects. She usually treats questions professionally, but more open discussion would help junior members. Overall, she needs focused improvement and closer review in the next appraisal cycle.",-0.93,3,12,8,0.12,Low Leadership Visibility,Stable Productivity Pattern,Clear and Responsive Communicator,Collaboration Support Needed,Active Learning Pattern,Teamwork Development Required
E146,I08,P026,SE,1991-03-28,M,3,Engineering,English,Tamil,['Ananda College'],65.67,Medium,65.77,Medium,2,45,22,9,3,4.666666666666667,3.0,1.6666666666666667,4.666666666666667,2.0,3.1999999999999997,3.6,3.0,3.0,"He has completed assigned responsibilities at an acceptable level, but stronger follow-through would improve overall contribution. Time discipline is a strength, and scheduled discussions or deliverables are usually respected. Leadership impact is limited, and more ownership is needed during planning and decision-making. In software engineering tasks, he supports debugging discussions, but needs to improve estimation accuracy. Further improvement should be tracked through upcoming sprint outcomes and communication patterns. Overall, he meets many expectations, but more consistency would make the appraisal stronger. As a peer, I feel he needs to improve consistency in communication and task ownership. Leadership impact is limited, and more ownership is needed during planning and decision-making. Communication should improve because missing or late updates can delay decisions. In software engineering tasks, he shows potential, but sometimes delays status updates. The team can work with him effectively when expectations are clear. Overall, he needs focused improvement and closer review in the next appraisal cycle. He may have good intentions, but inconsistent guidance sometimes affects team confidence and planning. Communication should improve because missing or late updates can delay decisions. Leadership impact is limited, and more ownership is needed during planning and decision-making. In software engineering tasks, he shows potential, but sometimes delays status updates. The guidance received from him influences how confidently others handle their tasks. Overall, he needs focused improvement and closer review in the next appraisal cycle.",-0.38,12,14,4,0.12,Low Leadership Visibility,Stable Productivity Pattern,Communication Improvement Needed,Moderate Collaboration Pattern,Moderate Learning Pattern,Communication Development Required
E147,I08,P026,QA,2002-04-20,F,4,QA,English,Tamil,['DS Senanayake'],55.73,Medium,57.72,Medium,3,31,23,3,5,4.333333333333333,3.0,4.333333333333333,3.6666666666666665,3.6666666666666665,3.8000000000000003,3.2,4.0,4.2,"She has completed assigned responsibilities at an acceptable level, but stronger follow-through would improve overall contribution. Time discipline is a strength, and scheduled discussions or deliverables are usually respected. Communication is generally understandable, but updates are not always timely or complete. In quality assurance responsibilities, she supports release validation well, but needs stronger attention to edge cases. The rating reflects both measurable work output and observed behaviour in project situations. Overall, she meets many expectations, but more consistency would make the appraisal stronger. Working with her is generally manageable, although communication and follow-up can vary depending on workload. Time discipline is a strength, and scheduled discussions or deliverables are usually respected. Problem solving needs development, particularly when issues are unclear or require independent analysis. In quality assurance responsibilities, she supports release validation well, but should communicate blockers earlier. The team can work with her effectively when expectations are clear. Overall, she meets many expectations, but more consistency would make the appraisal stronger. She provides clear guidance and usually makes expectations easy for others to understand. Leadership is visible through initiative, guidance, and willingness to take responsibility. Collaboration is effective, and team members are usually included in relevant discussions. In quality assurance responsibilities, she supports release validation well and shows awareness of how her work affects project delivery. She usually treats questions professionally, but more open discussion would help junior members. Overall, she is viewed as a dependable contributor, with only minor areas to refine as responsibilities increase.",0.6,7,5,8,0.28,Strong Leadership Pattern,Stable Productivity Pattern,Moderate Communication Pattern,Moderate Collaboration Pattern,Low Learning Engagement,Balanced Contributor
E148,I08,P026,DevOps,1993-08-18,F,3,Operations,Sinhala,Sinhalese,['Holy Family'],68.87,Medium,68.48,Medium,4,30,14,14,5,3.3333333333333335,5.0,1.6666666666666667,1.3333333333333333,3.0,2.8666666666666667,2.8,3.0,2.8,"She has faced difficulty maintaining consistent delivery during this cycle, particularly when work became time-sensitive. Collaboration needs improvement because gaps in follow-up can create confusion for others. Leadership impact is limited, and more ownership is needed during planning and decision-making. In DevOps and operational responsibilities, she shows potential, but needs more proactive monitoring follow-up. The rating reflects both measurable work output and observed behaviour in project situations. Overall, she needs focused improvement and closer review in the next appraisal cycle. As a peer, I feel she needs to improve consistency in communication and task ownership. Collaboration needs improvement because gaps in follow-up can create confusion for others. Leadership impact is limited, and more ownership is needed during planning and decision-making. In DevOps and operational responsibilities, she shows potential, but should improve handover notes. The team can work with her effectively when expectations are clear. Overall, she needs focused improvement and closer review in the next appraisal cycle. She sometimes gives unclear direction, which can make it difficult for others to prioritize work confidently. Collaboration needs improvement because gaps in follow-up can create confusion for others. Communication should improve because missing or late updates can delay decisions. In DevOps and operational responsibilities, she shows potential, but could document deployment steps better. The guidance received from her influences how confidently others handle their tasks. Overall, she needs focused improvement and closer review in the next appraisal cycle.",-0.68,3,10,5,0.01,Low Leadership Visibility,Stable Productivity Pattern,Moderate Communication Pattern,Collaboration Support Needed,Active Learning Pattern,Teamwork Development Required
E149,I01,P027,PM,1986-02-26,M,11,Management,Tamil,Sinhalese,['Holy Family'],62.82,Medium,67.74,Medium,4,47,11,8,2,3.3333333333333335,2.0,3.3333333333333335,2.0,2.3333333333333335,2.6,2.4,3.0,2.4,"He has shown potential, but several gaps in execution and communication affected the team’s workflow. Collaboration needs improvement because gaps in follow-up can create confusion for others. Problem solving needs development, particularly when issues are unclear or require independent analysis. In project management responsibilities, he shows potential, but should improve transparency during priority changes. Further improvement should be tracked through upcoming sprint outcomes and communication patterns. Overall, he needs focused improvement and closer review in the next appraisal cycle. As a peer, I feel he needs to improve consistency in communication and task ownership. Communication should improve because missing or late updates can delay decisions. Problem solving needs development, particularly when issues are unclear or require independent analysis. In project management responsibilities, he shows potential, but sometimes centralizes discussion. The team can work with him effectively when expectations are clear. Overall, he needs focused improvement and closer review in the next appraisal cycle. From a subordinate perspective, he needs to improve communication around decisions and expectations. Communication should improve because missing or late updates can delay decisions. Collaboration needs improvement because gaps in follow-up can create confusion for others. In project management responsibilities, he shows potential, but could delegate decisions more consistently. He usually treats questions professionally, but more open discussion would help junior members. Overall, he needs focused improvement and closer review in the next appraisal cycle.",-0.69,10,5,6,0.12,Emerging Leadership Pattern,Stable Productivity Pattern,Communication Improvement Needed,Collaboration Support Needed,Moderate Learning Pattern,Communication Development Required
E150,I01,P027,SE,1998-02-06,F,4,Engineering,English,Tamil,['Jaffna Hindu'],73.7,Medium,72.82,Medium,4,42,17,11,5,3.6666666666666665,2.0,3.6666666666666665,3.0,4.666666666666667,3.4,3.2,3.4,3.6,"She has completed assigned responsibilities at an acceptable level, but stronger follow-through would improve overall contribution. Leadership is visible through initiative, guidance, and willingness to take responsibility. Problem solving needs development, particularly when issues are unclear or require independent analysis. In software engineering tasks, she supports debugging discussions, but should take more ownership during complex defects. The rating reflects both measurable work output and observed behaviour in project situations. Overall, she meets many expectations, but more consistency would make the appraisal stronger. Working with her is generally manageable, although communication and follow-up can vary depending on workload. Time discipline is a strength, and scheduled discussions or deliverables are usually respected. Collaboration needs improvement because gaps in follow-up can create confusion for others. In software engineering tasks, she handles implementation details carefully, but needs to improve estimation accuracy. The team can work with her effectively when expectations are clear. Overall, she meets many expectations, but more consistency would make the appraisal stronger. She helps the team progress, but there are areas where communication and delegation could improve. Communication is clear and timely, which helps the team understand progress and risks. Problem solving needs development, particularly when issues are unclear or require independent analysis. In software engineering tasks, she writes maintainable code, but needs to improve estimation accuracy. Team members benefit when she explains decisions clearly instead of only giving instructions. Overall, she meets many expectations, but more consistency would make the appraisal stronger.",-0.04,5,6,7,0.04,Emerging Leadership Pattern,Stable Productivity Pattern,Moderate Communication Pattern,Moderate Collaboration Pattern,Active Learning Pattern,Learning-Oriented Contributor
E151,I01,P027,SE,1986-09-01,F,8,Engineering,Sinhala,Sinhalese,"[""St. John's College""]",65.48,Medium,66.93,Medium,3,37,14,14,2,4.333333333333333,4.666666666666667,1.6666666666666667,2.6666666666666665,5.0,3.6666666666666665,3.6,3.8,3.6,"She has met most expectations during this cycle, although there are still areas where consistency can improve. Time discipline is a strength, and scheduled discussions or deliverables are usually respected. Leadership impact is limited, and more ownership is needed during planning and decision-making. In software engineering tasks, she handles implementation details carefully, but needs to improve estimation accuracy. The rating reflects both measurable work output and observed behaviour in project situations. Overall, she meets many expectations, but more consistency would make the appraisal stronger. She contributes to the team, but there are moments where clearer coordination would make collaboration easier. Problem solving is strong, especially when unexpected issues require practical decisions. Collaboration is acceptable, although coordination could be more proactive. In software engineering tasks, she writes maintainable code, but could document changes more consistently. The team can work with her effectively when expectations are clear. Overall, she meets many expectations, but more consistency would make the appraisal stronger. She helps the team progress, but there are areas where communication and delegation could improve. Time discipline is a strength, and scheduled discussions or deliverables are usually respected. Leadership impact is limited, and more ownership is needed during planning and decision-making. In software engineering tasks, she clarifies technical dependencies, but should take more ownership during complex defects. The guidance received from her influences how confidently others handle their tasks. Overall, she meets many expectations, but more consistency would make the appraisal stronger.",0.25,3,9,7,0.01,Low Leadership Visibility,Stable Productivity Pattern,Moderate Communication Pattern,Collaboration Support Needed,Active Learning Pattern,Teamwork Development Required
E152,I01,P027,SE,1997-03-19,M,5,Engineering,English,Tamil,['Ladies College'],73.03,Medium,72.83,Medium,3,42,22,8,3,2.0,4.333333333333333,3.6666666666666665,3.6666666666666665,4.666666666666667,3.6666666666666665,3.6,3.8,3.6,"He has completed assigned responsibilities at an acceptable level, but stronger follow-through would improve overall contribution. Communication is clear and timely, which helps the team understand progress and risks. Punctuality needs improvement because delays sometimes affect coordination and planning. In software engineering tasks, he supports debugging discussions, but could document changes more consistently. This assessment is based on observed delivery, team interaction, and the quality of contribution during the cycle. Overall, he meets many expectations, but more consistency would make the appraisal stronger. He contributes to the team, but there are moments where clearer coordination would make collaboration easier. Problem solving is strong, especially when unexpected issues require practical decisions. Leadership is present in some situations, but stronger initiative would improve team confidence. In software engineering tasks, he writes maintainable code, but could document changes more consistently. Peer collaboration would improve further if he shared blockers earlier. Overall, he meets many expectations, but more consistency would make the appraisal stronger. From a subordinate perspective, he is generally supportive, although decisions are sometimes communicated late. Communication is clear and timely, which helps the team understand progress and risks. Punctuality needs improvement because delays sometimes affect coordination and planning. In software engineering tasks, he supports debugging discussions, but could document changes more consistently. Team members benefit when he explains decisions clearly instead of only giving instructions. Overall, he meets many expectations, but more consistency would make the appraisal stronger.",0.3,4,5,16,0.01,Emerging Leadership Pattern,Stable Productivity Pattern,Moderate Communication Pattern,Moderate Collaboration Pattern,Moderate Learning Pattern,Balanced Contributor
E153,I01,P027,QA,1985-06-23,M,9,QA,Tamil,Sinhalese,['Musaeus College'],65.63,Medium,67.59,Medium,2,47,17,14,2,2.6666666666666665,3.0,1.3333333333333333,3.0,2.0,2.4,2.0,2.8,2.4,"He requires closer follow-up to ensure assigned responsibilities are completed with the expected level of quality. Leadership impact is limited, and more ownership is needed during planning and decision-making. Communication should improve because missing or late updates can delay decisions. In quality assurance responsibilities, he shows potential, but could improve test documentation consistency. This assessment is based on observed delivery, team interaction, and the quality of contribution during the cycle. Overall, he needs focused improvement and closer review in the next appraisal cycle. He has technical or functional ability, but gaps in coordination sometimes create additional effort for others. Communication should improve because missing or late updates can delay decisions. Leadership impact is limited, and more ownership is needed during planning and decision-making. In quality assurance responsibilities, he shows potential, but sometimes needs faster turnaround on retesting. He is generally approachable, although response quality changes when workload increases. Overall, he needs focused improvement and closer review in the next appraisal cycle. He sometimes gives unclear direction, which can make it difficult for others to prioritize work confidently. Leadership impact is limited, and more ownership is needed during planning and decision-making. Communication should improve because missing or late updates can delay decisions. In quality assurance responsibilities, he shows potential, but needs stronger attention to edge cases. The guidance received from him influences how confidently others handle their tasks. Overall, he needs focused improvement and closer review in the next appraisal cycle.",-0.68,6,14,2,0.16,Low Leadership Visibility,Stable Productivity Pattern,Communication Improvement Needed,Moderate Collaboration Pattern,Active Learning Pattern,Communication Development Required
E154,I01,P027,QA,1998-11-25,M,8,QA,Tamil,Tamil,['Ladies College'],71.67,Medium,72.06,Medium,2,56,14,12,3,4.333333333333333,3.6666666666666665,3.6666666666666665,2.0,3.0,3.3333333333333335,3.2,3.0,3.8,"He shows useful capability in quality assurance responsibilities, though performance is not yet consistent across all situations. Time discipline is a strength, and scheduled discussions or deliverables are usually respected. Collaboration needs improvement because gaps in follow-up can create confusion for others. In quality assurance responsibilities, he supports release validation well, but needs stronger attention to edge cases. Further improvement should be tracked through upcoming sprint outcomes and communication patterns. Overall, he meets many expectations, but more consistency would make the appraisal stronger. As a peer, I feel he needs to improve consistency in communication and task ownership. Collaboration needs improvement because gaps in follow-up can create confusion for others. Communication is generally understandable, but updates are not always timely or complete. In quality assurance responsibilities, he shows potential, but sometimes needs faster turnaround on retesting. Peer collaboration would improve further if he shared blockers earlier. Overall, he needs focused improvement and closer review in the next appraisal cycle. From a subordinate perspective, he is generally supportive, although decisions are sometimes communicated late. Leadership is visible through initiative, guidance, and willingness to take responsibility. Communication is generally understandable, but updates are not always timely or complete. In quality assurance responsibilities, he identifies defects clearly, but needs stronger attention to edge cases. He usually treats questions professionally, but more open discussion would help junior members. Overall, he meets many expectations, but more consistency would make the appraisal stronger.",-0.25,8,6,8,0.17,Emerging Leadership Pattern,Stable Productivity Pattern,Moderate Communication Pattern,Collaboration Support Needed,Active Learning Pattern,Teamwork Development Required
E155,I01,P027,DevOps,1997-11-17,F,3,Operations,Sinhala,Sinhalese,['Musaeus College'],62.02,Medium,62.44,Medium,3,45,35,5,4,2.6666666666666665,2.0,3.6666666666666665,3.6666666666666665,4.666666666666667,3.3333333333333335,3.2,3.2,3.6,"She has met most expectations during this cycle, although there are still areas where consistency can improve. Communication is clear and timely, which helps the team understand progress and risks. Problem solving needs development, particularly when issues are unclear or require independent analysis. In DevOps and operational responsibilities, she communicates operational risks clearly, but needs more proactive monitoring follow-up. Further improvement should be tracked through upcoming sprint outcomes and communication patterns. Overall, she meets many expectations, but more consistency would make the appraisal stronger. She contributes to the team, but there are moments where clearer coordination would make collaboration easier. Time discipline is a strength, and scheduled discussions or deliverables are usually respected. Problem solving needs development, particularly when issues are unclear or require independent analysis. In DevOps and operational responsibilities, she communicates operational risks clearly, but needs more proactive monitoring follow-up. Peer collaboration would improve further if she shared blockers earlier. Overall, she meets many expectations, but more consistency would make the appraisal stronger. From a subordinate perspective, she is generally supportive, although decisions are sometimes communicated late. Collaboration is effective, and team members are usually included in relevant discussions. Problem solving needs development, particularly when issues are unclear or require independent analysis. In DevOps and operational responsibilities, she keeps environments stable, but could document deployment steps better. She usually treats questions professionally, but more open discussion would help junior members. Overall, she meets many expectations, but more consistency would make the appraisal stronger.",0.12,7,1,11,0.05,Emerging Leadership Pattern,Stable Productivity Pattern,Moderate Communication Pattern,Moderate Collaboration Pattern,Moderate Learning Pattern,Balanced Contributor
E156,I10,P028,PM,1995-03-11,M,5,Management,English,Sinhalese,['Musaeus College'],69.02,Medium,68.32,Medium,4,43,19,7,2,4.0,4.333333333333333,4.666666666666667,1.3333333333333333,4.333333333333333,3.733333333333334,3.2,4.4,3.6,"He has completed assigned responsibilities at an acceptable level, but stronger follow-through would improve overall contribution. Time discipline is a strength, and scheduled discussions or deliverables are usually respected. Collaboration needs improvement because gaps in follow-up can create confusion for others. In project management responsibilities, he keeps the team aligned, but could delegate decisions more consistently. Further improvement should be tracked through upcoming sprint outcomes and communication patterns. Overall, he meets many expectations, but more consistency would make the appraisal stronger. He is approachable during discussions and usually helps the team move forward when blockers appear. Time discipline is a strength, and scheduled discussions or deliverables are usually respected. Problem solving is strong, especially when unexpected issues require practical decisions. In project management responsibilities, he supports planning discussions well and shows awareness of how his work affects project delivery. The team can work with him effectively when expectations are clear. Overall, he is viewed as a dependable contributor, with only minor areas to refine as responsibilities increase. He helps the team progress, but there are areas where communication and delegation could improve. Problem solving is strong, especially when unexpected issues require practical decisions. Collaboration needs improvement because gaps in follow-up can create confusion for others. In project management responsibilities, he tracks project risks carefully, but needs to balance delivery pressure with team input. The guidance received from him influences how confidently others handle their tasks. Overall, he meets many expectations, but more consistency would make the appraisal stronger.",0.04,6,4,8,0.37,Strong Leadership Pattern,Stable Productivity Pattern,Moderate Communication Pattern,Collaboration Support Needed,Moderate Learning Pattern,Teamwork Development Required
E157,I10,P028,SE,1985-08-03,F,6,Engineering,Sinhala,Sinhalese,['Ladies College'],71.13,Medium,71.59,Medium,2,21,31,11,5,4.666666666666667,3.0,1.0,3.0,4.666666666666667,3.266666666666667,3.4,3.2,3.2,"She has completed assigned responsibilities at an acceptable level, but stronger follow-through would improve overall contribution. Time discipline is a strength, and scheduled discussions or deliverables are usually respected. Leadership impact is limited, and more ownership is needed during planning and decision-making. In software engineering tasks, she clarifies technical dependencies, but needs to improve estimation accuracy. This assessment is based on observed delivery, team interaction, and the quality of contribution during the cycle. Overall, she meets many expectations, but more consistency would make the appraisal stronger. Working with her is generally manageable, although communication and follow-up can vary depending on workload. Time discipline is a strength, and scheduled discussions or deliverables are usually respected. Leadership impact is limited, and more ownership is needed during planning and decision-making. In software engineering tasks, she clarifies technical dependencies, but sometimes delays status updates. The team can work with her effectively when expectations are clear. Overall, she meets many expectations, but more consistency would make the appraisal stronger. She provides direction when needed, but the level of guidance can vary depending on project pressure. Communication is clear and timely, which helps the team understand progress and risks. Leadership impact is limited, and more ownership is needed during planning and decision-making. In software engineering tasks, she supports debugging discussions, but should take more ownership during complex defects. Team members benefit when she explains decisions clearly instead of only giving instructions. Overall, she meets many expectations, but more consistency would make the appraisal stronger.",0.22,7,13,6,0.01,Low Leadership Visibility,Stable Productivity Pattern,Clear and Responsive Communicator,Moderate Collaboration Pattern,Active Learning Pattern,Learning-Oriented Contributor
E158,I10,P028,SE,2003-04-19,M,12,Engineering,Sinhala,Sinhalese,['Royal College'],69.67,Medium,68.67,Medium,0,43,30,8,4,4.666666666666667,2.3333333333333335,3.3333333333333335,5.0,2.6666666666666665,3.6,3.4,3.8,3.6,"He has met most expectations during this cycle, although there are still areas where consistency can improve. Collaboration is effective, and team members are usually included in relevant discussions. Problem solving needs development, particularly when issues are unclear or require independent analysis. In software engineering tasks, he handles implementation details carefully, but should take more ownership during complex defects. This assessment is based on observed delivery, team interaction, and the quality of contribution during the cycle. Overall, he meets many expectations, but more consistency would make the appraisal stronger. Working with him is generally manageable, although communication and follow-up can vary depending on workload. Time discipline is a strength, and scheduled discussions or deliverables are usually respected. Communication should improve because missing or late updates can delay decisions. In software engineering tasks, he writes maintainable code, but should take more ownership during complex defects. Peer collaboration would improve further if he shared blockers earlier. Overall, he meets many expectations, but more consistency would make the appraisal stronger. He helps the team progress, but there are areas where communication and delegation could improve. Time discipline is a strength, and scheduled discussions or deliverables are usually respected. Problem solving needs development, particularly when issues are unclear or require independent analysis. In software engineering tasks, he clarifies technical dependencies, but needs to improve estimation accuracy. Team members benefit when he explains decisions clearly instead of only giving instructions. Overall, he meets many expectations, but more consistency would make the appraisal stronger.",-0.1,7,4,9,0.04,Emerging Leadership Pattern,Stable Productivity Pattern,Communication Improvement Needed,Strong Team Collaboration Pattern,Moderate Learning Pattern,Communication Development Required
E159,I10,P028,SE,1999-04-25,M,10,Engineering,Sinhala,Tamil,"[""St. John's College""]",68.37,Medium,68.23,Medium,4,30,28,7,5,3.3333333333333335,4.0,3.3333333333333335,5.0,4.666666666666667,4.066666666666666,4.4,4.0,3.8,"He has maintained a reliable standard of work and has contributed positively to project outcomes. Problem solving is strong, especially when unexpected issues require practical decisions. Collaboration is effective, and team members are usually included in relevant discussions. In software engineering tasks, he handles implementation details carefully and shows awareness of how his work affects project delivery. This assessment is based on observed delivery, team interaction, and the quality of contribution during the cycle. Overall, he is viewed as a dependable contributor, with only minor areas to refine as responsibilities increase. As a peer, I see him as capable, but he could be more consistent in sharing progress with the team. Problem solving is strong, especially when unexpected issues require practical decisions. Leadership impact is limited, and more ownership is needed during planning and decision-making. In software engineering tasks, he supports debugging discussions, but should take more ownership during complex defects. The team can work with him effectively when expectations are clear. Overall, he meets many expectations, but more consistency would make the appraisal stronger. He provides direction when needed, but the level of guidance can vary depending on project pressure. Leadership is visible through initiative, guidance, and willingness to take responsibility. Problem solving needs development, particularly when issues are unclear or require independent analysis. In software engineering tasks, he supports debugging discussions, but should take more ownership during complex defects. The guidance received from him influences how confidently others handle their tasks. Overall, he meets many expectations, but more consistency would make the appraisal stronger.",0.56,3,14,9,0.09,Emerging Leadership Pattern,Stable Productivity Pattern,Clear and Responsive Communicator,Strong Team Collaboration Pattern,Moderate Learning Pattern,Balanced Contributor
E160,I10,P028,SE,1995-12-31,M,10,Engineering,Sinhala,Sinhalese,['DS Senanayake'],66.73,Medium,66.65,Medium,4,19,10,13,4,2.0,4.333333333333333,1.0,1.6666666666666667,5.0,2.8000000000000003,2.6,3.2,2.6,"He requires closer follow-up to ensure assigned responsibilities are completed with the expected level of quality. Collaboration needs improvement because gaps in follow-up can create confusion for others. Leadership impact is limited, and more ownership is needed during planning and decision-making. In software engineering tasks, he shows potential, but sometimes delays status updates. The rating reflects both measurable work output and observed behaviour in project situations. Overall, he needs focused improvement and closer review in the next appraisal cycle. Working with him is generally manageable, although communication and follow-up can vary depending on workload. Problem solving is strong, especially when unexpected issues require practical decisions. Leadership impact is limited, and more ownership is needed during planning and decision-making. In software engineering tasks, he supports debugging discussions, but could document changes more consistently. Peer collaboration would improve further if he shared blockers earlier. Overall, he meets many expectations, but more consistency would make the appraisal stronger. He sometimes gives unclear direction, which can make it difficult for others to prioritize work confidently. Leadership impact is limited, and more ownership is needed during planning and decision-making. Punctuality needs improvement because delays sometimes affect coordination and planning. In software engineering tasks, he shows potential, but could document changes more consistently. The guidance received from him influences how confidently others handle their tasks. Overall, he needs focused improvement and closer review in the next appraisal cycle.",-0.43,4,12,5,0.12,Low Leadership Visibility,Stable Productivity Pattern,Clear and Responsive Communicator,Collaboration Support Needed,Active Learning Pattern,Teamwork Development Required
E161,I10,P028,QA,1988-10-26,M,9,QA,English,Tamil,['Visakha Vidyalaya'],68.22,Medium,68.48,Medium,1,35,13,10,3,3.0,2.6666666666666665,2.6666666666666665,2.3333333333333335,4.333333333333333,3.0,2.6,3.4,3.0,"He has faced difficulty maintaining consistent delivery during this cycle, particularly when work became time-sensitive. Collaboration needs improvement because gaps in follow-up can create confusion for others. Leadership impact is limited, and more ownership is needed during planning and decision-making. In quality assurance responsibilities, he shows potential, but could improve test documentation consistency. The rating reflects both measurable work output and observed behaviour in project situations. Overall, he needs focused improvement and closer review in the next appraisal cycle. Working with him is generally manageable, although communication and follow-up can vary depending on workload. Communication is clear and timely, which helps the team understand progress and risks. Collaboration needs improvement because gaps in follow-up can create confusion for others. In quality assurance responsibilities, he maintains useful test coverage, but needs stronger attention to edge cases. The team can work with him effectively when expectations are clear. Overall, he meets many expectations, but more consistency would make the appraisal stronger. He sometimes gives unclear direction, which can make it difficult for others to prioritize work confidently. Problem solving needs development, particularly when issues are unclear or require independent analysis. Collaboration is acceptable, although coordination could be more proactive. In quality assurance responsibilities, he shows potential, but sometimes needs faster turnaround on retesting. He usually treats questions professionally, but more open discussion would help junior members. Overall, he needs focused improvement and closer review in the next appraisal cycle.",-0.36,3,4,7,0.16,Low Leadership Visibility,Stable Productivity Pattern,Moderate Communication Pattern,Collaboration Support Needed,Active Learning Pattern,Teamwork Development Required
E162,I10,P028,QA,1995-05-21,M,9,QA,Tamil,Sinhalese,['Visakha Vidyalaya'],71.13,Medium,69.53,Medium,2,48,31,14,2,5.0,2.3333333333333335,1.3333333333333333,4.0,2.3333333333333335,3.0,2.6,2.8,3.6,"He has faced difficulty maintaining consistent delivery during this cycle, particularly when work became time-sensitive. Leadership impact is limited, and more ownership is needed during planning and decision-making. Communication should improve because missing or late updates can delay decisions. In quality assurance responsibilities, he shows potential, but could improve test documentation consistency. This assessment is based on observed delivery, team interaction, and the quality of contribution during the cycle. Overall, he needs focused improvement and closer review in the next appraisal cycle. Working with him can be challenging when deadlines are tight because updates are sometimes delayed. Communication should improve because missing or late updates can delay decisions. Leadership impact is limited, and more ownership is needed during planning and decision-making. In quality assurance responsibilities, he shows potential, but needs stronger attention to edge cases. The team can work with him effectively when expectations are clear. Overall, he needs focused improvement and closer review in the next appraisal cycle. He provides direction when needed, but the level of guidance can vary depending on project pressure. Time discipline is a strength, and scheduled discussions or deliverables are usually respected. Leadership impact is limited, and more ownership is needed during planning and decision-making. In quality assurance responsibilities, he maintains useful test coverage, but sometimes needs faster turnaround on retesting. The guidance received from him influences how confidently others handle their tasks. Overall, he meets many expectations, but more consistency would make the appraisal stronger.",-0.48,6,14,2,0.28,Low Leadership Visibility,Stable Productivity Pattern,Communication Improvement Needed,Moderate Collaboration Pattern,Active Learning Pattern,Communication Development Required
E163,I10,P028,DevOps,1988-09-08,M,7,Operations,Sinhala,Tamil,['Royal College'],71.53,Medium,70.56,Medium,3,22,10,10,3,4.333333333333333,2.0,2.0,2.0,5.0,3.0666666666666664,3.2,3.0,3.0,"He has completed assigned responsibilities at an acceptable level, but stronger follow-through would improve overall contribution. Time discipline is a strength, and scheduled discussions or deliverables are usually respected. Leadership impact is limited, and more ownership is needed during planning and decision-making. In DevOps and operational responsibilities, he communicates operational risks clearly, but needs more proactive monitoring follow-up. Further improvement should be tracked through upcoming sprint outcomes and communication patterns. Overall, he meets many expectations, but more consistency would make the appraisal stronger. He has technical or functional ability, but gaps in coordination sometimes create additional effort for others. Collaboration needs improvement because gaps in follow-up can create confusion for others. Leadership impact is limited, and more ownership is needed during planning and decision-making. In DevOps and operational responsibilities, he shows potential, but should improve handover notes. Peer collaboration would improve further if he shared blockers earlier. Overall, he needs focused improvement and closer review in the next appraisal cycle. He sometimes gives unclear direction, which can make it difficult for others to prioritize work confidently. Collaboration needs improvement because gaps in follow-up can create confusion for others. Problem solving needs development, particularly when issues are unclear or require independent analysis. In DevOps and operational responsibilities, he shows potential, but sometimes needs faster escalation during incidents. He usually treats questions professionally, but more open discussion would help junior members. Overall, he needs focused improvement and closer review in the next appraisal cycle.",-0.48,4,7,6,0.01,Low Leadership Visibility,Stable Productivity Pattern,Clear and Responsive Communicator,Collaboration Support Needed,Active Learning Pattern,Teamwork Development Required
E164,I05,P029,PM,1988-01-16,F,5,Management,Tamil,Tamil,['Ananda College'],73.25,Medium,73.21,Medium,4,31,12,7,5,3.3333333333333335,3.3333333333333335,3.3333333333333335,2.0,1.6666666666666667,2.733333333333333,2.2,3.8,2.2,"She has faced difficulty maintaining consistent delivery during this cycle, particularly when work became time-sensitive. Communication should improve because missing or late updates can delay decisions. Collaboration needs improvement because gaps in follow-up can create confusion for others. In project management responsibilities, she shows potential, but needs to balance delivery pressure with team input. This assessment is based on observed delivery, team interaction, and the quality of contribution during the cycle. Overall, she needs focused improvement and closer review in the next appraisal cycle. She contributes to the team, but there are moments where clearer coordination would make collaboration easier. Problem solving is strong, especially when unexpected issues require practical decisions. Communication is generally understandable, but updates are not always timely or complete. In project management responsibilities, she keeps the team aligned, but could delegate decisions more consistently. Peer collaboration would improve further if she shared blockers earlier. Overall, she meets many expectations, but more consistency would make the appraisal stronger. She sometimes gives unclear direction, which can make it difficult for others to prioritize work confidently. Communication should improve because missing or late updates can delay decisions. Collaboration needs improvement because gaps in follow-up can create confusion for others. In project management responsibilities, she shows potential, but sometimes centralizes discussion. She usually treats questions professionally, but more open discussion would help junior members. Overall, she needs focused improvement and closer review in the next appraisal cycle.",-0.54,8,5,11,0.85,Emerging Leadership Pattern,Stable Productivity Pattern,Communication Improvement Needed,Collaboration Support Needed,Moderate Learning Pattern,Communication Development Required
E165,I05,P029,SE,2003-09-15,M,9,Engineering,Sinhala,Tamil,['Nalanda College'],68.95,Medium,69.07,Medium,4,27,30,3,5,3.6666666666666665,2.6666666666666665,1.3333333333333333,2.0,2.3333333333333335,2.4,2.4,2.4,2.4,"He has shown potential, but several gaps in execution and communication affected the team’s workflow. Leadership impact is limited, and more ownership is needed during planning and decision-making. Collaboration needs improvement because gaps in follow-up can create confusion for others. In software engineering tasks, he shows potential, but sometimes delays status updates. Further improvement should be tracked through upcoming sprint outcomes and communication patterns. Overall, he needs focused improvement and closer review in the next appraisal cycle. As a peer, I feel he needs to improve consistency in communication and task ownership. Leadership impact is limited, and more ownership is needed during planning and decision-making. Communication should improve because missing or late updates can delay decisions. In software engineering tasks, he shows potential, but needs to improve estimation accuracy. He is generally approachable, although response quality changes when workload increases. Overall, he needs focused improvement and closer review in the next appraisal cycle. He sometimes gives unclear direction, which can make it difficult for others to prioritize work confidently. Communication should improve because missing or late updates can delay decisions. Collaboration needs improvement because gaps in follow-up can create confusion for others. In software engineering tasks, he shows potential, but sometimes delays status updates. He usually treats questions professionally, but more open discussion would help junior members. Overall, he needs focused improvement and closer review in the next appraisal cycle.",-0.79,12,10,5,0.0,Low Leadership Visibility,Stable Productivity Pattern,Communication Improvement Needed,Collaboration Support Needed,Low Learning Engagement,Communication Development Required
E166,I05,P029,SE,1987-06-02,M,12,Engineering,English,Tamil,['Jaffna Hindu'],68.57,Medium,71.36,Medium,3,31,22,13,4,4.666666666666667,3.6666666666666665,2.0,3.6666666666666665,3.6666666666666665,3.533333333333333,3.8,3.6,3.2,"He shows useful capability in software engineering tasks, though performance is not yet consistent across all situations. Time discipline is a strength, and scheduled discussions or deliverables are usually respected. Leadership impact is limited, and more ownership is needed during planning and decision-making. In software engineering tasks, he writes maintainable code, but should take more ownership during complex defects. Further improvement should be tracked through upcoming sprint outcomes and communication patterns. Overall, he meets many expectations, but more consistency would make the appraisal stronger. Working with him is generally manageable, although communication and follow-up can vary depending on workload. Time discipline is a strength, and scheduled discussions or deliverables are usually respected. Leadership impact is limited, and more ownership is needed during planning and decision-making. In software engineering tasks, he clarifies technical dependencies, but could document changes more consistently. The team can work with him effectively when expectations are clear. Overall, he meets many expectations, but more consistency would make the appraisal stronger. He provides direction when needed, but the level of guidance can vary depending on project pressure. Time discipline is a strength, and scheduled discussions or deliverables are usually respected. Leadership impact is limited, and more ownership is needed during planning and decision-making. In software engineering tasks, he clarifies technical dependencies, but should take more ownership during complex defects. He usually treats questions professionally, but more open discussion would help junior members. Overall, he meets many expectations, but more consistency would make the appraisal stronger.",0.29,6,13,2,0.09,Low Leadership Visibility,Stable Productivity Pattern,Moderate Communication Pattern,Moderate Collaboration Pattern,Active Learning Pattern,Learning-Oriented Contributor
E167,I05,P029,QA,2001-09-26,M,12,QA,Tamil,Tamil,['Musaeus College'],62.02,Medium,62.67,Medium,4,42,35,12,4,3.6666666666666665,2.0,3.6666666666666665,4.0,2.6666666666666665,3.1999999999999997,3.2,2.6,3.8,"He shows useful capability in quality assurance responsibilities, though performance is not yet consistent across all situations. Leadership is visible through initiative, guidance, and willingness to take responsibility. Problem solving needs development, particularly when issues are unclear or require independent analysis. In quality assurance responsibilities, he maintains useful test coverage, but needs stronger attention to edge cases. This assessment is based on observed delivery, team interaction, and the quality of contribution during the cycle. Overall, he meets many expectations, but more consistency would make the appraisal stronger. As a peer, I feel he needs to improve consistency in communication and task ownership. Communication should improve because missing or late updates can delay decisions. Problem solving needs development, particularly when issues are unclear or require independent analysis. In quality assurance responsibilities, he shows potential, but needs stronger attention to edge cases. The team can work with him effectively when expectations are clear. Overall, he needs focused improvement and closer review in the next appraisal cycle. He helps the team progress, but there are areas where communication and delegation could improve. Time discipline is a strength, and scheduled discussions or deliverables are usually respected. Leadership impact is limited, and more ownership is needed during planning and decision-making. In quality assurance responsibilities, he maintains useful test coverage, but needs stronger attention to edge cases. He usually treats questions professionally, but more open discussion would help junior members. Overall, he meets many expectations, but more consistency would make the appraisal stronger.",-0.15,6,9,5,0.36,Emerging Leadership Pattern,Stable Productivity Pattern,Communication Improvement Needed,Strong Team Collaboration Pattern,Active Learning Pattern,Communication Development Required
E168,I06,P030,PM,1990-01-08,M,10,Management,Sinhala,Sinhalese,['Ladies College'],65.62,Medium,66.07,Medium,4,22,31,10,4,2.6666666666666665,2.3333333333333335,3.3333333333333335,4.333333333333333,4.333333333333333,3.4,3.6,3.2,3.4,"He shows useful capability in project management responsibilities, though performance is not yet consistent across all situations. Collaboration is effective, and team members are usually included in relevant discussions. Problem solving needs development, particularly when issues are unclear or require independent analysis. In project management responsibilities, he supports planning discussions well, but should improve transparency during priority changes. Further improvement should be tracked through upcoming sprint outcomes and communication patterns. Overall, he meets many expectations, but more consistency would make the appraisal stronger. He contributes to the team, but there are moments where clearer coordination would make collaboration easier. Collaboration is effective, and team members are usually included in relevant discussions. Communication is generally understandable, but updates are not always timely or complete. In project management responsibilities, he tracks project risks carefully, but could delegate decisions more consistently. Peer collaboration would improve further if he shared blockers earlier. Overall, he meets many expectations, but more consistency would make the appraisal stronger. From a subordinate perspective, he is generally supportive, although decisions are sometimes communicated late. Communication is clear and timely, which helps the team understand progress and risks. Punctuality needs improvement because delays sometimes affect coordination and planning. In project management responsibilities, he tracks project risks carefully, but sometimes centralizes discussion. He usually treats questions professionally, but more open discussion would help junior members. Overall, he meets many expectations, but more consistency would make the appraisal stronger.",0.22,9,2,16,0.04,Emerging Leadership Pattern,Stable Productivity Pattern,Clear and Responsive Communicator,Strong Team Collaboration Pattern,Active Learning Pattern,Learning-Oriented Contributor
E169,I06,P030,SE,1991-06-30,M,11,Engineering,Tamil,Sinhalese,['Royal College'],62.48,Medium,62.68,Medium,1,42,18,11,5,4.666666666666667,1.6666666666666667,3.6666666666666665,3.6666666666666665,4.333333333333333,3.6,3.4,3.4,4.0,"He shows useful capability in software engineering tasks, though performance is not yet consistent across all situations. Communication is clear and timely, which helps the team understand progress and risks. Problem solving needs development, particularly when issues are unclear or require independent analysis. In software engineering tasks, he supports debugging discussions, but needs to improve estimation accuracy. The rating reflects both measurable work output and observed behaviour in project situations. Overall, he meets many expectations, but more consistency would make the appraisal stronger. As a peer, I see him as capable, but he could be more consistent in sharing progress with the team. Time discipline is a strength, and scheduled discussions or deliverables are usually respected. Problem solving needs development, particularly when issues are unclear or require independent analysis. In software engineering tasks, he clarifies technical dependencies, but sometimes delays status updates. Peer collaboration would improve further if he shared blockers earlier. Overall, he meets many expectations, but more consistency would make the appraisal stronger. From a subordinate perspective, he is generally supportive, although decisions are sometimes communicated late. Time discipline is a strength, and scheduled discussions or deliverables are usually respected. Problem solving needs development, particularly when issues are unclear or require independent analysis. In software engineering tasks, he supports debugging discussions, but needs to improve estimation accuracy. Team members benefit when he explains decisions clearly instead of only giving instructions. Overall, he meets many expectations, but more consistency would make the appraisal stronger.",0.08,7,2,10,0.12,Emerging Leadership Pattern,Stable Productivity Pattern,Moderate Communication Pattern,Moderate Collaboration Pattern,Active Learning Pattern,Learning-Oriented Contributor
E170,I06,P030,SE,1996-10-17,F,3,Engineering,Sinhala,Sinhalese,['Ananda College'],60.42,Medium,61.57,Medium,4,59,25,14,3,4.666666666666667,3.6666666666666665,1.3333333333333333,4.0,5.0,3.733333333333333,3.8,3.6,3.8,"She shows useful capability in software engineering tasks, though performance is not yet consistent across all situations. Time discipline is a strength, and scheduled discussions or deliverables are usually respected. Leadership impact is limited, and more ownership is needed during planning and decision-making. In software engineering tasks, she writes maintainable code, but could document changes more consistently. This assessment is based on observed delivery, team interaction, and the quality of contribution during the cycle. Overall, she meets many expectations, but more consistency would make the appraisal stronger. She contributes to the team, but there are moments where clearer coordination would make collaboration easier. Time discipline is a strength, and scheduled discussions or deliverables are usually respected. Leadership impact is limited, and more ownership is needed during planning and decision-making. In software engineering tasks, she handles implementation details carefully, but should take more ownership during complex defects. Peer collaboration would improve further if she shared blockers earlier. Overall, she meets many expectations, but more consistency would make the appraisal stronger. From a subordinate perspective, she is generally supportive, although decisions are sometimes communicated late. Collaboration is effective, and team members are usually included in relevant discussions. Leadership impact is limited, and more ownership is needed during planning and decision-making. In software engineering tasks, she clarifies technical dependencies, but needs to improve estimation accuracy. She usually treats questions professionally, but more open discussion would help junior members. Overall, she meets many expectations, but more consistency would make the appraisal stronger.",0.2,4,11,11,0.01,Low Leadership Visibility,Stable Productivity Pattern,Moderate Communication Pattern,Moderate Collaboration Pattern,Active Learning Pattern,Learning-Oriented Contributor
E171,I06,P030,SE,1985-07-10,M,1,Engineering,Sinhala,Sinhalese,['DS Senanayake'],66.77,Medium,67.13,Medium,4,40,18,5,4,5.0,3.0,4.333333333333333,2.0,1.3333333333333333,3.1333333333333333,3.2,3.2,3.0,"He shows useful capability in software engineering tasks, though performance is not yet consistent across all situations. Time discipline is a strength, and scheduled discussions or deliverables are usually respected. Communication should improve because missing or late updates can delay decisions. In software engineering tasks, he supports debugging discussions, but needs to improve estimation accuracy. The rating reflects both measurable work output and observed behaviour in project situations. Overall, he meets many expectations, but more consistency would make the appraisal stronger. He contributes to the team, but there are moments where clearer coordination would make collaboration easier. Time discipline is a strength, and scheduled discussions or deliverables are usually respected. Communication should improve because missing or late updates can delay decisions. In software engineering tasks, he clarifies technical dependencies, but sometimes delays status updates. He is generally approachable, although response quality changes when workload increases. Overall, he meets many expectations, but more consistency would make the appraisal stronger. He sometimes gives unclear direction, which can make it difficult for others to prioritize work confidently. Communication should improve because missing or late updates can delay decisions. Collaboration needs improvement because gaps in follow-up can create confusion for others. In software engineering tasks, he shows potential, but sometimes delays status updates. The guidance received from him influences how confidently others handle their tasks. Overall, he needs focused improvement and closer review in the next appraisal cycle.",-0.25,13,5,5,0.01,Strong Leadership Pattern,Stable Productivity Pattern,Communication Improvement Needed,Collaboration Support Needed,Moderate Learning Pattern,Communication Development Required
E172,I06,P030,QA,1998-10-11,M,8,QA,Tamil,Sinhalese,['Jaffna Hindu'],64.68,Medium,65.5,Medium,3,47,15,9,2,2.0,4.333333333333333,2.0,4.0,1.3333333333333333,2.733333333333333,3.0,3.2,2.0,"He requires closer follow-up to ensure assigned responsibilities are completed with the expected level of quality. Communication should improve because missing or late updates can delay decisions. Leadership impact is limited, and more ownership is needed during planning and decision-making. In quality assurance responsibilities, he shows potential, but should communicate blockers earlier. This assessment is based on observed delivery, team interaction, and the quality of contribution during the cycle. Overall, he needs focused improvement and closer review in the next appraisal cycle. As a peer, I see him as capable, but he could be more consistent in sharing progress with the team. Collaboration is effective, and team members are usually included in relevant discussions. Communication should improve because missing or late updates can delay decisions. In quality assurance responsibilities, he identifies defects clearly, but could improve test documentation consistency. Peer collaboration would improve further if he shared blockers earlier. Overall, he meets many expectations, but more consistency would make the appraisal stronger. He may have good intentions, but inconsistent guidance sometimes affects team confidence and planning. Communication should improve because missing or late updates can delay decisions. Leadership impact is limited, and more ownership is needed during planning and decision-making. In quality assurance responsibilities, he shows potential, but needs stronger attention to edge cases. The guidance received from him influences how confidently others handle their tasks. Overall, he needs focused improvement and closer review in the next appraisal cycle.",-0.45,7,11,9,0.41,Low Leadership Visibility,Stable Productivity Pattern,Communication Improvement Needed,Moderate Collaboration Pattern,Moderate Learning Pattern,Communication Development Required
E173,I06,P030,QA,2002-03-04,F,8,QA,Tamil,Tamil,['Visakha Vidyalaya'],63.43,Medium,66.18,Medium,0,29,35,11,4,5.0,2.6666666666666665,2.0,3.0,3.0,3.1333333333333333,3.4,3.4,2.6,"She has met most expectations during this cycle, although there are still areas where consistency can improve. Time discipline is a strength, and scheduled discussions or deliverables are usually respected. Leadership impact is limited, and more ownership is needed during planning and decision-making. In quality assurance responsibilities, she communicates quality risks early, but needs stronger attention to edge cases. This assessment is based on observed delivery, team interaction, and the quality of contribution during the cycle. Overall, she meets many expectations, but more consistency would make the appraisal stronger. As a peer, I see her as capable, but she could be more consistent in sharing progress with the team. Time discipline is a strength, and scheduled discussions or deliverables are usually respected. Collaboration needs improvement because gaps in follow-up can create confusion for others. In quality assurance responsibilities, she maintains useful test coverage, but should communicate blockers earlier. The team can work with her effectively when expectations are clear. Overall, she meets many expectations, but more consistency would make the appraisal stronger. She sometimes gives unclear direction, which can make it difficult for others to prioritize work confidently. Leadership impact is limited, and more ownership is needed during planning and decision-making. Communication should improve because missing or late updates can delay decisions. In quality assurance responsibilities, she shows potential, but should communicate blockers earlier. Team members benefit when she explains decisions clearly instead of only giving instructions. Overall, she needs focused improvement and closer review in the next appraisal cycle.",-0.13,5,9,7,0.21,Low Leadership Visibility,Stable Productivity Pattern,Moderate Communication Pattern,Moderate Collaboration Pattern,Active Learning Pattern,Learning-Oriented Contributor
E174,I06,P030,DevOps,1988-11-29,M,2,Operations,English,Tamil,['Ladies College'],60.35,Medium,61.47,Medium,0,39,35,13,2,2.0,3.3333333333333335,4.0,3.3333333333333335,4.666666666666667,3.466666666666667,3.4,3.6,3.4,"He has completed assigned responsibilities at an acceptable level, but stronger follow-through would improve overall contribution. Communication is clear and timely, which helps the team understand progress and risks. Collaboration needs improvement because gaps in follow-up can create confusion for others. In DevOps and operational responsibilities, he supports automation tasks effectively, but should improve handover notes. This assessment is based on observed delivery, team interaction, and the quality of contribution during the cycle. Overall, he meets many expectations, but more consistency would make the appraisal stronger. Working with him is generally manageable, although communication and follow-up can vary depending on workload. Collaboration is effective, and team members are usually included in relevant discussions. Punctuality needs improvement because delays sometimes affect coordination and planning. In DevOps and operational responsibilities, he communicates operational risks clearly, but needs more proactive monitoring follow-up. The team can work with him effectively when expectations are clear. Overall, he meets many expectations, but more consistency would make the appraisal stronger. He provides direction when needed, but the level of guidance can vary depending on project pressure. Leadership is visible through initiative, guidance, and willingness to take responsibility. Collaboration is acceptable, although coordination could be more proactive. In DevOps and operational responsibilities, he communicates operational risks clearly, but sometimes needs faster escalation during incidents. He usually treats questions professionally, but more open discussion would help junior members. Overall, he meets many expectations, but more consistency would make the appraisal stronger.",0.13,6,6,12,0.01,Strong Leadership Pattern,Stable Productivity Pattern,Moderate Communication Pattern,Moderate Collaboration Pattern,Active Learning Pattern,Learning-Oriented Contributor
E175,I07,P031,PM,1987-01-07,M,7,Management,Sinhala,Sinhalese,['Ananda College'],72.43,Medium,72.23,Medium,1,44,31,15,2,4.333333333333333,2.0,1.0,3.0,2.6666666666666665,2.6,2.0,2.8,3.0,"He has shown potential, but several gaps in execution and communication affected the team’s workflow. Collaboration needs improvement because gaps in follow-up can create confusion for others. Leadership impact is limited, and more ownership is needed during planning and decision-making. In project management responsibilities, he shows potential, but needs to balance delivery pressure with team input. Further improvement should be tracked through upcoming sprint outcomes and communication patterns. Overall, he needs focused improvement and closer review in the next appraisal cycle. He has technical or functional ability, but gaps in coordination sometimes create additional effort for others. Leadership impact is limited, and more ownership is needed during planning and decision-making. Problem solving needs development, particularly when issues are unclear or require independent analysis. In project management responsibilities, he shows potential, but should improve transparency during priority changes. He is generally approachable, although response quality changes when workload increases. Overall, he needs focused improvement and closer review in the next appraisal cycle. From a subordinate perspective, he needs to improve communication around decisions and expectations. Leadership impact is limited, and more ownership is needed during planning and decision-making. Problem solving needs development, particularly when issues are unclear or require independent analysis. In project management responsibilities, he shows potential, but needs to balance delivery pressure with team input. Team members benefit when he explains decisions clearly instead of only giving instructions. Overall, he needs focused improvement and closer review in the next appraisal cycle.",-0.79,3,11,7,0.28,Low Leadership Visibility,Stable Productivity Pattern,Communication Improvement Needed,Moderate Collaboration Pattern,Active Learning Pattern,Communication Development Required
E176,I07,P031,SE,2001-02-27,F,10,Engineering,Tamil,Sinhalese,"[""St. John's College""]",65.35,Medium,70.1,Medium,3,36,15,10,2,3.0,5.0,1.6666666666666667,4.666666666666667,3.6666666666666665,3.6,4.2,3.4,3.2,"She has shown dependable ownership of software engineering tasks and has handled assigned responsibilities with limited supervision. Problem solving is strong, especially when unexpected issues require practical decisions. Communication is clear and timely, which helps the team understand progress and risks. In software engineering tasks, she clarifies technical dependencies and shows awareness of how her work affects project delivery. Further improvement should be tracked through upcoming sprint outcomes and communication patterns. Overall, she is viewed as a dependable contributor, with only minor areas to refine as responsibilities increase. She contributes to the team, but there are moments where clearer coordination would make collaboration easier. Problem solving is strong, especially when unexpected issues require practical decisions. Leadership impact is limited, and more ownership is needed during planning and decision-making. In software engineering tasks, she clarifies technical dependencies, but should take more ownership during complex defects. The team can work with her effectively when expectations are clear. Overall, she meets many expectations, but more consistency would make the appraisal stronger. She helps the team progress, but there are areas where communication and delegation could improve. Problem solving is strong, especially when unexpected issues require practical decisions. Leadership impact is limited, and more ownership is needed during planning and decision-making. In software engineering tasks, she writes maintainable code, but could document changes more consistently. She usually treats questions professionally, but more open discussion would help junior members. Overall, she meets many expectations, but more consistency would make the appraisal stronger.",0.41,4,11,7,0.28,Low Leadership Visibility,Stable Productivity Pattern,Moderate Communication Pattern,Moderate Collaboration Pattern,Active Learning Pattern,Learning-Oriented Contributor
E177,I07,P031,SE,1985-12-07,M,3,Engineering,English,Sinhalese,['Jaffna Hindu'],62.55,Medium,64.76,Medium,4,37,14,3,2,2.6666666666666665,1.6666666666666667,4.333333333333333,4.333333333333333,4.333333333333333,3.466666666666667,3.6,3.2,3.6,"He has met most expectations during this cycle, although there are still areas where consistency can improve. Communication is clear and timely, which helps the team understand progress and risks. Problem solving needs development, particularly when issues are unclear or require independent analysis. In software engineering tasks, he writes maintainable code, but should take more ownership during complex defects. This assessment is based on observed delivery, team interaction, and the quality of contribution during the cycle. Overall, he meets many expectations, but more consistency would make the appraisal stronger. He contributes to the team, but there are moments where clearer coordination would make collaboration easier. Leadership is visible through initiative, guidance, and willingness to take responsibility. Problem solving needs development, particularly when issues are unclear or require independent analysis. In software engineering tasks, he handles implementation details carefully, but should take more ownership during complex defects. He is generally approachable, although response quality changes when workload increases. Overall, he meets many expectations, but more consistency would make the appraisal stronger. He helps the team progress, but there are areas where communication and delegation could improve. Leadership is visible through initiative, guidance, and willingness to take responsibility. Problem solving needs development, particularly when issues are unclear or require independent analysis. In software engineering tasks, he writes maintainable code, but should take more ownership during complex defects. He usually treats questions professionally, but more open discussion would help junior members. Overall, he meets many expectations, but more consistency would make the appraisal stronger.",0.06,3,11,7,0.05,Strong Leadership Pattern,Stable Productivity Pattern,Moderate Communication Pattern,Moderate Collaboration Pattern,Low Learning Engagement,Balanced Contributor
E178,I07,P031,QA,1999-11-15,M,1,QA,English,Sinhalese,['Holy Family'],64.87,Medium,65.51,Medium,2,49,16,6,2,2.3333333333333335,4.333333333333333,2.0,1.6666666666666667,4.666666666666667,3.0,3.0,2.6,3.4,"He has faced difficulty maintaining consistent delivery during this cycle, particularly when work became time-sensitive. Leadership impact is limited, and more ownership is needed during planning and decision-making. Collaboration needs improvement because gaps in follow-up can create confusion for others. In quality assurance responsibilities, he shows potential, but should communicate blockers earlier. The rating reflects both measurable work output and observed behaviour in project situations. Overall, he needs focused improvement and closer review in the next appraisal cycle. Working with him can be challenging when deadlines are tight because updates are sometimes delayed. Collaboration needs improvement because gaps in follow-up can create confusion for others. Leadership impact is limited, and more ownership is needed during planning and decision-making. In quality assurance responsibilities, he shows potential, but needs stronger attention to edge cases. The team can work with him effectively when expectations are clear. Overall, he needs focused improvement and closer review in the next appraisal cycle. From a subordinate perspective, he is generally supportive, although decisions are sometimes communicated late. Problem solving is strong, especially when unexpected issues require practical decisions. Collaboration needs improvement because gaps in follow-up can create confusion for others. In quality assurance responsibilities, he maintains useful test coverage, but needs stronger attention to edge cases. The guidance received from him influences how confidently others handle their tasks. Overall, he meets many expectations, but more consistency would make the appraisal stronger.",-0.41,1,9,5,0.16,Low Leadership Visibility,Stable Productivity Pattern,Moderate Communication Pattern,Collaboration Support Needed,Moderate Learning Pattern,Teamwork Development Required
E179,I02,P032,PM,1995-05-11,F,11,Management,Sinhala,Tamil,['DS Senanayake'],62.12,Medium,64.15,Medium,2,23,10,9,3,3.6666666666666665,2.3333333333333335,3.6666666666666665,4.666666666666667,2.3333333333333335,3.3333333333333335,3.2,3.2,3.6,"She has met most expectations during this cycle, although there are still areas where consistency can improve. Time discipline is a strength, and scheduled discussions or deliverables are usually respected. Leadership impact is limited, and more ownership is needed during planning and decision-making. In project management responsibilities, she coordinates stakeholders effectively, but could delegate decisions more consistently. Further improvement should be tracked through upcoming sprint outcomes and communication patterns. Overall, she meets many expectations, but more consistency would make the appraisal stronger. As a peer, I see her as capable, but she could be more consistent in sharing progress with the team. Leadership is visible through initiative, guidance, and willingness to take responsibility. Problem solving needs development, particularly when issues are unclear or require independent analysis. In project management responsibilities, she keeps the team aligned, but needs to balance delivery pressure with team input. Peer collaboration would improve further if she shared blockers earlier. Overall, she meets many expectations, but more consistency would make the appraisal stronger. From a subordinate perspective, she is generally supportive, although decisions are sometimes communicated late. Time discipline is a strength, and scheduled discussions or deliverables are usually respected. Communication should improve because missing or late updates can delay decisions. In project management responsibilities, she supports planning discussions well, but should improve transparency during priority changes. The guidance received from her influences how confidently others handle their tasks. Overall, she meets many expectations, but more consistency would make the appraisal stronger.",-0.05,6,11,8,0.05,Emerging Leadership Pattern,Stable Productivity Pattern,Communication Improvement Needed,Moderate Collaboration Pattern,Moderate Learning Pattern,Communication Development Required
E180,I02,P032,SE,1988-03-06,F,3,Engineering,Sinhala,Sinhalese,['Royal College'],64.43,Medium,64.67,Medium,4,27,24,3,4,2.6666666666666665,4.666666666666667,2.0,3.3333333333333335,3.6666666666666665,3.266666666666667,3.0,3.0,3.8,"She requires closer follow-up to ensure assigned responsibilities are completed with the expected level of quality. Communication should improve because missing or late updates can delay decisions. Leadership impact is limited, and more ownership is needed during planning and decision-making. In software engineering tasks, she shows potential, but needs to improve estimation accuracy. This assessment is based on observed delivery, team interaction, and the quality of contribution during the cycle. Overall, she needs focused improvement and closer review in the next appraisal cycle. She has technical or functional ability, but gaps in coordination sometimes create additional effort for others. Collaboration needs improvement because gaps in follow-up can create confusion for others. Leadership impact is limited, and more ownership is needed during planning and decision-making. In software engineering tasks, she shows potential, but could document changes more consistently. Peer collaboration would improve further if she shared blockers earlier. Overall, she needs focused improvement and closer review in the next appraisal cycle. She helps the team progress, but there are areas where communication and delegation could improve. Problem solving is strong, especially when unexpected issues require practical decisions. Leadership impact is limited, and more ownership is needed during planning and decision-making. In software engineering tasks, she writes maintainable code, but should take more ownership during complex defects. She usually treats questions professionally, but more open discussion would help junior members. Overall, she meets many expectations, but more consistency would make the appraisal stronger.",-0.7,4,12,7,0.21,Low Leadership Visibility,Stable Productivity Pattern,Moderate Communication Pattern,Moderate Collaboration Pattern,Low Learning Engagement,Balanced Contributor
E181,I02,P032,DevOps,1992-08-03,F,12,Operations,Tamil,Sinhalese,['Nalanda College'],78.2,High,75.87,High,3,41,28,4,5,2.0,4.333333333333333,3.3333333333333335,2.6666666666666665,5.0,3.466666666666667,3.6,3.4,3.4,"She shows useful capability in DevOps and operational responsibilities, though performance is not yet consistent across all situations. Communication is clear and timely, which helps the team understand progress and risks. Collaboration is acceptable, although coordination could be more proactive. In DevOps and operational responsibilities, she supports automation tasks effectively, but could document deployment steps better. This assessment is based on observed delivery, team interaction, and the quality of contribution during the cycle. Overall, she meets many expectations, but more consistency would make the appraisal stronger. As a peer, I see her as capable, but she could be more consistent in sharing progress with the team. Problem solving is strong, especially when unexpected issues require practical decisions. Punctuality needs improvement because delays sometimes affect coordination and planning. In DevOps and operational responsibilities, she supports automation tasks effectively, but should improve handover notes. The team can work with her effectively when expectations are clear. Overall, she meets many expectations, but more consistency would make the appraisal stronger. She provides direction when needed, but the level of guidance can vary depending on project pressure. Communication is clear and timely, which helps the team understand progress and risks. Punctuality needs improvement because delays sometimes affect coordination and planning. In DevOps and operational responsibilities, she supports automation tasks effectively, but sometimes needs faster escalation during incidents. The guidance received from her influences how confidently others handle their tasks. Overall, she meets many expectations, but more consistency would make the appraisal stronger.",0.36,2,4,13,0.01,Emerging Leadership Pattern,High Productivity Pattern,Moderate Communication Pattern,Collaboration Support Needed,Low Learning Engagement,Technical High Performer
E182,I02,P033,PM,1990-10-29,M,8,Management,Sinhala,Sinhalese,['Ladies College'],72.03,Medium,71.68,Medium,0,28,26,13,5,1.6666666666666667,3.0,3.6666666666666665,4.0,4.0,3.266666666666667,3.4,3.2,3.2,"He has met most expectations during this cycle, although there are still areas where consistency can improve. Problem solving is strong, especially when unexpected issues require practical decisions. Punctuality needs improvement because delays sometimes affect coordination and planning. In project management responsibilities, he coordinates stakeholders effectively, but sometimes centralizes discussion. This assessment is based on observed delivery, team interaction, and the quality of contribution during the cycle. Overall, he meets many expectations, but more consistency would make the appraisal stronger. He contributes to the team, but there are moments where clearer coordination would make collaboration easier. Communication is clear and timely, which helps the team understand progress and risks. Punctuality needs improvement because delays sometimes affect coordination and planning. In project management responsibilities, he coordinates stakeholders effectively, but needs to balance delivery pressure with team input. The team can work with him effectively when expectations are clear. Overall, he meets many expectations, but more consistency would make the appraisal stronger. He provides direction when needed, but the level of guidance can vary depending on project pressure. Leadership is visible through initiative, guidance, and willingness to take responsibility. Problem solving needs development, particularly when issues are unclear or require independent analysis. In project management responsibilities, he coordinates stakeholders effectively, but should improve transparency during priority changes. He usually treats questions professionally, but more open discussion would help junior members. Overall, he meets many expectations, but more consistency would make the appraisal stronger.",0.08,3,7,10,0.01,Emerging Leadership Pattern,Stable Productivity Pattern,Clear and Responsive Communicator,Strong Team Collaboration Pattern,Active Learning Pattern,Learning-Oriented Contributor
E183,I02,P033,SE,2002-06-14,M,7,Engineering,Tamil,Tamil,['Visakha Vidyalaya'],71.47,Medium,72.25,Medium,3,57,20,8,2,5.0,1.6666666666666667,3.0,2.3333333333333335,5.0,3.4,3.0,3.6,3.6,"He has faced difficulty maintaining consistent delivery during this cycle, particularly when work became time-sensitive. Problem solving needs development, particularly when issues are unclear or require independent analysis. Collaboration needs improvement because gaps in follow-up can create confusion for others. In software engineering tasks, he shows potential, but needs to improve estimation accuracy. Further improvement should be tracked through upcoming sprint outcomes and communication patterns. Overall, he needs focused improvement and closer review in the next appraisal cycle. He contributes to the team, but there are moments where clearer coordination would make collaboration easier. Time discipline is a strength, and scheduled discussions or deliverables are usually respected. Problem solving needs development, particularly when issues are unclear or require independent analysis. In software engineering tasks, he handles implementation details carefully, but could document changes more consistently. The team can work with him effectively when expectations are clear. Overall, he meets many expectations, but more consistency would make the appraisal stronger. He helps the team progress, but there are areas where communication and delegation could improve. Time discipline is a strength, and scheduled discussions or deliverables are usually respected. Collaboration needs improvement because gaps in follow-up can create confusion for others. In software engineering tasks, he clarifies technical dependencies, but could document changes more consistently. The guidance received from him influences how confidently others handle their tasks. Overall, he meets many expectations, but more consistency would make the appraisal stronger.",-0.26,4,1,7,0.12,Emerging Leadership Pattern,Stable Productivity Pattern,Moderate Communication Pattern,Collaboration Support Needed,Moderate Learning Pattern,Teamwork Development Required
E184,I02,P033,SE,1987-05-11,F,3,Engineering,Tamil,Sinhalese,['Ananda College'],60.2,Medium,61.61,Medium,4,60,18,15,3,5.0,2.6666666666666665,2.0,3.0,4.333333333333333,3.4,3.6,3.4,3.2,"She has met most expectations during this cycle, although there are still areas where consistency can improve. Time discipline is a strength, and scheduled discussions or deliverables are usually respected. Problem solving needs development, particularly when issues are unclear or require independent analysis. In software engineering tasks, she clarifies technical dependencies, but sometimes delays status updates. This assessment is based on observed delivery, team interaction, and the quality of contribution during the cycle. Overall, she meets many expectations, but more consistency would make the appraisal stronger. As a peer, I see her as capable, but she could be more consistent in sharing progress with the team. Time discipline is a strength, and scheduled discussions or deliverables are usually respected. Collaboration needs improvement because gaps in follow-up can create confusion for others. In software engineering tasks, she writes maintainable code, but could document changes more consistently. The team can work with her effectively when expectations are clear. Overall, she meets many expectations, but more consistency would make the appraisal stronger. From a subordinate perspective, she is generally supportive, although decisions are sometimes communicated late. Time discipline is a strength, and scheduled discussions or deliverables are usually respected. Leadership impact is limited, and more ownership is needed during planning and decision-making. In software engineering tasks, she supports debugging discussions, but needs to improve estimation accuracy. The guidance received from her influences how confidently others handle their tasks. Overall, she meets many expectations, but more consistency would make the appraisal stronger.",0.14,6,5,7,0.04,Low Leadership Visibility,Stable Productivity Pattern,Moderate Communication Pattern,Moderate Collaboration Pattern,Active Learning Pattern,Learning-Oriented Contributor
E185,I02,P033,SE,1995-06-15,M,7,Engineering,Tamil,Tamil,['Holy Family'],66.63,Medium,65.88,Medium,0,58,28,7,2,2.6666666666666665,5.0,4.333333333333333,2.6666666666666665,1.6666666666666667,3.266666666666667,3.4,3.0,3.4,"He has met most expectations during this cycle, although there are still areas where consistency can improve. Problem solving is strong, especially when unexpected issues require practical decisions. Communication should improve because missing or late updates can delay decisions. In software engineering tasks, he handles implementation details carefully, but sometimes delays status updates. The rating reflects both measurable work output and observed behaviour in project situations. Overall, he meets many expectations, but more consistency would make the appraisal stronger. He has technical or functional ability, but gaps in coordination sometimes create additional effort for others. Communication should improve because missing or late updates can delay decisions. Collaboration needs improvement because gaps in follow-up can create confusion for others. In software engineering tasks, he shows potential, but could document changes more consistently. He is generally approachable, although response quality changes when workload increases. Overall, he needs focused improvement and closer review in the next appraisal cycle. He helps the team progress, but there are areas where communication and delegation could improve. Problem solving is strong, especially when unexpected issues require practical decisions. Communication should improve because missing or late updates can delay decisions. In software engineering tasks, he writes maintainable code, but needs to improve estimation accuracy. Team members benefit when he explains decisions clearly instead of only giving instructions. Overall, he meets many expectations, but more consistency would make the appraisal stronger.",-0.52,9,6,5,0.05,Strong Leadership Pattern,Stable Productivity Pattern,Communication Improvement Needed,Collaboration Support Needed,Moderate Learning Pattern,Communication Development Required
E186,I02,P033,SE,1996-11-27,M,3,Engineering,Tamil,Tamil,['Holy Family'],73.33,Medium,73.01,Medium,1,43,10,7,3,5.0,5.0,3.6666666666666665,4.0,4.333333333333333,4.3999999999999995,4.4,4.6,4.2,"He has shown dependable ownership of software engineering tasks and has handled assigned responsibilities with limited supervision. Time discipline is a strength, and scheduled discussions or deliverables are usually respected. Problem solving is strong, especially when unexpected issues require practical decisions. In software engineering tasks, he clarifies technical dependencies and shows awareness of how his work affects project delivery. The rating reflects both measurable work output and observed behaviour in project situations. Overall, he is viewed as a dependable contributor, with only minor areas to refine as responsibilities increase. Working with him has generally been a positive experience because he contributes constructively during team tasks. Time discipline is a strength, and scheduled discussions or deliverables are usually respected. Problem solving is strong, especially when unexpected issues require practical decisions. In software engineering tasks, he supports debugging discussions and shows awareness of how his work affects project delivery. The team can work with him effectively when expectations are clear. Overall, he is viewed as a dependable contributor, with only minor areas to refine as responsibilities increase. From a subordinate perspective, he supports the team well and gives useful direction when priorities change. Time discipline is a strength, and scheduled discussions or deliverables are usually respected. Problem solving is strong, especially when unexpected issues require practical decisions. In software engineering tasks, he handles implementation details carefully and shows awareness of how his work affects project delivery. Team members benefit when he explains decisions clearly instead of only giving instructions. Overall, he is viewed as a dependable contributor, with only minor areas to refine as responsibilities increase.",0.88,4,6,7,0.04,Emerging Leadership Pattern,Stable Productivity Pattern,Moderate Communication Pattern,Moderate Collaboration Pattern,Moderate Learning Pattern,Balanced Contributor
E187,I02,P033,QA,2001-12-16,F,12,QA,Tamil,Sinhalese,['Musaeus College'],68.48,Medium,67.44,Medium,1,45,17,3,5,4.666666666666667,2.6666666666666665,3.3333333333333335,1.3333333333333333,4.666666666666667,3.3333333333333335,3.4,3.6,3.0,"She has met most expectations during this cycle, although there are still areas where consistency can improve. Time discipline is a strength, and scheduled discussions or deliverables are usually respected. Collaboration needs improvement because gaps in follow-up can create confusion for others. In quality assurance responsibilities, she maintains useful test coverage, but needs stronger attention to edge cases. Further improvement should be tracked through upcoming sprint outcomes and communication patterns. Overall, she meets many expectations, but more consistency would make the appraisal stronger. Working with her is generally manageable, although communication and follow-up can vary depending on workload. Communication is clear and timely, which helps the team understand progress and risks. Collaboration needs improvement because gaps in follow-up can create confusion for others. In quality assurance responsibilities, she identifies defects clearly, but sometimes needs faster turnaround on retesting. Peer collaboration would improve further if she shared blockers earlier. Overall, she meets many expectations, but more consistency would make the appraisal stronger. From a subordinate perspective, she needs to improve communication around decisions and expectations. Collaboration needs improvement because gaps in follow-up can create confusion for others. Problem solving needs development, particularly when issues are unclear or require independent analysis. In quality assurance responsibilities, she shows potential, but needs stronger attention to edge cases. The guidance received from her influences how confidently others handle their tasks. Overall, she needs focused improvement and closer review in the next appraisal cycle.",-0.4,5,2,6,0.09,Emerging Leadership Pattern,Stable Productivity Pattern,Moderate Communication Pattern,Collaboration Support Needed,Low Learning Engagement,Teamwork Development Required
E188,I02,P033,QA,2001-09-10,F,10,QA,Sinhala,Tamil,['Nalanda College'],73.7,Medium,71.61,Medium,0,48,33,8,3,4.666666666666667,2.3333333333333335,4.333333333333333,4.333333333333333,2.3333333333333335,3.6,3.6,3.8,3.4,"She has completed assigned responsibilities at an acceptable level, but stronger follow-through would improve overall contribution. Leadership is visible through initiative, guidance, and willingness to take responsibility. Problem solving needs development, particularly when issues are unclear or require independent analysis. In quality assurance responsibilities, she supports release validation well, but needs stronger attention to edge cases. Further improvement should be tracked through upcoming sprint outcomes and communication patterns. Overall, she meets many expectations, but more consistency would make the appraisal stronger. Working with her is generally manageable, although communication and follow-up can vary depending on workload. Time discipline is a strength, and scheduled discussions or deliverables are usually respected. Communication should improve because missing or late updates can delay decisions. In quality assurance responsibilities, she communicates quality risks early, but could improve test documentation consistency. Peer collaboration would improve further if she shared blockers earlier. Overall, she meets many expectations, but more consistency would make the appraisal stronger. She helps the team progress, but there are areas where communication and delegation could improve. Time discipline is a strength, and scheduled discussions or deliverables are usually respected. Communication should improve because missing or late updates can delay decisions. In quality assurance responsibilities, she supports release validation well, but sometimes needs faster turnaround on retesting. Team members benefit when she explains decisions clearly instead of only giving instructions. Overall, she meets many expectations, but more consistency would make the appraisal stronger.",-0.08,10,7,7,0.04,Strong Leadership Pattern,Stable Productivity Pattern,Communication Improvement Needed,Moderate Collaboration Pattern,Moderate Learning Pattern,Communication Development Required
E189,I02,P033,DevOps,1994-09-05,M,4,Operations,Sinhala,Tamil,['Nalanda College'],64.15,Medium,65.72,Medium,3,49,29,7,4,4.666666666666667,1.6666666666666667,2.6666666666666665,3.0,2.3333333333333335,2.8666666666666667,2.6,3.2,2.8,"He requires closer follow-up to ensure assigned responsibilities are completed with the expected level of quality. Problem solving needs development, particularly when issues are unclear or require independent analysis. Communication should improve because missing or late updates can delay decisions. In DevOps and operational responsibilities, he shows potential, but needs more proactive monitoring follow-up. Further improvement should be tracked through upcoming sprint outcomes and communication patterns. Overall, he needs focused improvement and closer review in the next appraisal cycle. He contributes to the team, but there are moments where clearer coordination would make collaboration easier. Time discipline is a strength, and scheduled discussions or deliverables are usually respected. Problem solving needs development, particularly when issues are unclear or require independent analysis. In DevOps and operational responsibilities, he keeps environments stable, but sometimes needs faster escalation during incidents. The team can work with him effectively when expectations are clear. Overall, he meets many expectations, but more consistency would make the appraisal stronger. From a subordinate perspective, he needs to improve communication around decisions and expectations. Communication should improve because missing or late updates can delay decisions. Leadership impact is limited, and more ownership is needed during planning and decision-making. In DevOps and operational responsibilities, he shows potential, but needs more proactive monitoring follow-up. Team members benefit when he explains decisions clearly instead of only giving instructions. Overall, he needs focused improvement and closer review in the next appraisal cycle.",-0.41,7,7,6,0.09,Low Leadership Visibility,Stable Productivity Pattern,Communication Improvement Needed,Moderate Collaboration Pattern,Moderate Learning Pattern,Communication Development Required
E190,I03,P034,PM,1994-10-14,M,4,Management,English,Sinhalese,['Visakha Vidyalaya'],77.72,High,76.42,High,2,45,22,10,4,2.6666666666666665,3.6666666666666665,3.6666666666666665,3.3333333333333335,3.6666666666666665,3.4,3.4,3.2,3.6,"He has completed assigned responsibilities at an acceptable level, but stronger follow-through would improve overall contribution. Leadership is visible through initiative, guidance, and willingness to take responsibility. Punctuality needs improvement because delays sometimes affect coordination and planning. In project management responsibilities, he coordinates stakeholders effectively, but needs to balance delivery pressure with team input. The rating reflects both measurable work output and observed behaviour in project situations. Overall, he meets many expectations, but more consistency would make the appraisal stronger. As a peer, I see him as capable, but he could be more consistent in sharing progress with the team. Leadership is visible through initiative, guidance, and willingness to take responsibility. Punctuality needs improvement because delays sometimes affect coordination and planning. In project management responsibilities, he keeps the team aligned, but needs to balance delivery pressure with team input. Peer collaboration would improve further if he shared blockers earlier. Overall, he meets many expectations, but more consistency would make the appraisal stronger. He provides direction when needed, but the level of guidance can vary depending on project pressure. Problem solving is strong, especially when unexpected issues require practical decisions. Leadership impact is limited, and more ownership is needed during planning and decision-making. In project management responsibilities, he tracks project risks carefully, but should improve transparency during priority changes. Team members benefit when he explains decisions clearly instead of only giving instructions. Overall, he meets many expectations, but more consistency would make the appraisal stronger.",-0.3,0,15,11,0.04,Emerging Leadership Pattern,High Productivity Pattern,Moderate Communication Pattern,Moderate Collaboration Pattern,Active Learning Pattern,Technical High Performer
E191,I03,P034,SE,1998-01-17,M,6,Engineering,Tamil,Sinhalese,['Visakha Vidyalaya'],65.97,Medium,65.97,Medium,0,55,24,4,3,4.666666666666667,2.3333333333333335,1.0,3.6666666666666665,4.333333333333333,3.1999999999999997,2.6,3.6,3.4,"He has shown potential, but several gaps in execution and communication affected the team’s workflow. Leadership impact is limited, and more ownership is needed during planning and decision-making. Problem solving needs development, particularly when issues are unclear or require independent analysis. In software engineering tasks, he shows potential, but should take more ownership during complex defects. The rating reflects both measurable work output and observed behaviour in project situations. Overall, he needs focused improvement and closer review in the next appraisal cycle. He contributes to the team, but there are moments where clearer coordination would make collaboration easier. Time discipline is a strength, and scheduled discussions or deliverables are usually respected. Leadership impact is limited, and more ownership is needed during planning and decision-making. In software engineering tasks, he handles implementation details carefully, but needs to improve estimation accuracy. The team can work with him effectively when expectations are clear. Overall, he meets many expectations, but more consistency would make the appraisal stronger. From a subordinate perspective, he is generally supportive, although decisions are sometimes communicated late. Time discipline is a strength, and scheduled discussions or deliverables are usually respected. Leadership impact is limited, and more ownership is needed during planning and decision-making. In software engineering tasks, he writes maintainable code, but should take more ownership during complex defects. Team members benefit when he explains decisions clearly instead of only giving instructions. Overall, he meets many expectations, but more consistency would make the appraisal stronger.",0.0,3,13,8,0.28,Low Leadership Visibility,Stable Productivity Pattern,Moderate Communication Pattern,Moderate Collaboration Pattern,Low Learning Engagement,Balanced Contributor
E192,I03,P034,SE,1991-05-12,F,12,Engineering,Tamil,Tamil,['Nalanda College'],65.3,Medium,65.16,Medium,3,59,18,14,4,2.0,1.6666666666666667,4.666666666666667,4.333333333333333,1.6666666666666667,2.8666666666666667,2.6,2.8,3.2,"She requires closer follow-up to ensure assigned responsibilities are completed with the expected level of quality. Communication should improve because missing or late updates can delay decisions. Problem solving needs development, particularly when issues are unclear or require independent analysis. In software engineering tasks, she shows potential, but needs to improve estimation accuracy. The rating reflects both measurable work output and observed behaviour in project situations. Overall, she needs focused improvement and closer review in the next appraisal cycle. Working with her can be challenging when deadlines are tight because updates are sometimes delayed. Communication should improve because missing or late updates can delay decisions. Problem solving needs development, particularly when issues are unclear or require independent analysis. In software engineering tasks, she shows potential, but should take more ownership during complex defects. The team can work with her effectively when expectations are clear. Overall, she needs focused improvement and closer review in the next appraisal cycle. She provides direction when needed, but the level of guidance can vary depending on project pressure. Collaboration is effective, and team members are usually included in relevant discussions. Problem solving needs development, particularly when issues are unclear or require independent analysis. In software engineering tasks, she writes maintainable code, but sometimes delays status updates. The guidance received from her influences how confidently others handle their tasks. Overall, she meets many expectations, but more consistency would make the appraisal stronger.",-0.38,8,6,4,0.09,Strong Leadership Pattern,Stable Productivity Pattern,Communication Improvement Needed,Strong Team Collaboration Pattern,Active Learning Pattern,Collaborative Leader
E193,I03,P034,SE,1991-12-08,M,11,Engineering,Sinhala,Tamil,['Royal College'],59.9,Medium,60.49,Medium,0,34,20,15,5,5.0,2.0,1.3333333333333333,2.6666666666666665,3.0,2.8000000000000003,2.8,3.0,2.6,"He requires closer follow-up to ensure assigned responsibilities are completed with the expected level of quality. Leadership impact is limited, and more ownership is needed during planning and decision-making. Problem solving needs development, particularly when issues are unclear or require independent analysis. In software engineering tasks, he shows potential, but sometimes delays status updates. The rating reflects both measurable work output and observed behaviour in project situations. Overall, he needs focused improvement and closer review in the next appraisal cycle. He has technical or functional ability, but gaps in coordination sometimes create additional effort for others. Leadership impact is limited, and more ownership is needed during planning and decision-making. Communication is generally understandable, but updates are not always timely or complete. In software engineering tasks, he shows potential, but could document changes more consistently. The team can work with him effectively when expectations are clear. Overall, he needs focused improvement and closer review in the next appraisal cycle. From a subordinate perspective, he needs to improve communication around decisions and expectations. Problem solving needs development, particularly when issues are unclear or require independent analysis. Collaboration needs improvement because gaps in follow-up can create confusion for others. In software engineering tasks, he shows potential, but could document changes more consistently. Team members benefit when he explains decisions clearly instead of only giving instructions. Overall, he needs focused improvement and closer review in the next appraisal cycle.",-0.57,5,8,5,0.04,Low Leadership Visibility,Stable Productivity Pattern,Moderate Communication Pattern,Collaboration Support Needed,Active Learning Pattern,Teamwork Development Required
E194,I03,P034,QA,2001-05-21,M,8,QA,Sinhala,Tamil,['Jaffna Hindu'],77.28,High,74.77,Medium,1,28,12,13,5,4.666666666666667,5.0,4.0,3.6666666666666665,3.6666666666666665,4.2,4.2,4.0,4.4,"He has delivered a strong performance during this cycle, especially in relation to test execution, defect reporting, regression coverage, and release readiness. Problem solving is strong, especially when unexpected issues require practical decisions. Time discipline is a strength, and scheduled discussions or deliverables are usually respected. In quality assurance responsibilities, he identifies defects clearly and shows awareness of how his work affects project delivery. This assessment is based on observed delivery, team interaction, and the quality of contribution during the cycle. Overall, he is viewed as a dependable contributor, with only minor areas to refine as responsibilities increase. He contributes to the team, but there are moments where clearer coordination would make collaboration easier. Time discipline is a strength, and scheduled discussions or deliverables are usually respected. Collaboration is acceptable, although coordination could be more proactive. In quality assurance responsibilities, he communicates quality risks early, but could improve test documentation consistency. Peer collaboration would improve further if he shared blockers earlier. Overall, he meets many expectations, but more consistency would make the appraisal stronger. From a subordinate perspective, he supports the team well and gives useful direction when priorities change. Time discipline is a strength, and scheduled discussions or deliverables are usually respected. Problem solving is strong, especially when unexpected issues require practical decisions. In quality assurance responsibilities, he communicates quality risks early and shows awareness of how his work affects project delivery. He usually treats questions professionally, but more open discussion would help junior members. Overall, he is viewed as a dependable contributor, with only minor areas to refine as responsibilities increase.",0.73,6,3,11,0.04,Strong Leadership Pattern,Stable Productivity Pattern,Moderate Communication Pattern,Moderate Collaboration Pattern,Active Learning Pattern,Learning-Oriented Contributor
E195,I03,P034,DevOps,1999-02-25,F,12,Operations,Sinhala,Tamil,['Visakha Vidyalaya'],68.47,Medium,67.6,Medium,4,59,21,10,4,4.666666666666667,3.3333333333333335,2.0,4.666666666666667,4.666666666666667,3.8666666666666667,3.8,3.8,4.0,"She has completed assigned responsibilities at an acceptable level, but stronger follow-through would improve overall contribution. Collaboration is effective, and team members are usually included in relevant discussions. Leadership impact is limited, and more ownership is needed during planning and decision-making. In DevOps and operational responsibilities, she responds well during deployment issues, but could document deployment steps better. The rating reflects both measurable work output and observed behaviour in project situations. Overall, she meets many expectations, but more consistency would make the appraisal stronger. Working with her is generally manageable, although communication and follow-up can vary depending on workload. Time discipline is a strength, and scheduled discussions or deliverables are usually respected. Leadership impact is limited, and more ownership is needed during planning and decision-making. In DevOps and operational responsibilities, she keeps environments stable, but sometimes needs faster escalation during incidents. Peer collaboration would improve further if she shared blockers earlier. Overall, she meets many expectations, but more consistency would make the appraisal stronger. She helps the team progress, but there are areas where communication and delegation could improve. Time discipline is a strength, and scheduled discussions or deliverables are usually respected. Leadership is present in some situations, but stronger initiative would improve team confidence. In DevOps and operational responsibilities, she supports automation tasks effectively, but could document deployment steps better. The guidance received from her influences how confidently others handle their tasks. Overall, she meets many expectations, but more consistency would make the appraisal stronger.",0.22,5,9,8,0.01,Low Leadership Visibility,Stable Productivity Pattern,Moderate Communication Pattern,Strong Team Collaboration Pattern,Active Learning Pattern,Learning-Oriented Contributor
E196,I04,P035,PM,1999-07-17,M,5,Management,Sinhala,Tamil,['Musaeus College'],69.58,Medium,69.76,Medium,0,29,26,9,5,3.3333333333333335,3.3333333333333335,1.3333333333333333,1.3333333333333333,2.6666666666666665,2.4,2.2,2.2,2.8,"He has faced difficulty maintaining consistent delivery during this cycle, particularly when work became time-sensitive. Collaboration needs improvement because gaps in follow-up can create confusion for others. Leadership impact is limited, and more ownership is needed during planning and decision-making. In project management responsibilities, he shows potential, but needs to balance delivery pressure with team input. The rating reflects both measurable work output and observed behaviour in project situations. Overall, he needs focused improvement and closer review in the next appraisal cycle. As a peer, I feel he needs to improve consistency in communication and task ownership. Collaboration needs improvement because gaps in follow-up can create confusion for others. Communication should improve because missing or late updates can delay decisions. In project management responsibilities, he shows potential, but could delegate decisions more consistently. The team can work with him effectively when expectations are clear. Overall, he needs focused improvement and closer review in the next appraisal cycle. He may have good intentions, but inconsistent guidance sometimes affects team confidence and planning. Leadership impact is limited, and more ownership is needed during planning and decision-making. Collaboration needs improvement because gaps in follow-up can create confusion for others. In project management responsibilities, he shows potential, but should improve transparency during priority changes. Team members benefit when he explains decisions clearly instead of only giving instructions. Overall, he needs focused improvement and closer review in the next appraisal cycle.",-0.73,3,11,9,0.12,Low Leadership Visibility,Stable Productivity Pattern,Communication Improvement Needed,Collaboration Support Needed,Moderate Learning Pattern,Communication Development Required
E197,I04,P035,SE,1992-11-21,F,7,Engineering,English,Tamil,['Royal College'],67.27,Medium,66.48,Medium,0,59,21,9,5,1.0,2.6666666666666665,1.6666666666666667,4.333333333333333,4.666666666666667,2.8666666666666667,3.2,2.8,2.6,"She has met most expectations during this cycle, although there are still areas where consistency can improve. Collaboration is effective, and team members are usually included in relevant discussions. Leadership impact is limited, and more ownership is needed during planning and decision-making. In software engineering tasks, she supports debugging discussions, but needs to improve estimation accuracy. The rating reflects both measurable work output and observed behaviour in project situations. Overall, she meets many expectations, but more consistency would make the appraisal stronger. As a peer, I feel she needs to improve consistency in communication and task ownership. Problem solving needs development, particularly when issues are unclear or require independent analysis. Punctuality needs improvement because delays sometimes affect coordination and planning. In software engineering tasks, she shows potential, but sometimes delays status updates. She is generally approachable, although response quality changes when workload increases. Overall, she needs focused improvement and closer review in the next appraisal cycle. She sometimes gives unclear direction, which can make it difficult for others to prioritize work confidently. Leadership impact is limited, and more ownership is needed during planning and decision-making. Punctuality needs improvement because delays sometimes affect coordination and planning. In software engineering tasks, she shows potential, but could document changes more consistently. She usually treats questions professionally, but more open discussion would help junior members. Overall, she needs focused improvement and closer review in the next appraisal cycle.",-0.46,6,8,8,0.09,Low Leadership Visibility,Stable Productivity Pattern,Moderate Communication Pattern,Strong Team Collaboration Pattern,Moderate Learning Pattern,Balanced Contributor
E198,I04,P035,SE,1987-09-03,F,3,Engineering,English,Tamil,['Holy Family'],65.77,Medium,66.31,Medium,4,20,27,11,5,5.0,5.0,1.0,3.0,3.6666666666666665,3.533333333333333,3.4,3.8,3.4,"She shows useful capability in software engineering tasks, though performance is not yet consistent across all situations. Time discipline is a strength, and scheduled discussions or deliverables are usually respected. Leadership impact is limited, and more ownership is needed during planning and decision-making. In software engineering tasks, she clarifies technical dependencies, but needs to improve estimation accuracy. Further improvement should be tracked through upcoming sprint outcomes and communication patterns. Overall, she meets many expectations, but more consistency would make the appraisal stronger. Working with her is generally manageable, although communication and follow-up can vary depending on workload. Time discipline is a strength, and scheduled discussions or deliverables are usually respected. Leadership impact is limited, and more ownership is needed during planning and decision-making. In software engineering tasks, she supports debugging discussions, but could document changes more consistently. Peer collaboration would improve further if she shared blockers earlier. Overall, she meets many expectations, but more consistency would make the appraisal stronger. She provides direction when needed, but the level of guidance can vary depending on project pressure. Time discipline is a strength, and scheduled discussions or deliverables are usually respected. Leadership impact is limited, and more ownership is needed during planning and decision-making. In software engineering tasks, she clarifies technical dependencies, but needs to improve estimation accuracy. Team members benefit when she explains decisions clearly instead of only giving instructions. Overall, she meets many expectations, but more consistency would make the appraisal stronger.",-0.11,6,12,5,0.05,Low Leadership Visibility,Stable Productivity Pattern,Moderate Communication Pattern,Moderate Collaboration Pattern,Active Learning Pattern,Learning-Oriented Contributor
E199,I04,P035,SE,2001-12-28,F,4,Engineering,Sinhala,Tamil,"[""St. John's College""]",64.55,Medium,67.56,Medium,3,56,17,10,3,4.666666666666667,5.0,4.666666666666667,2.0,4.0,4.066666666666666,3.8,4.2,4.2,"She has completed assigned responsibilities at an acceptable level, but stronger follow-through would improve overall contribution. Problem solving is strong, especially when unexpected issues require practical decisions. Collaboration needs improvement because gaps in follow-up can create confusion for others. In software engineering tasks, she supports debugging discussions, but needs to improve estimation accuracy. Further improvement should be tracked through upcoming sprint outcomes and communication patterns. Overall, she meets many expectations, but more consistency would make the appraisal stronger. She is approachable during discussions and usually helps the team move forward when blockers appear. Time discipline is a strength, and scheduled discussions or deliverables are usually respected. Problem solving is strong, especially when unexpected issues require practical decisions. In software engineering tasks, she writes maintainable code and shows awareness of how her work affects project delivery. Peer collaboration would improve further if she shared blockers earlier. Overall, she is viewed as a dependable contributor, with only minor areas to refine as responsibilities increase. She generally creates a supportive working environment and responds professionally to questions or concerns. Time discipline is a strength, and scheduled discussions or deliverables are usually respected. Problem solving is strong, especially when unexpected issues require practical decisions. In software engineering tasks, she supports debugging discussions and shows awareness of how her work affects project delivery. She usually treats questions professionally, but more open discussion would help junior members. Overall, she is viewed as a dependable contributor, with only minor areas to refine as responsibilities increase.",0.22,7,3,8,0.05,Strong Leadership Pattern,Stable Productivity Pattern,Moderate Communication Pattern,Collaboration Support Needed,Active Learning Pattern,Teamwork Development Required
E200,I04,P035,QA,1990-08-26,M,2,QA,Tamil,Tamil,['Ananda College'],68.05,Medium,67.49,Medium,4,26,33,15,2,3.6666666666666665,4.666666666666667,2.3333333333333335,3.0,3.0,3.3333333333333335,2.8,3.4,3.8,"He has faced difficulty maintaining consistent delivery during this cycle, particularly when work became time-sensitive. Leadership impact is limited, and more ownership is needed during planning and decision-making. Communication is generally understandable, but updates are not always timely or complete. In quality assurance responsibilities, he shows potential, but could improve test documentation consistency. The rating reflects both measurable work output and observed behaviour in project situations. Overall, he needs focused improvement and closer review in the next appraisal cycle. As a peer, I see him as capable, but he could be more consistent in sharing progress with the team. Problem solving is strong, especially when unexpected issues require practical decisions. Communication should improve because missing or late updates can delay decisions. In quality assurance responsibilities, he identifies defects clearly, but needs stronger attention to edge cases. He is generally approachable, although response quality changes when workload increases. Overall, he meets many expectations, but more consistency would make the appraisal stronger. From a subordinate perspective, he is generally supportive, although decisions are sometimes communicated late. Problem solving is strong, especially when unexpected issues require practical decisions. Collaboration is acceptable, although coordination could be more proactive. In quality assurance responsibilities, he identifies defects clearly, but should communicate blockers earlier. He usually treats questions professionally, but more open discussion would help junior members. Overall, he meets many expectations, but more consistency would make the appraisal stronger.",0.06,5,7,6,0.25,Low Leadership Visibility,Stable Productivity Pattern,Moderate Communication Pattern,Moderate Collaboration Pattern,Active Learning Pattern,Learning-Oriented Contributor
E201,I04,P035,DevOps,1989-10-30,M,2,Operations,English,Sinhalese,['Ladies College'],65.25,Medium,64.79,Medium,1,58,27,11,4,5.0,2.3333333333333335,1.0,5.0,3.6666666666666665,3.4,3.6,3.4,3.2,"He shows useful capability in DevOps and operational responsibilities, though performance is not yet consistent across all situations. Time discipline is a strength, and scheduled discussions or deliverables are usually respected. Leadership impact is limited, and more ownership is needed during planning and decision-making. In DevOps and operational responsibilities, he responds well during deployment issues, but needs more proactive monitoring follow-up. This assessment is based on observed delivery, team interaction, and the quality of contribution during the cycle. Overall, he meets many expectations, but more consistency would make the appraisal stronger. Working with him is generally manageable, although communication and follow-up can vary depending on workload. Time discipline is a strength, and scheduled discussions or deliverables are usually respected. Leadership impact is limited, and more ownership is needed during planning and decision-making. In DevOps and operational responsibilities, he keeps environments stable, but should improve handover notes. Peer collaboration would improve further if he shared blockers earlier. Overall, he meets many expectations, but more consistency would make the appraisal stronger. From a subordinate perspective, he is generally supportive, although decisions are sometimes communicated late. Time discipline is a strength, and scheduled discussions or deliverables are usually respected. Leadership impact is limited, and more ownership is needed during planning and decision-making. In DevOps and operational responsibilities, he communicates operational risks clearly, but could document deployment steps better. The guidance received from him influences how confidently others handle their tasks. Overall, he meets many expectations, but more consistency would make the appraisal stronger.",0.2,5,11,4,0.04,Low Leadership Visibility,Stable Productivity Pattern,Moderate Communication Pattern,Strong Team Collaboration Pattern,Active Learning Pattern,Learning-Oriented Contributor
E202,I09,P036,PM,2000-02-07,F,9,Management,English,Tamil,['Royal College'],74.43,Medium,68.63,Medium,1,29,27,9,5,2.3333333333333335,2.6666666666666665,1.3333333333333333,3.3333333333333335,4.666666666666667,2.8666666666666667,3.4,3.0,2.2,"She has completed assigned responsibilities at an acceptable level, but stronger follow-through would improve overall contribution. Communication is clear and timely, which helps the team understand progress and risks. Leadership impact is limited, and more ownership is needed during planning and decision-making. In project management responsibilities, she tracks project risks carefully, but should improve transparency during priority changes. This assessment is based on observed delivery, team interaction, and the quality of contribution during the cycle. Overall, she meets many expectations, but more consistency would make the appraisal stronger. She has technical or functional ability, but gaps in coordination sometimes create additional effort for others. Leadership impact is limited, and more ownership is needed during planning and decision-making. Problem solving needs development, particularly when issues are unclear or require independent analysis. In project management responsibilities, she shows potential, but could delegate decisions more consistently. She is generally approachable, although response quality changes when workload increases. Overall, she needs focused improvement and closer review in the next appraisal cycle. She sometimes gives unclear direction, which can make it difficult for others to prioritize work confidently. Punctuality needs improvement because delays sometimes affect coordination and planning. Collaboration needs improvement because gaps in follow-up can create confusion for others. In project management responsibilities, she shows potential, but sometimes centralizes discussion. The guidance received from her influences how confidently others handle their tasks. Overall, she needs focused improvement and closer review in the next appraisal cycle.",-0.44,2,9,5,0.37,Low Leadership Visibility,Stable Productivity Pattern,Clear and Responsive Communicator,Moderate Collaboration Pattern,Moderate Learning Pattern,Balanced Contributor
E203,I09,P036,SE,1989-06-08,M,5,Engineering,Sinhala,Sinhalese,"[""St. John's College""]",63.47,Medium,64.07,Medium,1,29,26,3,3,5.0,2.0,3.6666666666666665,4.666666666666667,4.666666666666667,4.0,4.0,4.2,3.8,"He has completed assigned responsibilities at an acceptable level, but stronger follow-through would improve overall contribution. Time discipline is a strength, and scheduled discussions or deliverables are usually respected. Problem solving needs development, particularly when issues are unclear or require independent analysis. In software engineering tasks, he clarifies technical dependencies, but needs to improve estimation accuracy. Further improvement should be tracked through upcoming sprint outcomes and communication patterns. Overall, he meets many expectations, but more consistency would make the appraisal stronger. Working with him has generally been a positive experience because he contributes constructively during team tasks. Time discipline is a strength, and scheduled discussions or deliverables are usually respected. Collaboration is effective, and team members are usually included in relevant discussions. In software engineering tasks, he supports debugging discussions and shows awareness of how his work affects project delivery. Peer collaboration would improve further if he shared blockers earlier. Overall, he is viewed as a dependable contributor, with only minor areas to refine as responsibilities increase. He provides direction when needed, but the level of guidance can vary depending on project pressure. Time discipline is a strength, and scheduled discussions or deliverables are usually respected. Problem solving needs development, particularly when issues are unclear or require independent analysis. In software engineering tasks, he supports debugging discussions, but needs to improve estimation accuracy. The guidance received from him influences how confidently others handle their tasks. Overall, he meets many expectations, but more consistency would make the appraisal stronger.",0.08,7,3,8,0.04,Emerging Leadership Pattern,Stable Productivity Pattern,Clear and Responsive Communicator,Moderate Collaboration Pattern,Low Learning Engagement,Balanced Contributor
E204,I09,P036,SE,1997-11-02,M,5,Engineering,Tamil,Tamil,"[""St. John's College""]",65.38,Medium,65.53,Medium,3,48,20,4,3,4.333333333333333,4.666666666666667,4.333333333333333,3.6666666666666665,4.666666666666667,4.333333333333333,4.4,4.4,4.2,"He has delivered a strong performance during this cycle, especially in relation to implementation quality, code reviews, defect handling, and sprint delivery. Problem solving is strong, especially when unexpected issues require practical decisions. Leadership is visible through initiative, guidance, and willingness to take responsibility. In software engineering tasks, he clarifies technical dependencies and shows awareness of how his work affects project delivery. The rating reflects both measurable work output and observed behaviour in project situations. Overall, he is viewed as a dependable contributor, with only minor areas to refine as responsibilities increase. Working with him has generally been a positive experience because he contributes constructively during team tasks. Leadership is visible through initiative, guidance, and willingness to take responsibility. Communication is clear and timely, which helps the team understand progress and risks. In software engineering tasks, he handles implementation details carefully and shows awareness of how his work affects project delivery. He is generally approachable, although response quality changes when workload increases. Overall, he is viewed as a dependable contributor, with only minor areas to refine as responsibilities increase. He generally creates a supportive working environment and responds professionally to questions or concerns. Time discipline is a strength, and scheduled discussions or deliverables are usually respected. Problem solving is strong, especially when unexpected issues require practical decisions. In software engineering tasks, he writes maintainable code and shows awareness of how his work affects project delivery. The guidance received from him influences how confidently others handle their tasks. Overall, he is viewed as a dependable contributor, with only minor areas to refine as responsibilities increase.",0.85,2,11,3,0.01,Strong Leadership Pattern,Stable Productivity Pattern,Moderate Communication Pattern,Moderate Collaboration Pattern,Low Learning Engagement,Balanced Contributor
E205,I09,P036,QA,1991-12-06,F,1,QA,Tamil,Sinhalese,['Ananda College'],65.9,Medium,66.04,Medium,1,37,13,11,5,4.666666666666667,2.0,4.333333333333333,2.0,3.0,3.1999999999999997,3.2,3.4,3.0,"She has completed assigned responsibilities at an acceptable level, but stronger follow-through would improve overall contribution. Leadership is visible through initiative, guidance, and willingness to take responsibility. Collaboration needs improvement because gaps in follow-up can create confusion for others. In quality assurance responsibilities, she maintains useful test coverage, but needs stronger attention to edge cases. The rating reflects both measurable work output and observed behaviour in project situations. Overall, she meets many expectations, but more consistency would make the appraisal stronger. Working with her is generally manageable, although communication and follow-up can vary depending on workload. Time discipline is a strength, and scheduled discussions or deliverables are usually respected. Collaboration needs improvement because gaps in follow-up can create confusion for others. In quality assurance responsibilities, she maintains useful test coverage, but could improve test documentation consistency. She is generally approachable, although response quality changes when workload increases. Overall, she meets many expectations, but more consistency would make the appraisal stronger. She may have good intentions, but inconsistent guidance sometimes affects team confidence and planning. Communication should improve because missing or late updates can delay decisions. Collaboration needs improvement because gaps in follow-up can create confusion for others. In quality assurance responsibilities, she shows potential, but needs stronger attention to edge cases. The guidance received from her influences how confidently others handle their tasks. Overall, she needs focused improvement and closer review in the next appraisal cycle.",-0.38,4,7,4,0.04,Strong Leadership Pattern,Stable Productivity Pattern,Moderate Communication Pattern,Collaboration Support Needed,Active Learning Pattern,Teamwork Development Required
E206,I10,P037,PM,1996-07-18,F,5,Management,Sinhala,Sinhalese,"[""St. John's College""]",72.57,Medium,72.91,Medium,4,57,17,9,4,5.0,4.0,3.0,4.666666666666667,2.3333333333333335,3.8000000000000003,3.6,4.0,3.8,"She shows useful capability in project management responsibilities, though performance is not yet consistent across all situations. Time discipline is a strength, and scheduled discussions or deliverables are usually respected. Communication should improve because missing or late updates can delay decisions. In project management responsibilities, she tracks project risks carefully, but needs to balance delivery pressure with team input. The rating reflects both measurable work output and observed behaviour in project situations. Overall, she meets many expectations, but more consistency would make the appraisal stronger. She contributes to the team, but there are moments where clearer coordination would make collaboration easier. Time discipline is a strength, and scheduled discussions or deliverables are usually respected. Communication is generally understandable, but updates are not always timely or complete. In project management responsibilities, she tracks project risks carefully, but should improve transparency during priority changes. The team can work with her effectively when expectations are clear. Overall, she meets many expectations, but more consistency would make the appraisal stronger. From a subordinate perspective, she is generally supportive, although decisions are sometimes communicated late. Time discipline is a strength, and scheduled discussions or deliverables are usually respected. Communication is generally understandable, but updates are not always timely or complete. In project management responsibilities, she coordinates stakeholders effectively, but should improve transparency during priority changes. Team members benefit when she explains decisions clearly instead of only giving instructions. Overall, she meets many expectations, but more consistency would make the appraisal stronger.",0.33,9,3,8,0.04,Emerging Leadership Pattern,Stable Productivity Pattern,Communication Improvement Needed,Strong Team Collaboration Pattern,Moderate Learning Pattern,Communication Development Required
E207,I10,P037,SE,1994-05-08,F,8,Engineering,Sinhala,Sinhalese,['Ladies College'],65.13,Medium,64.69,Medium,2,30,10,12,2,2.3333333333333335,4.333333333333333,4.333333333333333,1.3333333333333333,2.0,2.8666666666666667,2.8,3.2,2.6,"She has faced difficulty maintaining consistent delivery during this cycle, particularly when work became time-sensitive. Communication should improve because missing or late updates can delay decisions. Collaboration needs improvement because gaps in follow-up can create confusion for others. In software engineering tasks, she shows potential, but needs to improve estimation accuracy. The rating reflects both measurable work output and observed behaviour in project situations. Overall, she needs focused improvement and closer review in the next appraisal cycle. As a peer, I see her as capable, but she could be more consistent in sharing progress with the team. Leadership is visible through initiative, guidance, and willingness to take responsibility. Collaboration needs improvement because gaps in follow-up can create confusion for others. In software engineering tasks, she handles implementation details carefully, but could document changes more consistently. Peer collaboration would improve further if she shared blockers earlier. Overall, she meets many expectations, but more consistency would make the appraisal stronger. She may have good intentions, but inconsistent guidance sometimes affects team confidence and planning. Collaboration needs improvement because gaps in follow-up can create confusion for others. Communication should improve because missing or late updates can delay decisions. In software engineering tasks, she shows potential, but sometimes delays status updates. She usually treats questions professionally, but more open discussion would help junior members. Overall, she needs focused improvement and closer review in the next appraisal cycle.",-0.76,7,7,9,0.09,Strong Leadership Pattern,Stable Productivity Pattern,Communication Improvement Needed,Collaboration Support Needed,Active Learning Pattern,Communication Development Required
E208,I10,P037,SE,1988-10-10,F,1,Engineering,English,Tamil,['Holy Family'],68.05,Medium,67.36,Medium,1,54,32,10,3,2.6666666666666665,4.333333333333333,4.0,4.0,2.0,3.4,3.6,3.2,3.4,"She shows useful capability in software engineering tasks, though performance is not yet consistent across all situations. Leadership is visible through initiative, guidance, and willingness to take responsibility. Communication should improve because missing or late updates can delay decisions. In software engineering tasks, she clarifies technical dependencies, but needs to improve estimation accuracy. This assessment is based on observed delivery, team interaction, and the quality of contribution during the cycle. Overall, she meets many expectations, but more consistency would make the appraisal stronger. Working with her is generally manageable, although communication and follow-up can vary depending on workload. Problem solving is strong, especially when unexpected issues require practical decisions. Communication should improve because missing or late updates can delay decisions. In software engineering tasks, she handles implementation details carefully, but could document changes more consistently. She is generally approachable, although response quality changes when workload increases. Overall, she meets many expectations, but more consistency would make the appraisal stronger. From a subordinate perspective, she is generally supportive, although decisions are sometimes communicated late. Problem solving is strong, especially when unexpected issues require practical decisions. Communication should improve because missing or late updates can delay decisions. In software engineering tasks, she supports debugging discussions, but sometimes delays status updates. Team members benefit when she explains decisions clearly instead of only giving instructions. Overall, she meets many expectations, but more consistency would make the appraisal stronger.",0.0,10,11,5,0.04,Strong Leadership Pattern,Stable Productivity Pattern,Communication Improvement Needed,Moderate Collaboration Pattern,Active Learning Pattern,Communication Development Required
E209,I10,P037,QA,2000-04-09,F,1,QA,Tamil,Tamil,"[""St. John's College""]",63.75,Medium,64.18,Medium,3,38,21,7,3,4.333333333333333,5.0,1.6666666666666667,4.0,2.3333333333333335,3.466666666666667,3.4,3.6,3.4,"She has met most expectations during this cycle, although there are still areas where consistency can improve. Time discipline is a strength, and scheduled discussions or deliverables are usually respected. Leadership impact is limited, and more ownership is needed during planning and decision-making. In quality assurance responsibilities, she identifies defects clearly, but needs stronger attention to edge cases. The rating reflects both measurable work output and observed behaviour in project situations. Overall, she meets many expectations, but more consistency would make the appraisal stronger. She contributes to the team, but there are moments where clearer coordination would make collaboration easier. Problem solving is strong, especially when unexpected issues require practical decisions. Leadership impact is limited, and more ownership is needed during planning and decision-making. In quality assurance responsibilities, she identifies defects clearly, but needs stronger attention to edge cases. Peer collaboration would improve further if she shared blockers earlier. Overall, she meets many expectations, but more consistency would make the appraisal stronger. From a subordinate perspective, she is generally supportive, although decisions are sometimes communicated late. Problem solving is strong, especially when unexpected issues require practical decisions. Communication should improve because missing or late updates can delay decisions. In quality assurance responsibilities, she communicates quality risks early, but should communicate blockers earlier. The guidance received from her influences how confidently others handle their tasks. Overall, she meets many expectations, but more consistency would make the appraisal stronger.",0.24,4,11,6,0.01,Low Leadership Visibility,Stable Productivity Pattern,Communication Improvement Needed,Moderate Collaboration Pattern,Moderate Learning Pattern,Communication Development Required
E210,I10,P037,DevOps,1990-10-30,F,7,Operations,English,Sinhalese,['Nalanda College'],63.58,Medium,66.98,Medium,0,41,14,7,2,2.3333333333333335,4.333333333333333,3.0,5.0,3.3333333333333335,3.6,3.6,3.8,3.4,"She shows useful capability in DevOps and operational responsibilities, though performance is not yet consistent across all situations. Problem solving is strong, especially when unexpected issues require practical decisions. Leadership impact is limited, and more ownership is needed during planning and decision-making. In DevOps and operational responsibilities, she supports automation tasks effectively, but needs more proactive monitoring follow-up. The rating reflects both measurable work output and observed behaviour in project situations. Overall, she meets many expectations, but more consistency would make the appraisal stronger. Working with her is generally manageable, although communication and follow-up can vary depending on workload. Problem solving is strong, especially when unexpected issues require practical decisions. Punctuality needs improvement because delays sometimes affect coordination and planning. In DevOps and operational responsibilities, she keeps environments stable, but sometimes needs faster escalation during incidents. Peer collaboration would improve further if she shared blockers earlier. Overall, she meets many expectations, but more consistency would make the appraisal stronger. She provides direction when needed, but the level of guidance can vary depending on project pressure. Collaboration is effective, and team members are usually included in relevant discussions. Punctuality needs improvement because delays sometimes affect coordination and planning. In DevOps and operational responsibilities, she communicates operational risks clearly, but needs more proactive monitoring follow-up. The guidance received from her influences how confidently others handle their tasks. Overall, she meets many expectations, but more consistency would make the appraisal stronger.",0.0,3,8,8,0.04,Emerging Leadership Pattern,Stable Productivity Pattern,Moderate Communication Pattern,Moderate Collaboration Pattern,Moderate Learning Pattern,Balanced Contributor
E211,I04,P038,PM,1991-05-29,M,10,Management,Sinhala,Tamil,['Holy Family'],66.2,Medium,66.97,Medium,4,60,16,10,3,4.666666666666667,4.666666666666667,4.0,3.0,5.0,4.266666666666667,4.2,4.2,4.4,"He has maintained a reliable standard of work and has contributed positively to project outcomes. Time discipline is a strength, and scheduled discussions or deliverables are usually respected. Problem solving is strong, especially when unexpected issues require practical decisions. In project management responsibilities, he coordinates stakeholders effectively and shows awareness of how his work affects project delivery. Further improvement should be tracked through upcoming sprint outcomes and communication patterns. Overall, he is viewed as a dependable contributor, with only minor areas to refine as responsibilities increase. He is approachable during discussions and usually helps the team move forward when blockers appear. Problem solving is strong, especially when unexpected issues require practical decisions. Communication is clear and timely, which helps the team understand progress and risks. In project management responsibilities, he keeps the team aligned and shows awareness of how his work affects project delivery. The team can work with him effectively when expectations are clear. Overall, he is viewed as a dependable contributor, with only minor areas to refine as responsibilities increase. He generally creates a supportive working environment and responds professionally to questions or concerns. Time discipline is a strength, and scheduled discussions or deliverables are usually respected. Leadership is visible through initiative, guidance, and willingness to take responsibility. In project management responsibilities, he coordinates stakeholders effectively and shows awareness of how his work affects project delivery. He usually treats questions professionally, but more open discussion would help junior members. Overall, he is viewed as a dependable contributor, with only minor areas to refine as responsibilities increase.",0.79,6,6,6,0.01,Strong Leadership Pattern,Stable Productivity Pattern,Moderate Communication Pattern,Moderate Collaboration Pattern,Active Learning Pattern,Learning-Oriented Contributor
E212,I04,P038,SE,1998-09-16,F,4,Engineering,Sinhala,Tamil,['Nalanda College'],64.5,Medium,64.63,Medium,1,26,22,6,2,1.6666666666666667,4.666666666666667,2.0,4.333333333333333,2.6666666666666665,3.0666666666666664,2.8,3.8,2.6,"She has shown potential, but several gaps in execution and communication affected the team’s workflow. Punctuality needs improvement because delays sometimes affect coordination and planning. Leadership impact is limited, and more ownership is needed during planning and decision-making. In software engineering tasks, she shows potential, but needs to improve estimation accuracy. This assessment is based on observed delivery, team interaction, and the quality of contribution during the cycle. Overall, she needs focused improvement and closer review in the next appraisal cycle. She contributes to the team, but there are moments where clearer coordination would make collaboration easier. Problem solving is strong, especially when unexpected issues require practical decisions. Communication is generally understandable, but updates are not always timely or complete. In software engineering tasks, she clarifies technical dependencies, but needs to improve estimation accuracy. Peer collaboration would improve further if she shared blockers earlier. Overall, she meets many expectations, but more consistency would make the appraisal stronger. She may have good intentions, but inconsistent guidance sometimes affects team confidence and planning. Leadership impact is limited, and more ownership is needed during planning and decision-making. Punctuality needs improvement because delays sometimes affect coordination and planning. In software engineering tasks, she shows potential, but should take more ownership during complex defects. She usually treats questions professionally, but more open discussion would help junior members. Overall, she needs focused improvement and closer review in the next appraisal cycle.",-0.55,4,9,11,0.41,Low Leadership Visibility,Stable Productivity Pattern,Communication Improvement Needed,Moderate Collaboration Pattern,Moderate Learning Pattern,Communication Development Required
E213,I04,P038,SE,1988-11-30,M,3,Engineering,Tamil,Sinhalese,"[""St. John's College""]",69.47,Medium,68.79,Medium,4,19,19,15,2,5.0,1.6666666666666667,3.3333333333333335,3.3333333333333335,2.3333333333333335,3.1333333333333333,3.2,2.8,3.4,"He has met most expectations during this cycle, although there are still areas where consistency can improve. Time discipline is a strength, and scheduled discussions or deliverables are usually respected. Problem solving needs development, particularly when issues are unclear or require independent analysis. In software engineering tasks, he supports debugging discussions, but should take more ownership during complex defects. Further improvement should be tracked through upcoming sprint outcomes and communication patterns. Overall, he meets many expectations, but more consistency would make the appraisal stronger. He has technical or functional ability, but gaps in coordination sometimes create additional effort for others. Problem solving needs development, particularly when issues are unclear or require independent analysis. Communication should improve because missing or late updates can delay decisions. In software engineering tasks, he shows potential, but should take more ownership during complex defects. The team can work with him effectively when expectations are clear. Overall, he needs focused improvement and closer review in the next appraisal cycle. From a subordinate perspective, he is generally supportive, although decisions are sometimes communicated late. Time discipline is a strength, and scheduled discussions or deliverables are usually respected. Communication should improve because missing or late updates can delay decisions. In software engineering tasks, he writes maintainable code, but could document changes more consistently. The guidance received from him influences how confidently others handle their tasks. Overall, he meets many expectations, but more consistency would make the appraisal stronger.",-0.08,8,6,4,0.09,Emerging Leadership Pattern,Stable Productivity Pattern,Communication Improvement Needed,Moderate Collaboration Pattern,Active Learning Pattern,Communication Development Required
E214,I04,P038,QA,1987-05-06,F,11,QA,Sinhala,Tamil,['Ananda College'],63.75,Medium,64.95,Medium,1,56,22,8,4,4.333333333333333,3.6666666666666665,2.0,2.3333333333333335,2.0,2.8666666666666667,3.4,2.6,2.6,"She has met most expectations during this cycle, although there are still areas where consistency can improve. Time discipline is a strength, and scheduled discussions or deliverables are usually respected. Communication should improve because missing or late updates can delay decisions. In quality assurance responsibilities, she maintains useful test coverage, but sometimes needs faster turnaround on retesting. Further improvement should be tracked through upcoming sprint outcomes and communication patterns. Overall, she meets many expectations, but more consistency would make the appraisal stronger. Working with her can be challenging when deadlines are tight because updates are sometimes delayed. Leadership impact is limited, and more ownership is needed during planning and decision-making. Communication should improve because missing or late updates can delay decisions. In quality assurance responsibilities, she shows potential, but sometimes needs faster turnaround on retesting. The team can work with her effectively when expectations are clear. Overall, she needs focused improvement and closer review in the next appraisal cycle. She may have good intentions, but inconsistent guidance sometimes affects team confidence and planning. Collaboration needs improvement because gaps in follow-up can create confusion for others. Leadership impact is limited, and more ownership is needed during planning and decision-making. In quality assurance responsibilities, she shows potential, but could improve test documentation consistency. Team members benefit when she explains decisions clearly instead of only giving instructions. Overall, she needs focused improvement and closer review in the next appraisal cycle.",-0.54,7,10,5,0.21,Low Leadership Visibility,Stable Productivity Pattern,Communication Improvement Needed,Collaboration Support Needed,Moderate Learning Pattern,Communication Development Required
E215,I03,P039,PM,2002-10-25,F,2,Management,English,Sinhalese,['Ananda College'],69.52,Medium,66.27,Medium,0,57,34,4,5,4.666666666666667,2.3333333333333335,2.0,5.0,3.0,3.4,3.4,3.2,3.6,"She has met most expectations during this cycle, although there are still areas where consistency can improve. Time discipline is a strength, and scheduled discussions or deliverables are usually respected. Leadership impact is limited, and more ownership is needed during planning and decision-making. In project management responsibilities, she tracks project risks carefully, but needs to balance delivery pressure with team input. This assessment is based on observed delivery, team interaction, and the quality of contribution during the cycle. Overall, she meets many expectations, but more consistency would make the appraisal stronger. As a peer, I see her as capable, but she could be more consistent in sharing progress with the team. Collaboration is effective, and team members are usually included in relevant discussions. Leadership impact is limited, and more ownership is needed during planning and decision-making. In project management responsibilities, she keeps the team aligned, but should improve transparency during priority changes. Peer collaboration would improve further if she shared blockers earlier. Overall, she meets many expectations, but more consistency would make the appraisal stronger. She helps the team progress, but there are areas where communication and delegation could improve. Time discipline is a strength, and scheduled discussions or deliverables are usually respected. Communication should improve because missing or late updates can delay decisions. In project management responsibilities, she keeps the team aligned, but could delegate decisions more consistently. The guidance received from her influences how confidently others handle their tasks. Overall, she meets many expectations, but more consistency would make the appraisal stronger.",-0.18,6,9,12,0.04,Low Leadership Visibility,Stable Productivity Pattern,Moderate Communication Pattern,Strong Team Collaboration Pattern,Low Learning Engagement,Balanced Contributor
E216,I03,P039,SE,1999-03-26,M,6,Engineering,Tamil,Sinhalese,['Ananda College'],63.87,Medium,64.87,Medium,3,58,27,9,3,4.333333333333333,4.0,1.0,3.6666666666666665,3.0,3.1999999999999997,3.0,3.0,3.6,"He has shown potential, but several gaps in execution and communication affected the team’s workflow. Leadership impact is limited, and more ownership is needed during planning and decision-making. Collaboration is acceptable, although coordination could be more proactive. In software engineering tasks, he shows potential, but sometimes delays status updates. Further improvement should be tracked through upcoming sprint outcomes and communication patterns. Overall, he needs focused improvement and closer review in the next appraisal cycle. He has technical or functional ability, but gaps in coordination sometimes create additional effort for others. Leadership impact is limited, and more ownership is needed during planning and decision-making. Communication is generally understandable, but updates are not always timely or complete. In software engineering tasks, he shows potential, but could document changes more consistently. Peer collaboration would improve further if he shared blockers earlier. Overall, he needs focused improvement and closer review in the next appraisal cycle. He provides direction when needed, but the level of guidance can vary depending on project pressure. Time discipline is a strength, and scheduled discussions or deliverables are usually respected. Leadership impact is limited, and more ownership is needed during planning and decision-making. In software engineering tasks, he clarifies technical dependencies, but needs to improve estimation accuracy. The guidance received from him influences how confidently others handle their tasks. Overall, he meets many expectations, but more consistency would make the appraisal stronger.",-0.65,7,12,6,0.12,Low Leadership Visibility,Stable Productivity Pattern,Moderate Communication Pattern,Moderate Collaboration Pattern,Moderate Learning Pattern,Balanced Contributor
E217,I03,P039,SE,1994-07-31,F,3,Engineering,English,Sinhalese,['Visakha Vidyalaya'],65.77,Medium,65.15,Medium,1,56,13,9,3,5.0,1.6666666666666667,2.3333333333333335,4.333333333333333,4.666666666666667,3.6,3.4,4.0,3.4,"She shows useful capability in software engineering tasks, though performance is not yet consistent across all situations. Time discipline is a strength, and scheduled discussions or deliverables are usually respected. Problem solving needs development, particularly when issues are unclear or require independent analysis. In software engineering tasks, she writes maintainable code, but could document changes more consistently. Further improvement should be tracked through upcoming sprint outcomes and communication patterns. Overall, she meets many expectations, but more consistency would make the appraisal stronger. She contributes to the team, but there are moments where clearer coordination would make collaboration easier. Time discipline is a strength, and scheduled discussions or deliverables are usually respected. Problem solving needs development, particularly when issues are unclear or require independent analysis. In software engineering tasks, she writes maintainable code, but should take more ownership during complex defects. She is generally approachable, although response quality changes when workload increases. Overall, she meets many expectations, but more consistency would make the appraisal stronger. She provides direction when needed, but the level of guidance can vary depending on project pressure. Time discipline is a strength, and scheduled discussions or deliverables are usually respected. Leadership impact is limited, and more ownership is needed during planning and decision-making. In software engineering tasks, she handles implementation details carefully, but should take more ownership during complex defects. Team members benefit when she explains decisions clearly instead of only giving instructions. Overall, she meets many expectations, but more consistency would make the appraisal stronger.",0.18,4,8,5,0.12,Low Leadership Visibility,Stable Productivity Pattern,Moderate Communication Pattern,Moderate Collaboration Pattern,Moderate Learning Pattern,Balanced Contributor
E218,I03,P039,SE,1998-10-07,M,4,Engineering,Sinhala,Sinhalese,['Nalanda College'],75.08,High,73.69,Medium,0,36,12,9,3,2.6666666666666665,1.3333333333333333,3.6666666666666665,3.3333333333333335,4.333333333333333,3.0666666666666664,2.4,3.6,3.2,"He requires closer follow-up to ensure assigned responsibilities are completed with the expected level of quality. Problem solving needs development, particularly when issues are unclear or require independent analysis. Leadership impact is limited, and more ownership is needed during planning and decision-making. In software engineering tasks, he shows potential, but could document changes more consistently. Further improvement should be tracked through upcoming sprint outcomes and communication patterns. Overall, he needs focused improvement and closer review in the next appraisal cycle. As a peer, I see him as capable, but he could be more consistent in sharing progress with the team. Leadership is visible through initiative, guidance, and willingness to take responsibility. Problem solving needs development, particularly when issues are unclear or require independent analysis. In software engineering tasks, he handles implementation details carefully, but needs to improve estimation accuracy. He is generally approachable, although response quality changes when workload increases. Overall, he meets many expectations, but more consistency would make the appraisal stronger. From a subordinate perspective, he is generally supportive, although decisions are sometimes communicated late. Communication is clear and timely, which helps the team understand progress and risks. Problem solving needs development, particularly when issues are unclear or require independent analysis. In software engineering tasks, he clarifies technical dependencies, but should take more ownership during complex defects. The guidance received from him influences how confidently others handle their tasks. Overall, he meets many expectations, but more consistency would make the appraisal stronger.",-0.2,2,10,4,0.37,Emerging Leadership Pattern,Stable Productivity Pattern,Moderate Communication Pattern,Moderate Collaboration Pattern,Moderate Learning Pattern,Balanced Contributor
E219,I03,P039,QA,1995-02-02,F,12,QA,English,Sinhalese,['Musaeus College'],62.12,Medium,62.88,Medium,0,29,14,14,3,2.6666666666666665,1.6666666666666667,1.3333333333333333,4.333333333333333,5.0,3.0,3.2,3.0,2.8,"She shows useful capability in quality assurance responsibilities, though performance is not yet consistent across all situations. Collaboration is effective, and team members are usually included in relevant discussions. Leadership impact is limited, and more ownership is needed during planning and decision-making. In quality assurance responsibilities, she identifies defects clearly, but should communicate blockers earlier. The rating reflects both measurable work output and observed behaviour in project situations. Overall, she meets many expectations, but more consistency would make the appraisal stronger. As a peer, I feel she needs to improve consistency in communication and task ownership. Leadership impact is limited, and more ownership is needed during planning and decision-making. Problem solving needs development, particularly when issues are unclear or require independent analysis. In quality assurance responsibilities, she shows potential, but could improve test documentation consistency. Peer collaboration would improve further if she shared blockers earlier. Overall, she needs focused improvement and closer review in the next appraisal cycle. She sometimes gives unclear direction, which can make it difficult for others to prioritize work confidently. Leadership impact is limited, and more ownership is needed during planning and decision-making. Problem solving needs development, particularly when issues are unclear or require independent analysis. In quality assurance responsibilities, she shows potential, but sometimes needs faster turnaround on retesting. Team members benefit when she explains decisions clearly instead of only giving instructions. Overall, she needs focused improvement and closer review in the next appraisal cycle.",-0.38,2,12,8,0.04,Low Leadership Visibility,Stable Productivity Pattern,Clear and Responsive Communicator,Moderate Collaboration Pattern,Active Learning Pattern,Learning-Oriented Contributor
E220,I03,P039,DevOps,1999-05-18,M,1,Operations,English,Tamil,['Ladies College'],64.25,Medium,65.19,Medium,3,36,12,15,2,4.666666666666667,4.666666666666667,4.666666666666667,5.0,4.333333333333333,4.666666666666667,4.8,4.6,4.6,"He has delivered a strong performance during this cycle, especially in relation to deployment reliability, incident handling, automation, and environment stability. Time discipline is a strength, and scheduled discussions or deliverables are usually respected. Problem solving is strong, especially when unexpected issues require practical decisions. In DevOps and operational responsibilities, he keeps environments stable and shows awareness of how his work affects project delivery. This assessment is based on observed delivery, team interaction, and the quality of contribution during the cycle. Overall, he is viewed as a dependable contributor, with only minor areas to refine as responsibilities increase. Working with him has generally been a positive experience because he contributes constructively during team tasks. Time discipline is a strength, and scheduled discussions or deliverables are usually respected. Leadership is visible through initiative, guidance, and willingness to take responsibility. In DevOps and operational responsibilities, he supports automation tasks effectively and shows awareness of how his work affects project delivery. The team can work with him effectively when expectations are clear. Overall, he is viewed as a dependable contributor, with only minor areas to refine as responsibilities increase. He provides clear guidance and usually makes expectations easy for others to understand. Problem solving is strong, especially when unexpected issues require practical decisions. Collaboration is effective, and team members are usually included in relevant discussions. In DevOps and operational responsibilities, he communicates operational risks clearly and shows awareness of how his work affects project delivery. Team members benefit when he explains decisions clearly instead of only giving instructions. Overall, he is viewed as a dependable contributor, with only minor areas to refine as responsibilities increase.",1.0,4,8,9,0.01,Strong Leadership Pattern,Stable Productivity Pattern,Moderate Communication Pattern,Moderate Collaboration Pattern,Active Learning Pattern,Learning-Oriented Contributor
E221,I08,P040,PM,1986-05-24,M,12,Management,English,Sinhalese,['Holy Family'],68.72,Medium,67.36,Medium,4,43,21,12,2,3.0,1.6666666666666667,4.0,2.3333333333333335,3.3333333333333335,2.8666666666666667,2.6,2.4,3.6,"He requires closer follow-up to ensure assigned responsibilities are completed with the expected level of quality. Collaboration needs improvement because gaps in follow-up can create confusion for others. Problem solving needs development, particularly when issues are unclear or require independent analysis. In project management responsibilities, he shows potential, but sometimes centralizes discussion. This assessment is based on observed delivery, team interaction, and the quality of contribution during the cycle. Overall, he needs focused improvement and closer review in the next appraisal cycle. Working with him can be challenging when deadlines are tight because updates are sometimes delayed. Problem solving needs development, particularly when issues are unclear or require independent analysis. Collaboration needs improvement because gaps in follow-up can create confusion for others. In project management responsibilities, he shows potential, but should improve transparency during priority changes. The team can work with him effectively when expectations are clear. Overall, he needs focused improvement and closer review in the next appraisal cycle. He helps the team progress, but there are areas where communication and delegation could improve. Leadership is visible through initiative, guidance, and willingness to take responsibility. Problem solving needs development, particularly when issues are unclear or require independent analysis. In project management responsibilities, he coordinates stakeholders effectively, but should improve transparency during priority changes. The guidance received from him influences how confidently others handle their tasks. Overall, he meets many expectations, but more consistency would make the appraisal stronger.",-0.43,3,5,5,0.41,Strong Leadership Pattern,Stable Productivity Pattern,Moderate Communication Pattern,Collaboration Support Needed,Active Learning Pattern,Teamwork Development Required
E222,I08,P040,SE,1996-10-04,M,12,Engineering,Sinhala,Tamil,['Nalanda College'],72.82,Medium,72.62,Medium,1,52,13,13,5,5.0,2.0,2.0,2.0,3.6666666666666665,2.9333333333333336,2.2,3.2,3.4,"He has shown potential, but several gaps in execution and communication affected the team’s workflow. Collaboration needs improvement because gaps in follow-up can create confusion for others. Leadership impact is limited, and more ownership is needed during planning and decision-making. In software engineering tasks, he shows potential, but needs to improve estimation accuracy. This assessment is based on observed delivery, team interaction, and the quality of contribution during the cycle. Overall, he needs focused improvement and closer review in the next appraisal cycle. As a peer, I see him as capable, but he could be more consistent in sharing progress with the team. Time discipline is a strength, and scheduled discussions or deliverables are usually respected. Collaboration needs improvement because gaps in follow-up can create confusion for others. In software engineering tasks, he writes maintainable code, but needs to improve estimation accuracy. The team can work with him effectively when expectations are clear. Overall, he meets many expectations, but more consistency would make the appraisal stronger. From a subordinate perspective, he is generally supportive, although decisions are sometimes communicated late. Time discipline is a strength, and scheduled discussions or deliverables are usually respected. Problem solving needs development, particularly when issues are unclear or require independent analysis. In software engineering tasks, he supports debugging discussions, but could document changes more consistently. The guidance received from him influences how confidently others handle their tasks. Overall, he meets many expectations, but more consistency would make the appraisal stronger.",-0.23,4,5,9,0.41,Low Leadership Visibility,Stable Productivity Pattern,Moderate Communication Pattern,Collaboration Support Needed,Active Learning Pattern,Teamwork Development Required
E223,I08,P040,SE,1992-02-13,M,7,Engineering,English,Tamil,['Holy Family'],71.47,Medium,69.28,Medium,1,49,32,7,4,4.333333333333333,5.0,3.3333333333333335,3.6666666666666665,2.3333333333333335,3.733333333333333,3.4,3.8,4.0,"He has completed assigned responsibilities at an acceptable level, but stronger follow-through would improve overall contribution. Problem solving is strong, especially when unexpected issues require practical decisions. Communication should improve because missing or late updates can delay decisions. In software engineering tasks, he handles implementation details carefully, but could document changes more consistently. Further improvement should be tracked through upcoming sprint outcomes and communication patterns. Overall, he meets many expectations, but more consistency would make the appraisal stronger. As a peer, I see him as capable, but he could be more consistent in sharing progress with the team. Problem solving is strong, especially when unexpected issues require practical decisions. Communication should improve because missing or late updates can delay decisions. In software engineering tasks, he supports debugging discussions, but could document changes more consistently. Peer collaboration would improve further if he shared blockers earlier. Overall, he meets many expectations, but more consistency would make the appraisal stronger. He helps the team progress, but there are areas where communication and delegation could improve. Time discipline is a strength, and scheduled discussions or deliverables are usually respected. Communication is generally understandable, but updates are not always timely or complete. In software engineering tasks, he clarifies technical dependencies, but should take more ownership during complex defects. He usually treats questions professionally, but more open discussion would help junior members. Overall, he meets many expectations, but more consistency would make the appraisal stronger.",0.06,11,5,7,0.09,Emerging Leadership Pattern,Stable Productivity Pattern,Communication Improvement Needed,Moderate Collaboration Pattern,Moderate Learning Pattern,Communication Development Required
E224,I08,P040,QA,2002-11-26,M,1,QA,Tamil,Tamil,['DS Senanayake'],65.23,Medium,64.8,Medium,2,54,31,9,4,4.333333333333333,4.666666666666667,2.3333333333333335,4.666666666666667,3.0,3.8000000000000003,3.6,3.8,4.0,"He has completed assigned responsibilities at an acceptable level, but stronger follow-through would improve overall contribution. Problem solving is strong, especially when unexpected issues require practical decisions. Leadership impact is limited, and more ownership is needed during planning and decision-making. In quality assurance responsibilities, he identifies defects clearly, but sometimes needs faster turnaround on retesting. This assessment is based on observed delivery, team interaction, and the quality of contribution during the cycle. Overall, he meets many expectations, but more consistency would make the appraisal stronger. He contributes to the team, but there are moments where clearer coordination would make collaboration easier. Collaboration is effective, and team members are usually included in relevant discussions. Communication is generally understandable, but updates are not always timely or complete. In quality assurance responsibilities, he maintains useful test coverage, but needs stronger attention to edge cases. Peer collaboration would improve further if he shared blockers earlier. Overall, he meets many expectations, but more consistency would make the appraisal stronger. He helps the team progress, but there are areas where communication and delegation could improve. Time discipline is a strength, and scheduled discussions or deliverables are usually respected. Communication is generally understandable, but updates are not always timely or complete. In quality assurance responsibilities, he supports release validation well, but needs stronger attention to edge cases. He usually treats questions professionally, but more open discussion would help junior members. Overall, he meets many expectations, but more consistency would make the appraisal stronger.",0.3,8,4,12,0.04,Low Leadership Visibility,Stable Productivity Pattern,Moderate Communication Pattern,Strong Team Collaboration Pattern,Moderate Learning Pattern,Balanced Contributor
E225,I08,P040,DevOps,1993-05-02,F,1,Operations,Tamil,Sinhalese,"[""St. John's College""]",65.63,Medium,65.35,Medium,2,37,25,7,3,4.333333333333333,3.6666666666666665,2.0,2.6666666666666665,2.3333333333333335,3.0,3.4,3.0,2.6,"She has met most expectations during this cycle, although there are still areas where consistency can improve. Time discipline is a strength, and scheduled discussions or deliverables are usually respected. Communication should improve because missing or late updates can delay decisions. In DevOps and operational responsibilities, she communicates operational risks clearly, but should improve handover notes. Further improvement should be tracked through upcoming sprint outcomes and communication patterns. Overall, she meets many expectations, but more consistency would make the appraisal stronger. Working with her can be challenging when deadlines are tight because updates are sometimes delayed. Communication should improve because missing or late updates can delay decisions. Collaboration needs improvement because gaps in follow-up can create confusion for others. In DevOps and operational responsibilities, she shows potential, but could document deployment steps better. Peer collaboration would improve further if she shared blockers earlier. Overall, she needs focused improvement and closer review in the next appraisal cycle. From a subordinate perspective, she needs to improve communication around decisions and expectations. Leadership impact is limited, and more ownership is needed during planning and decision-making. Problem solving needs development, particularly when issues are unclear or require independent analysis. In DevOps and operational responsibilities, she shows potential, but sometimes needs faster escalation during incidents. Team members benefit when she explains decisions clearly instead of only giving instructions. Overall, she needs focused improvement and closer review in the next appraisal cycle.",-0.63,9,7,5,0.16,Low Leadership Visibility,Stable Productivity Pattern,Communication Improvement Needed,Collaboration Support Needed,Moderate Learning Pattern,Communication Development Required
