employee_id,institution_id,institution_size,project_id,team_id,manager_id,job_role_id,duration_weeks,relative_effort,team_size,project_complexity,performance_score,predicted_performance_score,performance_class,predicted_performance_class,avg_overall_behavior_rating,overall_behavior_pattern,communication_pattern,collaboration_pattern,leadership_pattern,learning_pattern,productivity_pattern,manager_rating,peer_rating,subordinate_rating,overall_rating_avg,rating_variance,bias_flag,bias_type,fairness_score,text_bias_score,group_bias_score,manager_peer_gap,manager_subordinate_gap,peer_subordinate_gap,performance_rating_gap,behavior_performance_gap,conflict_score,conflict_flag,conflict_type,manager_dominance_score,peer_convergence_score,subordinate_suppression_score,social_protection_score,power_distance_risk_score,power_distance_risk,opinion_dynamics_pattern,culture_pattern,arbitration_decision,final_recommended_score,final_recommended_class,decision_explanation
E001,I01,large,P001,T01,,PM,20,450,9,2.5,73.55,73.09,Medium,Medium,3.466666667,Communication Development Required,Communication Improvement Needed,Moderate Collaboration Pattern,Low Leadership Visibility,Moderate Learning Pattern,Stable Productivity Pattern,3.6,3.2,3.6,3.47,0.05,0,No Major Bias Detected,85.2,0.32,0.03,-0.4,0,-0.4,4.15,4.22,7.09,0,No Major Conflict,40.13,48,15.97,0,28.84,Low,Healthy Consensus Pattern,Mixed Culture,Accept Evaluation,74.2,Medium,Conflict type: No Major Conflict. Opinion dynamics pattern: Healthy Consensus Pattern. Power-distance risk is Low with score 28.84. Bias status: No Major Bias Detected. Final recommendation: Accept Evaluation.
E002,I01,large,P001,T01,E001,SE,20,450,9,2.5,66.13,66.5,Medium,Medium,3.6,Balanced Contributor,Clear and Responsive Communicator,Moderate Collaboration Pattern,Low Leadership Visibility,Moderate Learning Pattern,Stable Productivity Pattern,3.4,4,3.4,3.6,0.12,0,No Major Bias Detected,85.25,0.19,0.05,0.6,0,0.6,-5.87,-5.87,11.34,0,No Major Conflict,35.2,47,12.16,13.03,26.69,Low,Healthy Consensus Pattern,Mixed Culture,Accept Evaluation,72.3,Medium,Conflict type: No Major Conflict. Opinion dynamics pattern: Healthy Consensus Pattern. Power-distance risk is Low with score 26.69. Bias status: No Major Bias Detected. Final recommendation: Accept Evaluation.
E003,I01,large,P001,T01,E001,SE,20,450,9,2.5,73.78,71.98,Medium,Medium,3.6,Teamwork Development Required,Moderate Communication Pattern,Collaboration Support Needed,Strong Leadership Pattern,Moderate Learning Pattern,Stable Productivity Pattern,4,3.4,3.4,3.6,0.12,0,No Major Bias Detected,76.85,0.31,0.05,-0.6,-0.6,0,1.78,1.78,15.29,0,No Major Conflict,36.93,56,15.1,0,28.46,Low,Mixed or Weak Opinion Dynamics Signal,Mixed Culture,Accept Evaluation,73.68,Medium,Conflict type: No Major Conflict. Opinion dynamics pattern: Mixed or Weak Opinion Dynamics Signal. Power-distance risk is Low with score 28.46. Bias status: No Major Bias Detected. Final recommendation: Accept Evaluation.
E004,I01,large,P001,T01,E001,SE,20,450,9,2.5,56.78,58.33,Medium,Medium,3.2,Communication Development Required,Communication Improvement Needed,Moderate Collaboration Pattern,Strong Leadership Pattern,Moderate Learning Pattern,Stable Productivity Pattern,2.8,3,3.8,3.2,0.28,1,Possible Textual Subjectivity Bias,68.1,0.46,0.06,0.2,1,-0.8,-7.22,-7.22,31.21,1,Manager-Subordinate Conflict; Bias-Linked Conflict,38.63,48,27.74,3.57,32.72,Low,Mixed or Weak Opinion Dynamics Signal,Mixed Culture,Accept with Monitoring,61.93,Medium,Conflict type: Manager-Subordinate Conflict; Bias-Linked Conflict. Opinion dynamics pattern: Mixed or Weak Opinion Dynamics Signal. Power-distance risk is Low with score 32.72. Bias status: Possible Textual Subjectivity Bias. Final recommendation: Accept with Monitoring.
E005,I01,large,P001,T01,E001,SE,20,450,9,2.5,66.8,66.18,Medium,Medium,3.066666667,Communication Development Required,Communication Improvement Needed,Strong Team Collaboration Pattern,Emerging Leadership Pattern,Moderate Learning Pattern,Stable Productivity Pattern,2.6,3.4,3.2,3.07,0.17,0,No Major Bias Detected,73.75,0.31,0.06,0.8,0.6,0.2,5.4,5.47,20.11,0,Manager-Peer Conflict,38.04,55,16.4,7.86,29.99,Low,Mixed or Weak Opinion Dynamics Signal,Mixed Culture,Accept with Monitoring,66.01,Medium,Conflict type: Manager-Peer Conflict. Opinion dynamics pattern: Mixed or Weak Opinion Dynamics Signal. Power-distance risk is Low with score 29.99. Bias status: No Major Bias Detected. Final recommendation: Accept with Monitoring.
E006,I01,large,P001,T01,E001,QA,20,450,9,2.5,68.68,67.92,Medium,Medium,4.266666667,Collaborative Leader,Moderate Communication Pattern,Strong Team Collaboration Pattern,Strong Leadership Pattern,Moderate Learning Pattern,Stable Productivity Pattern,3.6,4.6,4.6,4.27,0.33,1,Possible Manager Underrating Bias,66.1,0.28,0.05,1,1,0,-16.72,-16.65,44.95,1,Manager-Peer Conflict; Manager-Subordinate Conflict; Bias-Linked Conflict,32,60,39.86,21.83,37.93,Moderate,Mixed or Weak Opinion Dynamics Signal,Mixed Culture,Adjust Manager Weight,77.84,High,Conflict type: Manager-Peer Conflict; Manager-Subordinate Conflict; Bias-Linked Conflict. Opinion dynamics pattern: Mixed or Weak Opinion Dynamics Signal. Power-distance risk is Moderate with score 37.93. Bias status: Possible Manager Underrating Bias. Final recommendation: Adjust Manager Weight.
E007,I01,large,P001,T01,E001,QA,20,450,9,2.5,70.78,69.68,Medium,Medium,3,Balanced Contributor,Moderate Communication Pattern,Moderate Collaboration Pattern,Low Leadership Visibility,Moderate Learning Pattern,Stable Productivity Pattern,3,3.2,2.8,3,0.04,1,Possible Textual Subjectivity Bias,72.1,0.74,0.06,0.2,-0.2,0.4,10.78,10.78,20.19,0,Bias-Linked Conflict,43.67,46,14.05,1.8,29.47,Low,Mixed or Weak Opinion Dynamics Signal,Mixed Culture,Accept with Monitoring,66.73,Medium,Conflict type: Bias-Linked Conflict. Opinion dynamics pattern: Mixed or Weak Opinion Dynamics Signal. Power-distance risk is Low with score 29.47. Bias status: Possible Textual Subjectivity Bias. Final recommendation: Accept with Monitoring.
E008,I01,large,P001,T01,E001,DevOps,20,450,9,2.5,63.08,63.03,Medium,Medium,3.4,Teamwork Development Required,Moderate Communication Pattern,Collaboration Support Needed,Emerging Leadership Pattern,Active Learning Pattern,Stable Productivity Pattern,3.2,4.2,2.8,3.4,0.52,1,High Multi-Source Rating Disagreement,66.75,0.26,0.05,1,-0.4,1.4,-4.92,-4.92,36.86,1,Manager-Peer Conflict; Bias-Linked Conflict,32,39,12.49,20.51,25.07,Low,Mixed or Weak Opinion Dynamics Signal,Mixed Culture,Accept with Monitoring,65.78,Medium,Conflict type: Manager-Peer Conflict; Bias-Linked Conflict. Opinion dynamics pattern: Mixed or Weak Opinion Dynamics Signal. Power-distance risk is Low with score 25.07. Bias status: High Multi-Source Rating Disagreement. Final recommendation: Accept with Monitoring.
E009,I01,large,P002,T02,,PM,12,220,6,3,62.98,63.09,Medium,Medium,3.6,Balanced Contributor,Moderate Communication Pattern,Moderate Collaboration Pattern,Low Leadership Visibility,Moderate Learning Pattern,Stable Productivity Pattern,3.2,3.6,4,3.6,0.16,1,Possible Textual Subjectivity Bias,74.55,0.37,0.03,0.4,0.8,-0.4,-9.02,-9.02,29.71,1,Manager-Subordinate Conflict; Bias-Linked Conflict,36.8,52,26.41,8.56,32.62,Low,Mixed or Weak Opinion Dynamics Signal,Mixed Culture,Accept with Monitoring,68.9,Medium,Conflict type: Manager-Subordinate Conflict; Bias-Linked Conflict. Opinion dynamics pattern: Mixed or Weak Opinion Dynamics Signal. Power-distance risk is Low with score 32.62. Bias status: Possible Textual Subjectivity Bias. Final recommendation: Accept with Monitoring.
E010,I01,large,P002,T02,E009,SE,12,220,6,3,71.33,70.06,Medium,Medium,3.333333333,Balanced Contributor,Moderate Communication Pattern,Moderate Collaboration Pattern,Strong Leadership Pattern,Moderate Learning Pattern,Stable Productivity Pattern,3.2,3.4,3.4,3.33,0.01,0,No Major Bias Detected,91.1,0.14,0.05,0.2,0.2,0,4.73,4.66,6.55,0,No Major Conflict,41.6,52,11.54,1.8,28.66,Low,Healthy Consensus Pattern,Mixed Culture,Accept Evaluation,73.41,Medium,Conflict type: No Major Conflict. Opinion dynamics pattern: Healthy Consensus Pattern. Power-distance risk is Low with score 28.66. Bias status: No Major Bias Detected. Final recommendation: Accept Evaluation.
E011,I01,large,P002,T02,E009,SE,12,220,6,3,61.02,61.59,Medium,Medium,3.733333333,Balanced Contributor,Moderate Communication Pattern,Moderate Collaboration Pattern,Emerging Leadership Pattern,Moderate Learning Pattern,Stable Productivity Pattern,3.4,4,3.8,3.73,0.09,0,No Major Bias Detected,82.6,0.18,0.07,0.6,0.4,0.2,-13.58,-13.65,18.6,0,No Major Conflict,35.2,53,20.09,15.84,30.65,Low,Healthy Consensus Pattern,Mixed Culture,Accept Evaluation,70.78,Medium,Conflict type: No Major Conflict. Opinion dynamics pattern: Healthy Consensus Pattern. Power-distance risk is Low with score 30.65. Bias status: No Major Bias Detected. Final recommendation: Accept Evaluation.
E012,I01,large,P002,T02,E009,SE,12,220,6,3,65.55,65.87,Medium,Medium,3.466666667,Learning-Oriented Contributor,Moderate Communication Pattern,Strong Team Collaboration Pattern,Low Leadership Visibility,Active Learning Pattern,Stable Productivity Pattern,3,3.6,3.8,3.47,0.17,1,Possible Textual Subjectivity Bias,69.3,0.45,0.07,0.6,0.8,-0.2,-3.85,-3.78,29.31,1,Manager-Subordinate Conflict; Bias-Linked Conflict,36.86,55,25.03,8.95,32.65,Low,Mixed or Weak Opinion Dynamics Signal,Mixed Culture,Accept with Monitoring,67.82,Medium,Conflict type: Manager-Subordinate Conflict; Bias-Linked Conflict. Opinion dynamics pattern: Mixed or Weak Opinion Dynamics Signal. Power-distance risk is Low with score 32.65. Bias status: Possible Textual Subjectivity Bias. Final recommendation: Accept with Monitoring.
E013,I01,large,P002,T02,E009,QA,12,220,6,3,72.53,71.79,Medium,Medium,3.066666667,Communication Development Required,Communication Improvement Needed,Collaboration Support Needed,Low Leadership Visibility,Moderate Learning Pattern,Stable Productivity Pattern,3.2,3,3,3.07,0.01,1,Possible Textual Subjectivity Bias,83.05,0.4,0.06,-0.2,-0.2,0,11.13,11.2,19.78,0,Bias-Linked Conflict,44.72,52,9.65,0,29.07,Low,Healthy Consensus Pattern,Mixed Culture,Accept Evaluation,70.17,Medium,Conflict type: Bias-Linked Conflict. Opinion dynamics pattern: Healthy Consensus Pattern. Power-distance risk is Low with score 29.07. Bias status: Possible Textual Subjectivity Bias. Final recommendation: Accept Evaluation.
E014,I01,large,P002,T02,E009,DevOps,12,220,6,3,62.15,62.67,Medium,Medium,3.866666667,Balanced Contributor,Moderate Communication Pattern,Strong Team Collaboration Pattern,Emerging Leadership Pattern,Moderate Learning Pattern,Stable Productivity Pattern,3.6,4.2,3.8,3.87,0.09,0,No Major Bias Detected,82.05,0.26,0.06,0.6,0.2,0.4,-15.25,-15.18,17.41,0,No Major Conflict,35.2,50,20.28,17.42,30.42,Low,Healthy Consensus Pattern,Mixed Culture,Accept Evaluation,72.21,Medium,Conflict type: No Major Conflict. Opinion dynamics pattern: Healthy Consensus Pattern. Power-distance risk is Low with score 30.42. Bias status: No Major Bias Detected. Final recommendation: Accept Evaluation.
E015,I02,medium,P003,T03,,PM,8,150,5,3.8,67.12,66.92,Medium,Medium,4.133333333,Balanced Contributor,Moderate Communication Pattern,Moderate Collaboration Pattern,Strong Leadership Pattern,Moderate Learning Pattern,Stable Productivity Pattern,4.2,4.2,4,4.13,0.01,0,No Major Bias Detected,92.55,0.17,0.02,0,-0.2,0.2,-15.48,-15.55,9.95,0,No Major Conflict,40,49,20.11,9.28,31.32,Low,Healthy Consensus Pattern,Mixed Culture,Accept Evaluation,78.41,High,Conflict type: No Major Conflict. Opinion dynamics pattern: Healthy Consensus Pattern. Power-distance risk is Low with score 31.32. Bias status: No Major Bias Detected. Final recommendation: Accept Evaluation.
E016,I02,medium,P003,T03,E015,SE,8,150,5,3.8,67.47,71.93,Medium,Medium,3.666666667,Learning-Oriented Contributor,Moderate Communication Pattern,Moderate Collaboration Pattern,Emerging Leadership Pattern,Active Learning Pattern,Stable Productivity Pattern,3.8,3.4,3.8,3.67,0.05,1,Possible Textual Subjectivity Bias,79.3,0.5,0.05,-0.4,0,-0.4,-5.93,-5.86,17.95,0,Bias-Linked Conflict,36.8,48,21.24,0.29,29.38,Low,Mixed or Weak Opinion Dynamics Signal,Mixed Culture,Accept Evaluation,72.19,Medium,Conflict type: Bias-Linked Conflict. Opinion dynamics pattern: Mixed or Weak Opinion Dynamics Signal. Power-distance risk is Low with score 29.38. Bias status: Possible Textual Subjectivity Bias. Final recommendation: Accept Evaluation.
E017,I02,medium,P003,T03,E015,SE,8,150,5,3.8,67.87,66.7,Medium,Medium,2.666666667,Communication Development Required,Communication Improvement Needed,Moderate Collaboration Pattern,Low Leadership Visibility,Active Learning Pattern,Stable Productivity Pattern,2.6,2.8,2.6,2.67,0.01,1,Possible Textual Subjectivity Bias,86.3,0.37,0.03,0.2,0,0.2,14.47,14.54,19.45,0,Bias-Linked Conflict,46.72,49,11.94,1.8,30.4,Low,Healthy Consensus Pattern,Mixed Culture,Accept Evaluation,65.75,Medium,Conflict type: Bias-Linked Conflict. Opinion dynamics pattern: Healthy Consensus Pattern. Power-distance risk is Low with score 30.4. Bias status: Possible Textual Subjectivity Bias. Final recommendation: Accept Evaluation.
E018,I02,medium,P003,T03,E015,QA,8,150,5,3.8,58.62,59.87,Medium,Medium,3.333333333,Balanced Contributor,Moderate Communication Pattern,Moderate Collaboration Pattern,Strong Leadership Pattern,Moderate Learning Pattern,Stable Productivity Pattern,3.4,3,3.6,3.33,0.09,0,No Major Bias Detected,83.6,0.27,0.05,-0.4,0.2,-0.6,-7.98,-8.05,11.8,0,No Major Conflict,36.8,45,17.67,0.76,27.73,Low,Healthy Consensus Pattern,Mixed Culture,Accept Evaluation,66.82,Medium,Conflict type: No Major Conflict. Opinion dynamics pattern: Healthy Consensus Pattern. Power-distance risk is Low with score 27.73. Bias status: No Major Bias Detected. Final recommendation: Accept Evaluation.
E019,I02,medium,P003,T03,E015,DevOps,8,150,5,3.8,63.53,64.79,Medium,Medium,3.266666667,Communication Development Required,Communication Improvement Needed,Collaboration Support Needed,Emerging Leadership Pattern,Active Learning Pattern,Stable Productivity Pattern,3,3.4,3.4,3.27,0.05,1,Possible Textual Subjectivity Bias,75.75,0.52,0.04,0.4,0.4,0,-1.87,-1.8,19.92,0,Bias-Linked Conflict,37.86,54,17.49,6.06,29.97,Low,Mixed or Weak Opinion Dynamics Signal,Mixed Culture,Accept Evaluation,66.71,Medium,Conflict type: Bias-Linked Conflict. Opinion dynamics pattern: Mixed or Weak Opinion Dynamics Signal. Power-distance risk is Low with score 29.97. Bias status: Possible Textual Subjectivity Bias. Final recommendation: Accept Evaluation.
E020,I02,medium,P004,T04,,PM,16,300,7,2.7,68.52,69.23,Medium,Medium,3,Teamwork Development Required,Moderate Communication Pattern,Collaboration Support Needed,Strong Leadership Pattern,Active Learning Pattern,Stable Productivity Pattern,3.2,3,2.8,3,0.04,0,No Major Bias Detected,84.45,0.3,0.03,-0.2,-0.4,0.2,8.52,8.52,11.06,0,No Major Conflict,42.31,51,9.73,0,27.98,Low,Healthy Consensus Pattern,Mixed Culture,Accept Evaluation,68.3,Medium,Conflict type: No Major Conflict. Opinion dynamics pattern: Healthy Consensus Pattern. Power-distance risk is Low with score 27.98. Bias status: No Major Bias Detected. Final recommendation: Accept Evaluation.
E021,I02,medium,P004,T04,E020,SE,16,300,7,2.7,65.18,65.76,Medium,Medium,3.333333333,Teamwork Development Required,Moderate Communication Pattern,Collaboration Support Needed,Low Leadership Visibility,Moderate Learning Pattern,Stable Productivity Pattern,3.6,3,3.4,3.33,0.09,0,No Major Bias Detected,80.8,0.31,0.05,-0.6,-0.2,-0.4,-1.42,-1.49,10.52,0,No Major Conflict,36.75,50,15.15,0,27.5,Low,Healthy Consensus Pattern,Mixed Culture,Accept Evaluation,68.89,Medium,Conflict type: No Major Conflict. Opinion dynamics pattern: Healthy Consensus Pattern. Power-distance risk is Low with score 27.5. Bias status: No Major Bias Detected. Final recommendation: Accept Evaluation.
E022,I02,medium,P004,T04,E020,SE,16,300,7,2.7,69,69.98,Medium,Medium,3.066666667,Learning-Oriented Contributor,Moderate Communication Pattern,Moderate Collaboration Pattern,Emerging Leadership Pattern,Active Learning Pattern,Stable Productivity Pattern,2.8,3.2,3.2,3.07,0.05,1,Possible Textual Subjectivity Bias,77.65,0.44,0.06,0.4,0.4,0,7.6,7.67,22.81,0,Bias-Linked Conflict,42.2,54,15.04,3.6,30.6,Low,Mixed or Weak Opinion Dynamics Signal,Mixed Culture,Accept Evaluation,67.67,Medium,Conflict type: Bias-Linked Conflict. Opinion dynamics pattern: Mixed or Weak Opinion Dynamics Signal. Power-distance risk is Low with score 30.6. Bias status: Possible Textual Subjectivity Bias. Final recommendation: Accept Evaluation.
E023,I02,medium,P004,T04,E020,SE,16,300,7,2.7,79.47,77.07,High,High,3,Technical High Performer,Moderate Communication Pattern,Moderate Collaboration Pattern,Low Leadership Visibility,Active Learning Pattern,High Productivity Pattern,2.8,3,3.2,3,0.04,1,Possible Textual Subjectivity Bias,77.1,0.52,0.06,0.2,0.4,-0.2,19.47,19.47,26.53,1,Bias-Linked Conflict,51.28,51,15.8,1.8,33.87,Low,Manager Dominance / High Power-Distance Pattern,Mixed Culture,Accept with Monitoring,71.21,Medium,Conflict type: Bias-Linked Conflict. Opinion dynamics pattern: Manager Dominance / High Power-Distance Pattern. Power-distance risk is Low with score 33.87. Bias status: Possible Textual Subjectivity Bias. Final recommendation: Accept with Monitoring.
E024,I02,medium,P004,T04,E020,QA,16,300,7,2.7,66.67,67.46,Medium,Medium,3,Balanced Contributor,Moderate Communication Pattern,Moderate Collaboration Pattern,Low Leadership Visibility,Moderate Learning Pattern,Stable Productivity Pattern,2.6,3,3.4,3,0.16,0,No Major Bias Detected,74.7,0.34,0.06,0.4,0.8,-0.4,6.67,6.67,18.54,0,Manager-Subordinate Conflict,43.2,52,20.14,3.6,32.49,Low,Mixed or Weak Opinion Dynamics Signal,Mixed Culture,Accept with Monitoring,65.61,Medium,Conflict type: Manager-Subordinate Conflict. Opinion dynamics pattern: Mixed or Weak Opinion Dynamics Signal. Power-distance risk is Low with score 32.49. Bias status: No Major Bias Detected. Final recommendation: Accept with Monitoring.
E025,I02,medium,P004,T04,E020,QA,16,300,7,2.7,65.85,64.33,Medium,Medium,3.666666667,Learning-Oriented Contributor,Moderate Communication Pattern,Moderate Collaboration Pattern,Low Leadership Visibility,Active Learning Pattern,Stable Productivity Pattern,3.4,4,3.6,3.67,0.09,0,No Major Bias Detected,81.7,0.28,0.05,0.6,0.2,0.4,-7.55,-7.48,13.56,0,No Major Conflict,35.2,50,16.9,13.18,28.81,Low,Healthy Consensus Pattern,Mixed Culture,Accept Evaluation,72.02,Medium,Conflict type: No Major Conflict. Opinion dynamics pattern: Healthy Consensus Pattern. Power-distance risk is Low with score 28.81. Bias status: No Major Bias Detected. Final recommendation: Accept Evaluation.
E026,I02,medium,P004,T04,E020,DevOps,16,300,7,2.7,61.7,63.57,Medium,Medium,2.933333333,Learning-Oriented Contributor,Moderate Communication Pattern,Moderate Collaboration Pattern,Low Leadership Visibility,Active Learning Pattern,Stable Productivity Pattern,2,3.4,3.4,2.93,0.65,1,Possible Manager Underrating Bias; High Multi-Source Rating Disagreement,49.65,0.34,0.06,1.4,1.4,0,3.1,3.03,52.54,1,Manager-Peer Conflict; Manager-Subordinate Conflict; Bias-Linked Conflict,35.31,64,29.48,16.06,35.65,Moderate,Mixed or Weak Opinion Dynamics Signal,Mixed Culture,Request HR Review,59.07,Medium,Conflict type: Manager-Peer Conflict; Manager-Subordinate Conflict; Bias-Linked Conflict. Opinion dynamics pattern: Mixed or Weak Opinion Dynamics Signal. Power-distance risk is Moderate with score 35.65. Bias status: Possible Manager Underrating Bias; High Multi-Source Rating Disagreement. Final recommendation: Request HR Review.
E027,I03,large,P005,T05,,PM,24,500,10,2.5,65.38,65.53,Medium,Medium,3.466666667,Teamwork Development Required,Moderate Communication Pattern,Collaboration Support Needed,Low Leadership Visibility,Moderate Learning Pattern,Stable Productivity Pattern,3.4,3.4,3.6,3.47,0.01,0,No Major Bias Detected,94.45,0.09,0.04,0,0.2,-0.2,-4.02,-3.95,4.2,0,No Major Conflict,40,49,12.73,1.44,27.95,Low,Healthy Consensus Pattern,Mixed Culture,Accept Evaluation,72.79,Medium,Conflict type: No Major Conflict. Opinion dynamics pattern: Healthy Consensus Pattern. Power-distance risk is Low with score 27.95. Bias status: No Major Bias Detected. Final recommendation: Accept Evaluation.
E028,I03,large,P005,T05,E027,SE,24,500,10,2.5,68,67.07,Medium,Medium,2.866666667,Learning-Oriented Contributor,Moderate Communication Pattern,Moderate Collaboration Pattern,Low Leadership Visibility,Active Learning Pattern,Stable Productivity Pattern,2.6,3,3,2.87,0.05,1,Possible Textual Subjectivity Bias,71.35,0.65,0.06,0.4,0.4,0,10.6,10.67,24.31,0,Bias-Linked Conflict,44,54,15.46,3.6,31.47,Low,Mixed or Weak Opinion Dynamics Signal,Mixed Culture,Accept with Monitoring,64.41,Medium,Conflict type: Bias-Linked Conflict. Opinion dynamics pattern: Mixed or Weak Opinion Dynamics Signal. Power-distance risk is Low with score 31.47. Bias status: Possible Textual Subjectivity Bias. Final recommendation: Accept with Monitoring.
E029,I03,large,P005,T05,E027,SE,24,500,10,2.5,61.93,62.72,Medium,Medium,3.2,Communication Development Required,Communication Improvement Needed,Moderate Collaboration Pattern,Low Leadership Visibility,Low Learning Engagement,Stable Productivity Pattern,3.2,3.6,2.8,3.2,0.16,1,Possible Textual Subjectivity Bias,77.25,0.37,0.05,0.4,-0.4,0.8,-2.07,-2.07,22.24,0,Bias-Linked Conflict,36.8,42,10.53,9.14,25.62,Low,Mixed or Weak Opinion Dynamics Signal,Mixed Culture,Accept Evaluation,65.82,Medium,Conflict type: Bias-Linked Conflict. Opinion dynamics pattern: Mixed or Weak Opinion Dynamics Signal. Power-distance risk is Low with score 25.62. Bias status: Possible Textual Subjectivity Bias. Final recommendation: Accept Evaluation.
E030,I03,large,P005,T05,E027,SE,24,500,10,2.5,65.97,66.75,Medium,Medium,3.133333333,Communication Development Required,Communication Improvement Needed,Moderate Collaboration Pattern,Low Leadership Visibility,Low Learning Engagement,Stable Productivity Pattern,3.2,3.2,3,3.13,0.01,1,Possible Textual Subjectivity Bias,86.15,0.35,0.06,0,-0.2,0.2,3.37,3.3,13.87,0,Bias-Linked Conflict,41.18,49,7.99,0,26.62,Low,Healthy Consensus Pattern,Mixed Culture,Accept Evaluation,68.67,Medium,Conflict type: Bias-Linked Conflict. Opinion dynamics pattern: Healthy Consensus Pattern. Power-distance risk is Low with score 26.62. Bias status: Possible Textual Subjectivity Bias. Final recommendation: Accept Evaluation.
E031,I03,large,P005,T05,E027,SE,24,500,10,2.5,60.25,63.06,Medium,Medium,3.333333333,Teamwork Development Required,Moderate Communication Pattern,Collaboration Support Needed,Low Leadership Visibility,Active Learning Pattern,Stable Productivity Pattern,3,3.8,3.2,3.33,0.17,1,Possible Textual Subjectivity Bias,72.75,0.45,0.06,0.8,0.2,0.6,-6.35,-6.42,26.59,1,Manager-Peer Conflict; Bias-Linked Conflict,33.68,49,14.47,15.86,27.47,Low,Mixed or Weak Opinion Dynamics Signal,Mixed Culture,Accept with Monitoring,65.31,Medium,Conflict type: Manager-Peer Conflict; Bias-Linked Conflict. Opinion dynamics pattern: Mixed or Weak Opinion Dynamics Signal. Power-distance risk is Low with score 27.47. Bias status: Possible Textual Subjectivity Bias. Final recommendation: Accept with Monitoring.
E032,I03,large,P005,T05,E027,SE,24,500,10,2.5,69,67.54,Medium,Medium,3.333333333,Balanced Contributor,Moderate Communication Pattern,Moderate Collaboration Pattern,Low Leadership Visibility,Moderate Learning Pattern,Stable Productivity Pattern,3.4,3.4,3.2,3.33,0.01,0,No Major Bias Detected,90.9,0.2,0.05,0,-0.2,0.2,2.4,2.33,3.39,0,No Major Conflict,40.6,49,8.11,0,26.43,Low,Healthy Consensus Pattern,Mixed Culture,Accept Evaluation,72.44,Medium,Conflict type: No Major Conflict. Opinion dynamics pattern: Healthy Consensus Pattern. Power-distance risk is Low with score 26.43. Bias status: No Major Bias Detected. Final recommendation: Accept Evaluation.
E033,I03,large,P005,T05,E027,QA,24,500,10,2.5,64.47,65.11,Medium,Medium,4.133333333,Learning-Oriented Contributor,Moderate Communication Pattern,Moderate Collaboration Pattern,Strong Leadership Pattern,Active Learning Pattern,Stable Productivity Pattern,3.8,4.4,4.2,4.13,0.09,0,No Major Bias Detected,84.55,0.14,0.04,0.6,0.4,0.2,-18.13,-18.2,20.88,0,No Major Conflict,35.2,53,26.41,18.34,33.11,Low,Healthy Consensus Pattern,Mixed Culture,Accept Evaluation,75.75,High,Conflict type: No Major Conflict. Opinion dynamics pattern: Healthy Consensus Pattern. Power-distance risk is Low with score 33.11. Bias status: No Major Bias Detected. Final recommendation: Accept Evaluation.
E034,I03,large,P005,T05,E027,QA,24,500,10,2.5,63.92,64.31,Medium,Medium,3.533333333,Balanced Contributor,Moderate Communication Pattern,Moderate Collaboration Pattern,Low Leadership Visibility,Moderate Learning Pattern,Stable Productivity Pattern,3.8,3.2,3.6,3.53,0.09,0,No Major Bias Detected,79.65,0.34,0.06,-0.6,-0.2,-0.4,-6.68,-6.75,13.15,0,No Major Conflict,35.2,50,17.62,0.04,27.75,Low,Mixed or Weak Opinion Dynamics Signal,Mixed Culture,Accept Evaluation,69.75,Medium,Conflict type: No Major Conflict. Opinion dynamics pattern: Mixed or Weak Opinion Dynamics Signal. Power-distance risk is Low with score 27.75. Bias status: No Major Bias Detected. Final recommendation: Accept Evaluation.
E035,I03,large,P005,T05,E027,QA,24,500,10,2.5,72.07,72.53,Medium,Medium,3.266666667,Communication Development Required,Communication Improvement Needed,Moderate Collaboration Pattern,Low Leadership Visibility,Active Learning Pattern,Stable Productivity Pattern,3.8,2.8,3.2,3.27,0.25,0,No Major Bias Detected,70.4,0.31,0.05,-1,-0.6,-0.4,6.67,6.74,24.35,0,Manager-Peer Conflict,36.82,54,15.86,0,28.38,Low,Mixed or Weak Opinion Dynamics Signal,Mixed Culture,Accept with Monitoring,69.05,Medium,Conflict type: Manager-Peer Conflict. Opinion dynamics pattern: Mixed or Weak Opinion Dynamics Signal. Power-distance risk is Low with score 28.38. Bias status: No Major Bias Detected. Final recommendation: Accept with Monitoring.
E036,I03,large,P005,T05,E027,DevOps,24,500,10,2.5,76.98,75.82,High,High,4.466666667,Collaborative Leader,Moderate Communication Pattern,Strong Team Collaboration Pattern,Strong Leadership Pattern,Active Learning Pattern,High Productivity Pattern,4.8,4.2,4.4,4.47,0.09,0,No Major Bias Detected,84.35,0.13,0.06,-0.6,-0.4,-0.2,-12.42,-12.35,18,0,No Major Conflict,35.2,53,29.98,3.86,32.91,Low,Healthy Consensus Pattern,Mixed Culture,Accept Evaluation,83.41,High,Conflict type: No Major Conflict. Opinion dynamics pattern: Healthy Consensus Pattern. Power-distance risk is Low with score 32.91. Bias status: No Major Bias Detected. Final recommendation: Accept Evaluation.
E037,I03,large,P006,T06,,PM,10,180,5,3.6,65,65.29,Medium,Medium,2.866666667,Communication Development Required,Communication Improvement Needed,Collaboration Support Needed,Strong Leadership Pattern,Active Learning Pattern,Stable Productivity Pattern,3.4,2.6,2.6,2.87,0.21,1,Possible Manager Overrating Bias; Possible Textual Subjectivity Bias,68.65,0.41,0.04,-0.8,-0.8,0,7.6,7.67,34.01,1,Manager-Peer Conflict; Manager-Subordinate Conflict; Bias-Linked Conflict,37.5,58,16.4,0,29.44,Low,Mixed or Weak Opinion Dynamics Signal,Mixed Culture,Accept with Monitoring,62.67,Medium,Conflict type: Manager-Peer Conflict; Manager-Subordinate Conflict; Bias-Linked Conflict. Opinion dynamics pattern: Mixed or Weak Opinion Dynamics Signal. Power-distance risk is Low with score 29.44. Bias status: Possible Manager Overrating Bias; Possible Textual Subjectivity Bias. Final recommendation: Accept with Monitoring.
E038,I03,large,P006,T06,E037,SE,10,180,5,3.6,66.92,67.34,Medium,Medium,2.933333333,Balanced Contributor,Moderate Communication Pattern,Strong Team Collaboration Pattern,Low Leadership Visibility,Moderate Learning Pattern,Stable Productivity Pattern,2.4,3.2,3.2,2.93,0.21,1,Possible Manager Underrating Bias; Possible Textual Subjectivity Bias,65.3,0.48,0.09,0.8,0.8,0,8.32,8.25,34.35,1,Manager-Peer Conflict; Manager-Subordinate Conflict; Bias-Linked Conflict,40.15,58,20.5,7.2,32.66,Low,Mixed or Weak Opinion Dynamics Signal,Mixed Culture,Adjust Manager Weight,66.28,Medium,Conflict type: Manager-Peer Conflict; Manager-Subordinate Conflict; Bias-Linked Conflict. Opinion dynamics pattern: Mixed or Weak Opinion Dynamics Signal. Power-distance risk is Low with score 32.66. Bias status: Possible Manager Underrating Bias; Possible Textual Subjectivity Bias. Final recommendation: Adjust Manager Weight.
E039,I03,large,P006,T06,E037,SE,10,180,5,3.6,66.75,65.8,Medium,Medium,4.666666667,Balanced Contributor,Moderate Communication Pattern,Moderate Collaboration Pattern,Strong Leadership Pattern,Moderate Learning Pattern,Stable Productivity Pattern,4.4,4.8,4.8,4.67,0.05,0,No Major Bias Detected,84.8,0.16,0.11,0.4,0.4,0,-26.65,-26.58,22.31,0,Performance-Appraisal Conflict; Behavior-Performance Conflict,36.8,54,36.82,19.69,37.68,Moderate,Healthy Consensus Pattern,Mixed Culture,Accept Evaluation,81,High,Conflict type: Performance-Appraisal Conflict; Behavior-Performance Conflict. Opinion dynamics pattern: Healthy Consensus Pattern. Power-distance risk is Moderate with score 37.68. Bias status: No Major Bias Detected. Final recommendation: Accept Evaluation.
E040,I03,large,P006,T06,E037,QA,10,180,5,3.6,65.57,65.13,Medium,Medium,4.133333333,Learning-Oriented Contributor,Clear and Responsive Communicator,Moderate Collaboration Pattern,Emerging Leadership Pattern,Active Learning Pattern,Stable Productivity Pattern,4.4,3.8,4.2,4.13,0.09,0,No Major Bias Detected,79.25,0.32,0.1,-0.6,-0.2,-0.4,-17.03,-17.1,18.33,0,No Major Conflict,35.2,50,28.26,5.74,32.04,Low,Mixed or Weak Opinion Dynamics Signal,Mixed Culture,Accept Evaluation,75.13,High,Conflict type: No Major Conflict. Opinion dynamics pattern: Mixed or Weak Opinion Dynamics Signal. Power-distance risk is Low with score 32.04. Bias status: No Major Bias Detected. Final recommendation: Accept Evaluation.
E041,I03,large,P006,T06,E037,DevOps,10,180,5,3.6,65.88,66.06,Medium,Medium,3.466666667,Teamwork Development Required,Moderate Communication Pattern,Collaboration Support Needed,Strong Leadership Pattern,Low Learning Engagement,Stable Productivity Pattern,3.2,3.6,3.6,3.47,0.05,0,No Major Bias Detected,82.4,0.24,0.11,0.4,0.4,0,-3.52,-3.45,10.75,0,No Major Conflict,37.36,54,16.95,6.97,29.67,Low,Healthy Consensus Pattern,Mixed Culture,Accept Evaluation,70.58,Medium,Conflict type: No Major Conflict. Opinion dynamics pattern: Healthy Consensus Pattern. Power-distance risk is Low with score 29.67. Bias status: No Major Bias Detected. Final recommendation: Accept Evaluation.
E042,I04,medium,P007,T07,,PM,6,100,4,4.2,60.97,61.58,Medium,Medium,3.8,Balanced Contributor,Moderate Communication Pattern,Strong Team Collaboration Pattern,Emerging Leadership Pattern,Moderate Learning Pattern,Stable Productivity Pattern,4,3.8,3.6,3.8,0.04,1,Possible Textual Subjectivity Bias,78.8,0.48,0.04,-0.2,-0.4,0.2,-15.03,-15.03,24.32,0,Bias-Linked Conflict,38.4,51,17.92,8.27,30.11,Low,Mixed or Weak Opinion Dynamics Signal,Biased Evaluation Culture,Accept Evaluation,70.55,Medium,Conflict type: Bias-Linked Conflict. Opinion dynamics pattern: Mixed or Weak Opinion Dynamics Signal. Power-distance risk is Low with score 30.11. Bias status: Possible Textual Subjectivity Bias. Final recommendation: Accept Evaluation.
E043,I04,medium,P007,T07,E042,SE,6,100,4,4.2,63.9,64.22,Medium,Medium,3.466666667,Teamwork Development Required,Moderate Communication Pattern,Collaboration Support Needed,Strong Leadership Pattern,Moderate Learning Pattern,Stable Productivity Pattern,3.2,3.8,3.4,3.47,0.09,0,No Major Bias Detected,81.1,0.3,0.05,0.6,0.2,0.4,-5.5,-5.43,12.54,0,No Major Conflict,35.2,50,13.9,12.05,27.65,Low,Healthy Consensus Pattern,Biased Evaluation Culture,Accept Evaluation,69.52,Medium,Conflict type: No Major Conflict. Opinion dynamics pattern: Healthy Consensus Pattern. Power-distance risk is Low with score 27.65. Bias status: No Major Bias Detected. Final recommendation: Accept Evaluation.
E044,I04,medium,P007,T07,E042,SE,6,100,4,4.2,73.62,72.92,Medium,Medium,3.266666667,Learning-Oriented Contributor,Moderate Communication Pattern,Moderate Collaboration Pattern,Emerging Leadership Pattern,Active Learning Pattern,Stable Productivity Pattern,3,3.6,3.2,3.27,0.09,1,Possible Textual Subjectivity Bias,78.65,0.39,0.04,0.6,0.2,0.4,8.22,8.29,23.92,0,Bias-Linked Conflict,39.77,50,12.97,5.4,28.49,Low,Mixed or Weak Opinion Dynamics Signal,Biased Evaluation Culture,Accept Evaluation,71.32,Medium,Conflict type: Bias-Linked Conflict. Opinion dynamics pattern: Mixed or Weak Opinion Dynamics Signal. Power-distance risk is Low with score 28.49. Bias status: Possible Textual Subjectivity Bias. Final recommendation: Accept Evaluation.
E045,I04,medium,P007,T07,E042,QA,6,100,4,4.2,71.47,69.93,Medium,Medium,3.533333333,Teamwork Development Required,Clear and Responsive Communicator,Collaboration Support Needed,Emerging Leadership Pattern,Moderate Learning Pattern,Stable Productivity Pattern,4.2,3.2,3.2,3.53,0.33,1,Possible Manager Overrating Bias,67.95,0.21,0.06,-1,-1,0,0.87,0.8,37.02,1,Manager-Peer Conflict; Manager-Subordinate Conflict; Bias-Linked Conflict,34.24,60,14.72,0,27.85,Low,Mixed or Weak Opinion Dynamics Signal,Biased Evaluation Culture,Accept with Monitoring,70.43,Medium,Conflict type: Manager-Peer Conflict; Manager-Subordinate Conflict; Bias-Linked Conflict. Opinion dynamics pattern: Mixed or Weak Opinion Dynamics Signal. Power-distance risk is Low with score 27.85. Bias status: Possible Manager Overrating Bias. Final recommendation: Accept with Monitoring.
E046,I04,medium,P008,T08,,PM,14,250,6,3,62.22,64.06,Medium,Medium,3.2,Teamwork Development Required,Moderate Communication Pattern,Collaboration Support Needed,Emerging Leadership Pattern,Low Learning Engagement,Stable Productivity Pattern,3.2,3,3.4,3.2,0.04,1,Possible Textual Subjectivity Bias,81.85,0.44,0.03,-0.2,0.2,-0.4,-1.78,-1.78,15.69,0,Bias-Linked Conflict,39.07,46,15.92,0,28.1,Low,Healthy Consensus Pattern,Biased Evaluation Culture,Accept Evaluation,66.86,Medium,Conflict type: Bias-Linked Conflict. Opinion dynamics pattern: Healthy Consensus Pattern. Power-distance risk is Low with score 28.1. Bias status: Possible Textual Subjectivity Bias. Final recommendation: Accept Evaluation.
E047,I04,medium,P008,T08,E046,SE,14,250,6,3,71.23,71.02,Medium,Medium,3.066666667,Communication Development Required,Communication Improvement Needed,Collaboration Support Needed,Low Leadership Visibility,Active Learning Pattern,Stable Productivity Pattern,3.4,3,2.8,3.07,0.09,1,Possible Textual Subjectivity Bias,75.85,0.43,0.04,-0.4,-0.6,0.2,9.83,9.9,26.73,1,Bias-Linked Conflict,41.14,53,12.17,0,28.67,Low,Mixed or Weak Opinion Dynamics Signal,Biased Evaluation Culture,Accept with Monitoring,68.21,Medium,Conflict type: Bias-Linked Conflict. Opinion dynamics pattern: Mixed or Weak Opinion Dynamics Signal. Power-distance risk is Low with score 28.67. Bias status: Possible Textual Subjectivity Bias. Final recommendation: Accept with Monitoring.
E048,I04,medium,P008,T08,E046,SE,14,250,6,3,58.98,60.02,Medium,Medium,3.066666667,Teamwork Development Required,Moderate Communication Pattern,Collaboration Support Needed,Strong Leadership Pattern,Moderate Learning Pattern,Stable Productivity Pattern,2.8,3.4,3,3.07,0.09,1,Possible Textual Subjectivity Bias,71.7,0.63,0.03,0.6,0.2,0.4,-2.42,-2.35,21,0,Bias-Linked Conflict,36.09,50,13.62,10.36,27.74,Low,Mixed or Weak Opinion Dynamics Signal,Biased Evaluation Culture,Accept with Monitoring,62.48,Medium,Conflict type: Bias-Linked Conflict. Opinion dynamics pattern: Mixed or Weak Opinion Dynamics Signal. Power-distance risk is Low with score 27.74. Bias status: Possible Textual Subjectivity Bias. Final recommendation: Accept with Monitoring.
E049,I04,medium,P008,T08,E046,SE,14,250,6,3,69.47,68.92,Medium,Medium,3.333333333,Communication Development Required,Communication Improvement Needed,Moderate Collaboration Pattern,Low Leadership Visibility,Active Learning Pattern,Stable Productivity Pattern,3.4,3.4,3.2,3.33,0.01,1,Possible Textual Subjectivity Bias,84.55,0.42,0.04,0,-0.2,0.2,2.87,2.8,13.62,0,Bias-Linked Conflict,40.88,49,10.34,0,27.32,Low,Healthy Consensus Pattern,Biased Evaluation Culture,Accept Evaluation,71.35,Medium,Conflict type: Bias-Linked Conflict. Opinion dynamics pattern: Healthy Consensus Pattern. Power-distance risk is Low with score 27.32. Bias status: Possible Textual Subjectivity Bias. Final recommendation: Accept Evaluation.
E050,I04,medium,P008,T08,E046,QA,14,250,6,3,61.4,61.76,Medium,Medium,4.066666667,Learning-Oriented Contributor,Moderate Communication Pattern,Moderate Collaboration Pattern,Strong Leadership Pattern,Active Learning Pattern,Stable Productivity Pattern,4,4,4.2,4.07,0.01,0,No Major Bias Detected,92,0.18,0.03,0,0.2,-0.2,-20,-19.93,12.19,0,Performance-Appraisal Conflict,40,49,23.8,10.23,32.7,Low,Healthy Consensus Pattern,Biased Evaluation Culture,Accept Evaluation,75.5,High,Conflict type: Performance-Appraisal Conflict. Opinion dynamics pattern: Healthy Consensus Pattern. Power-distance risk is Low with score 32.7. Bias status: No Major Bias Detected. Final recommendation: Accept Evaluation.
E051,I04,medium,P008,T08,E046,DevOps,14,250,6,3,66.32,66.74,Medium,Medium,3.533333333,Learning-Oriented Contributor,Moderate Communication Pattern,Strong Team Collaboration Pattern,Low Leadership Visibility,Active Learning Pattern,Stable Productivity Pattern,3.2,3.4,4,3.53,0.17,1,Possible Textual Subjectivity Bias,76.5,0.35,0.03,0.2,0.8,-0.6,-4.28,-4.35,25.55,1,Manager-Subordinate Conflict; Bias-Linked Conflict,39.1,49,25.72,2.72,32.26,Low,Mixed or Weak Opinion Dynamics Signal,Biased Evaluation Culture,Accept with Monitoring,70.08,Medium,Conflict type: Manager-Subordinate Conflict; Bias-Linked Conflict. Opinion dynamics pattern: Mixed or Weak Opinion Dynamics Signal. Power-distance risk is Low with score 32.26. Bias status: Possible Textual Subjectivity Bias. Final recommendation: Accept with Monitoring.
E052,I05,small,P009,T09,,PM,5,80,3,5,64.5,65.08,Medium,Medium,2.666666667,Communication Development Required,Communication Improvement Needed,Collaboration Support Needed,Emerging Leadership Pattern,Active Learning Pattern,Stable Productivity Pattern,2.2,3,2.8,2.67,0.17,1,Possible Textual Subjectivity Bias,70.15,0.43,0.06,0.8,0.6,0.2,11.1,11.17,32.96,1,Manager-Peer Conflict; Bias-Linked Conflict,41.1,55,17.59,7.2,31.57,Low,Mixed or Weak Opinion Dynamics Signal,Mixed Culture,Accept with Monitoring,61.17,Medium,Conflict type: Manager-Peer Conflict; Bias-Linked Conflict. Opinion dynamics pattern: Mixed or Weak Opinion Dynamics Signal. Power-distance risk is Low with score 31.57. Bias status: Possible Textual Subjectivity Bias. Final recommendation: Accept with Monitoring.
E053,I05,small,P009,T09,E052,SE,5,80,3,5,68.43,68.16,Medium,Medium,3.533333333,Teamwork Development Required,Clear and Responsive Communicator,Collaboration Support Needed,Strong Leadership Pattern,Active Learning Pattern,Stable Productivity Pattern,3.2,3.8,3.6,3.53,0.09,0,No Major Bias Detected,79.25,0.3,0.06,0.6,0.4,0.2,-2.17,-2.24,12.9,0,No Major Conflict,36.53,53,17.76,9.56,29.73,Low,Mixed or Weak Opinion Dynamics Signal,Mixed Culture,Accept Evaluation,71.48,Medium,Conflict type: No Major Conflict. Opinion dynamics pattern: Mixed or Weak Opinion Dynamics Signal. Power-distance risk is Low with score 29.73. Bias status: No Major Bias Detected. Final recommendation: Accept Evaluation.
E054,I05,small,P009,T09,E052,DevOps,5,80,3,5,64.18,65.02,Medium,Medium,2.933333333,Communication Development Required,Communication Improvement Needed,Moderate Collaboration Pattern,Strong Leadership Pattern,Moderate Learning Pattern,Stable Productivity Pattern,3.4,3.2,2.2,2.93,0.41,1,High Multi-Source Rating Disagreement; Possible Textual Subjectivity Bias,66.2,0.37,0.05,-0.2,-1.2,1,5.58,5.51,34.98,1,Manager-Subordinate Conflict; Bias-Linked Conflict,38.45,47,16.69,0,28.27,Low,Mixed or Weak Opinion Dynamics Signal,Mixed Culture,Accept with Monitoring,62.37,Medium,Conflict type: Manager-Subordinate Conflict; Bias-Linked Conflict. Opinion dynamics pattern: Mixed or Weak Opinion Dynamics Signal. Power-distance risk is Low with score 28.27. Bias status: High Multi-Source Rating Disagreement; Possible Textual Subjectivity Bias. Final recommendation: Accept with Monitoring.
E055,I05,small,P010,T10,,PM,8,120,4,3.8,72.77,71.02,Medium,Medium,2.666666667,Teamwork Development Required,Moderate Communication Pattern,Collaboration Support Needed,Emerging Leadership Pattern,Active Learning Pattern,Stable Productivity Pattern,2.8,2.2,3,2.67,0.17,1,Possible Textual Subjectivity Bias,64.65,0.79,0.04,-0.6,0.2,-0.8,19.37,19.44,31.1,1,Bias-Linked Conflict,48.86,44,19.52,0,32.98,Low,Mixed or Weak Opinion Dynamics Signal,Mixed Culture,Accept with Monitoring,63.38,Medium,Conflict type: Bias-Linked Conflict. Opinion dynamics pattern: Mixed or Weak Opinion Dynamics Signal. Power-distance risk is Low with score 32.98. Bias status: Possible Textual Subjectivity Bias. Final recommendation: Accept with Monitoring.
E056,I05,small,P010,T10,E055,SE,8,120,4,3.8,63.62,64.2,Medium,Medium,2.6,Teamwork Development Required,Clear and Responsive Communicator,Collaboration Support Needed,Low Leadership Visibility,Moderate Learning Pattern,Stable Productivity Pattern,2.6,2.6,2.6,2.6,0,1,Possible Textual Subjectivity Bias,84.35,0.48,0.05,0,0,0,11.62,11.62,15.81,0,Bias-Linked Conflict,46.97,50,13.19,0,30.9,Low,Healthy Consensus Pattern,Mixed Culture,Accept Evaluation,63.12,Medium,Conflict type: Bias-Linked Conflict. Opinion dynamics pattern: Healthy Consensus Pattern. Power-distance risk is Low with score 30.9. Bias status: Possible Textual Subjectivity Bias. Final recommendation: Accept Evaluation.
E057,I05,small,P010,T10,E055,SE,8,120,4,3.8,66.08,65.72,Medium,Medium,3.466666667,Teamwork Development Required,Moderate Communication Pattern,Collaboration Support Needed,Emerging Leadership Pattern,Low Learning Engagement,Stable Productivity Pattern,3.2,3.4,3.8,3.47,0.09,0,No Major Bias Detected,82.4,0.24,0.07,0.2,0.6,-0.4,-3.32,-3.25,11.45,0,No Major Conflict,39.02,50,20.45,2.86,30.55,Low,Healthy Consensus Pattern,Mixed Culture,Accept Evaluation,70.66,Medium,Conflict type: No Major Conflict. Opinion dynamics pattern: Healthy Consensus Pattern. Power-distance risk is Low with score 30.55. Bias status: No Major Bias Detected. Final recommendation: Accept Evaluation.
E058,I05,small,P010,T10,E055,QA,8,120,4,3.8,70.25,69.69,Medium,Medium,3.533333333,Communication Development Required,Communication Improvement Needed,Strong Team Collaboration Pattern,Low Leadership Visibility,Moderate Learning Pattern,Stable Productivity Pattern,3.8,3.6,3.2,3.53,0.09,0,No Major Bias Detected,83.5,0.22,0.05,-0.2,-0.6,0.4,-0.35,-0.42,9.99,0,No Major Conflict,38.4,50,9.28,0.96,26.2,Low,Healthy Consensus Pattern,Mixed Culture,Accept Evaluation,73.06,Medium,Conflict type: No Major Conflict. Opinion dynamics pattern: Healthy Consensus Pattern. Power-distance risk is Low with score 26.2. Bias status: No Major Bias Detected. Final recommendation: Accept Evaluation.
E059,I06,medium,P011,T11,,PM,18,350,8,2.4,67.78,67.22,Medium,Medium,3.733333333,Learning-Oriented Contributor,Moderate Communication Pattern,Moderate Collaboration Pattern,Low Leadership Visibility,Active Learning Pattern,Stable Productivity Pattern,3.2,3.8,4.2,3.73,0.25,0,No Major Bias Detected,74.05,0.18,0.06,0.6,1,-0.4,-6.82,-6.89,24.42,0,Manager-Subordinate Conflict,36.33,54,30.08,9.92,34.15,Low,Mixed or Weak Opinion Dynamics Signal,Mixed Culture,Accept with Monitoring,71.78,Medium,Conflict type: Manager-Subordinate Conflict. Opinion dynamics pattern: Mixed or Weak Opinion Dynamics Signal. Power-distance risk is Low with score 34.15. Bias status: No Major Bias Detected. Final recommendation: Accept with Monitoring.
E060,I06,medium,P011,T11,E059,SE,18,350,8,2.4,62.6,63.77,Medium,Medium,2.733333333,Communication Development Required,Communication Improvement Needed,Collaboration Support Needed,Emerging Leadership Pattern,Moderate Learning Pattern,Stable Productivity Pattern,2.4,2.8,3,2.73,0.09,1,Possible Textual Subjectivity Bias,72.45,0.51,0.08,0.4,0.6,-0.2,8,7.93,25.79,1,Bias-Linked Conflict,43.16,53,16.21,3.6,31.25,Low,Mixed or Weak Opinion Dynamics Signal,Mixed Culture,Accept with Monitoring,61.39,Medium,Conflict type: Bias-Linked Conflict. Opinion dynamics pattern: Mixed or Weak Opinion Dynamics Signal. Power-distance risk is Low with score 31.25. Bias status: Possible Textual Subjectivity Bias. Final recommendation: Accept with Monitoring.
E061,I06,medium,P011,T11,E059,SE,18,350,8,2.4,63.08,63.96,Medium,Medium,3.2,Communication Development Required,Communication Improvement Needed,Moderate Collaboration Pattern,Strong Leadership Pattern,Moderate Learning Pattern,Stable Productivity Pattern,3.2,3.4,3,3.2,0.04,1,Possible Textual Subjectivity Bias,77.35,0.54,0.09,0.2,-0.2,0.4,-0.92,-0.92,15.26,0,Bias-Linked Conflict,38.4,46,10.5,4.51,26.39,Low,Mixed or Weak Opinion Dynamics Signal,Mixed Culture,Accept Evaluation,66.3,Medium,Conflict type: Bias-Linked Conflict. Opinion dynamics pattern: Mixed or Weak Opinion Dynamics Signal. Power-distance risk is Low with score 26.39. Bias status: Possible Textual Subjectivity Bias. Final recommendation: Accept Evaluation.
E062,I06,medium,P011,T11,E059,SE,18,350,8,2.4,60.28,61.48,Medium,Medium,4,Balanced Contributor,Moderate Communication Pattern,Moderate Collaboration Pattern,Emerging Leadership Pattern,Moderate Learning Pattern,Stable Productivity Pattern,4,4.2,3.8,4,0.04,0,No Major Bias Detected,85.1,0.29,0.08,0.2,-0.2,0.4,-19.72,-19.72,14.66,0,No Major Conflict,38.4,46,19.21,14.85,30.47,Low,Healthy Consensus Pattern,Mixed Culture,Accept Evaluation,73.13,Medium,Conflict type: No Major Conflict. Opinion dynamics pattern: Healthy Consensus Pattern. Power-distance risk is Low with score 30.47. Bias status: No Major Bias Detected. Final recommendation: Accept Evaluation.
E063,I06,medium,P011,T11,E059,SE,18,350,8,2.4,68.37,69.04,Medium,Medium,3.866666667,Balanced Contributor,Moderate Communication Pattern,Moderate Collaboration Pattern,Strong Leadership Pattern,Low Learning Engagement,Stable Productivity Pattern,4,4,3.6,3.87,0.05,0,No Major Bias Detected,83.6,0.34,0.07,0,-0.4,0.4,-9.03,-8.96,9.5,0,No Major Conflict,40,48,16.24,6.4,29.52,Low,Healthy Consensus Pattern,Mixed Culture,Accept Evaluation,75.01,High,Conflict type: No Major Conflict. Opinion dynamics pattern: Healthy Consensus Pattern. Power-distance risk is Low with score 29.52. Bias status: No Major Bias Detected. Final recommendation: Accept Evaluation.
E064,I06,medium,P011,T11,E059,QA,18,350,8,2.4,65.32,65.7,Medium,Medium,2.8,Balanced Contributor,Moderate Communication Pattern,Moderate Collaboration Pattern,Strong Leadership Pattern,Moderate Learning Pattern,Stable Productivity Pattern,2.8,3.2,2.4,2.8,0.16,1,Possible Textual Subjectivity Bias,75.6,0.4,0.08,0.4,-0.4,0.8,9.32,9.32,25.86,1,Bias-Linked Conflict,39.99,42,14.54,3.6,27.74,Low,Mixed or Weak Opinion Dynamics Signal,Mixed Culture,Accept with Monitoring,63.65,Medium,Conflict type: Bias-Linked Conflict. Opinion dynamics pattern: Mixed or Weak Opinion Dynamics Signal. Power-distance risk is Low with score 27.74. Bias status: Possible Textual Subjectivity Bias. Final recommendation: Accept with Monitoring.
E065,I06,medium,P011,T11,E059,QA,18,350,8,2.4,64.68,64.76,Medium,Medium,4.133333333,Communication Development Required,Communication Improvement Needed,Moderate Collaboration Pattern,Strong Leadership Pattern,Active Learning Pattern,Stable Productivity Pattern,4.2,4,4.2,4.13,0.01,0,No Major Bias Detected,88.7,0.24,0.09,-0.2,0,-0.2,-17.92,-17.99,11.17,0,No Major Conflict,38.4,49,24.96,8.43,32.29,Low,Healthy Consensus Pattern,Mixed Culture,Accept Evaluation,76.67,High,Conflict type: No Major Conflict. Opinion dynamics pattern: Healthy Consensus Pattern. Power-distance risk is Low with score 32.29. Bias status: No Major Bias Detected. Final recommendation: Accept Evaluation.
E066,I06,medium,P011,T11,E059,DevOps,18,350,8,2.4,73.27,73.31,Medium,Medium,4.533333333,Balanced Contributor,Clear and Responsive Communicator,Moderate Collaboration Pattern,Strong Leadership Pattern,Moderate Learning Pattern,Stable Productivity Pattern,4.4,4.6,4.6,4.53,0.01,0,No Major Bias Detected,89.75,0.16,0.08,0.2,0.2,0,-17.33,-17.4,12.88,0,No Major Conflict,38.4,52,31.59,12.1,35.43,Moderate,Healthy Consensus Pattern,Mixed Culture,Accept Evaluation,83.51,High,Conflict type: No Major Conflict. Opinion dynamics pattern: Healthy Consensus Pattern. Power-distance risk is Moderate with score 35.43. Bias status: No Major Bias Detected. Final recommendation: Accept Evaluation.
E067,I06,medium,P012,T12,,PM,10,200,5,4,68.08,67.93,Medium,Medium,2.733333333,Communication Development Required,Communication Improvement Needed,Moderate Collaboration Pattern,Low Leadership Visibility,Active Learning Pattern,Stable Productivity Pattern,2.8,2.8,2.6,2.73,0.01,1,Possible Textual Subjectivity Bias,77.65,0.65,0.04,0,-0.2,0.2,13.48,13.41,18.93,0,Bias-Linked Conflict,47.25,49,14.39,0,31.29,Low,Mixed or Weak Opinion Dynamics Signal,Mixed Culture,Accept Evaluation,64.62,Medium,Conflict type: Bias-Linked Conflict. Opinion dynamics pattern: Mixed or Weak Opinion Dynamics Signal. Power-distance risk is Low with score 31.29. Bias status: Possible Textual Subjectivity Bias. Final recommendation: Accept Evaluation.
E068,I06,medium,P012,T12,E067,SE,10,200,5,4,79.43,74.04,High,Medium,3.066666667,Communication Development Required,Communication Improvement Needed,Moderate Collaboration Pattern,Strong Leadership Pattern,Moderate Learning Pattern,Stable Productivity Pattern,3.2,3.2,2.8,3.07,0.05,0,No Major Bias Detected,84.5,0.31,0.07,0,-0.4,0.4,18.03,18.1,14.03,0,No Major Conflict,49.26,48,9.14,0,30.1,Low,Healthy Consensus Pattern,Mixed Culture,Accept Evaluation,73.22,Medium,Conflict type: No Major Conflict. Opinion dynamics pattern: Healthy Consensus Pattern. Power-distance risk is Low with score 30.1. Bias status: No Major Bias Detected. Final recommendation: Accept Evaluation.
E069,I06,medium,P012,T12,E067,SE,10,200,5,4,69.62,68.19,Medium,Medium,3.6,Learning-Oriented Contributor,Clear and Responsive Communicator,Moderate Collaboration Pattern,Low Leadership Visibility,Active Learning Pattern,Stable Productivity Pattern,3.6,3.4,3.8,3.6,0.04,0,No Major Bias Detected,83.9,0.33,0.08,-0.2,0.2,-0.4,-2.38,-2.38,5.99,0,No Major Conflict,38.89,46,19.63,0,29.33,Low,Healthy Consensus Pattern,Mixed Culture,Accept Evaluation,73.43,Medium,Conflict type: No Major Conflict. Opinion dynamics pattern: Healthy Consensus Pattern. Power-distance risk is Low with score 29.33. Bias status: No Major Bias Detected. Final recommendation: Accept Evaluation.
E070,I06,medium,P012,T12,E067,QA,10,200,5,4,71.78,70.28,Medium,Medium,4.266666667,Learning-Oriented Contributor,Moderate Communication Pattern,Moderate Collaboration Pattern,Strong Leadership Pattern,Active Learning Pattern,Stable Productivity Pattern,4,4.4,4.4,4.27,0.05,0,No Major Bias Detected,84.95,0.18,0.08,0.4,0.4,0,-13.62,-13.55,15.8,0,No Major Conflict,36.8,54,29.77,12.52,34.49,Low,Healthy Consensus Pattern,Mixed Culture,Accept Evaluation,79.85,High,Conflict type: No Major Conflict. Opinion dynamics pattern: Healthy Consensus Pattern. Power-distance risk is Low with score 34.49. Bias status: No Major Bias Detected. Final recommendation: Accept Evaluation.
E071,I06,medium,P012,T12,E067,DevOps,10,200,5,4,70.62,70.93,Medium,Medium,3.733333333,Collaborative Leader,Communication Improvement Needed,Strong Team Collaboration Pattern,Strong Leadership Pattern,Active Learning Pattern,Stable Productivity Pattern,3.6,4,3.6,3.73,0.05,0,No Major Bias Detected,85.65,0.28,0.06,0.4,0,0.4,-3.98,-4.05,7,0,No Major Conflict,36.8,48,15.52,8.76,28.23,Low,Healthy Consensus Pattern,Mixed Culture,Accept Evaluation,75.23,High,Conflict type: No Major Conflict. Opinion dynamics pattern: Healthy Consensus Pattern. Power-distance risk is Low with score 28.23. Bias status: No Major Bias Detected. Final recommendation: Accept Evaluation.
E072,I07,large,P013,T13,,PM,22,480,9,2.4,72.98,71.73,Medium,Medium,2.133333333,Communication Development Required,Communication Improvement Needed,Collaboration Support Needed,Low Leadership Visibility,Active Learning Pattern,Stable Productivity Pattern,1.8,2.8,1.8,2.13,0.33,1,Possible Textual Subjectivity Bias,65.3,0.54,0.09,1,0,1,30.38,30.31,41.78,1,Performance-Appraisal Conflict; Manager-Peer Conflict; Behavior-Performance Conflict; Bias-Linked Conflict,48.19,45,23.86,9,35.28,Moderate,Mixed or Weak Opinion Dynamics Signal,Biased Evaluation Culture,Use Behavioral Risk Priority,59.31,Medium,Conflict type: Performance-Appraisal Conflict; Manager-Peer Conflict; Behavior-Performance Conflict; Bias-Linked Conflict. Opinion dynamics pattern: Mixed or Weak Opinion Dynamics Signal. Power-distance risk is Moderate with score 35.28. Bias status: Possible Textual Subjectivity Bias. Final recommendation: Use Behavioral Risk Priority.
E073,I07,large,P013,T13,E072,SE,22,480,9,2.4,69.83,69.8,Medium,Medium,3.333333333,Balanced Contributor,Moderate Communication Pattern,Moderate Collaboration Pattern,Low Leadership Visibility,Low Learning Engagement,Stable Productivity Pattern,3.2,3.2,3.6,3.33,0.05,1,Possible Textual Subjectivity Bias,81.75,0.36,0.12,0,0.4,-0.4,3.23,3.16,16.6,0,Bias-Linked Conflict,43.5,48,18.32,0,31.01,Low,Healthy Consensus Pattern,Biased Evaluation Culture,Accept Evaluation,70.94,Medium,Conflict type: Bias-Linked Conflict. Opinion dynamics pattern: Healthy Consensus Pattern. Power-distance risk is Low with score 31.01. Bias status: Possible Textual Subjectivity Bias. Final recommendation: Accept Evaluation.
E074,I07,large,P013,T13,E072,SE,22,480,9,2.4,67.5,66.91,Medium,Medium,2.133333333,Communication Development Required,Communication Improvement Needed,Collaboration Support Needed,Low Leadership Visibility,Moderate Learning Pattern,Stable Productivity Pattern,2.4,2,2,2.13,0.05,1,Possible Textual Subjectivity Bias,70.15,0.64,0.12,-0.4,-0.4,0,24.9,24.83,31.44,1,Performance-Appraisal Conflict; Behavior-Performance Conflict; Bias-Linked Conflict,50.9,54,22.16,0,36.22,Moderate,Manager Dominance / High Power-Distance Pattern,Biased Evaluation Culture,Accept with Monitoring,58.09,Medium,Conflict type: Performance-Appraisal Conflict; Behavior-Performance Conflict; Bias-Linked Conflict. Opinion dynamics pattern: Manager Dominance / High Power-Distance Pattern. Power-distance risk is Moderate with score 36.22. Bias status: Possible Textual Subjectivity Bias. Final recommendation: Accept with Monitoring.
E075,I07,large,P013,T13,E072,SE,22,480,9,2.4,65.23,65.1,Medium,Medium,4.266666667,Collaborative Leader,Moderate Communication Pattern,Strong Team Collaboration Pattern,Strong Leadership Pattern,Low Learning Engagement,Stable Productivity Pattern,4.4,4.2,4.2,4.27,0.01,0,No Major Bias Detected,86.65,0.23,0.12,-0.2,-0.2,0,-20.17,-20.1,14.27,0,Performance-Appraisal Conflict; Behavior-Performance Conflict,38.4,52,25.67,10.32,33.18,Low,Healthy Consensus Pattern,Biased Evaluation Culture,Accept Evaluation,77.57,High,Conflict type: Performance-Appraisal Conflict; Behavior-Performance Conflict. Opinion dynamics pattern: Healthy Consensus Pattern. Power-distance risk is Low with score 33.18. Bias status: No Major Bias Detected. Final recommendation: Accept Evaluation.
E076,I07,large,P013,T13,E072,SE,22,480,9,2.4,66.22,65.92,Medium,Medium,2.8,Communication Development Required,Communication Improvement Needed,Collaboration Support Needed,Emerging Leadership Pattern,Moderate Learning Pattern,Stable Productivity Pattern,2.6,3,2.8,2.8,0.04,1,Possible Textual Subjectivity Bias,69.3,0.73,0.12,0.4,0.2,0.2,10.22,10.22,21.91,0,Bias-Linked Conflict,42.93,51,16.74,3.6,31.04,Low,Mixed or Weak Opinion Dynamics Signal,Biased Evaluation Culture,Accept with Monitoring,62.75,Medium,Conflict type: Bias-Linked Conflict. Opinion dynamics pattern: Mixed or Weak Opinion Dynamics Signal. Power-distance risk is Low with score 31.04. Bias status: Possible Textual Subjectivity Bias. Final recommendation: Accept with Monitoring.
E077,I07,large,P013,T13,E072,QA,22,480,9,2.4,72.73,73.22,Medium,Medium,3.4,Collaborative Leader,Moderate Communication Pattern,Strong Team Collaboration Pattern,Strong Leadership Pattern,Low Learning Engagement,Stable Productivity Pattern,3.6,3.6,3,3.4,0.12,1,Possible Textual Subjectivity Bias,78.7,0.35,0.12,0,-0.6,0.6,4.73,4.73,20.76,0,Bias-Linked Conflict,40.44,47,8.31,0,26.13,Low,Mixed or Weak Opinion Dynamics Signal,Biased Evaluation Culture,Accept Evaluation,72.03,Medium,Conflict type: Bias-Linked Conflict. Opinion dynamics pattern: Mixed or Weak Opinion Dynamics Signal. Power-distance risk is Low with score 26.13. Bias status: Possible Textual Subjectivity Bias. Final recommendation: Accept Evaluation.
E078,I07,large,P013,T13,E072,QA,22,480,9,2.4,68.83,68.39,Medium,Medium,2.133333333,Communication Development Required,Communication Improvement Needed,Collaboration Support Needed,Low Leadership Visibility,Active Learning Pattern,Stable Productivity Pattern,2.2,2.2,2,2.13,0.01,1,Possible Textual Subjectivity Bias,78,0.58,0.11,0,-0.2,0.2,26.23,26.16,25.3,1,Performance-Appraisal Conflict; Behavior-Performance Conflict; Bias-Linked Conflict,54.9,49,19.41,0,36.1,Moderate,Manager Dominance / High Power-Distance Pattern,Biased Evaluation Culture,Use Behavioral Risk Priority,60.19,Medium,Conflict type: Performance-Appraisal Conflict; Behavior-Performance Conflict; Bias-Linked Conflict. Opinion dynamics pattern: Manager Dominance / High Power-Distance Pattern. Power-distance risk is Moderate with score 36.1. Bias status: Possible Textual Subjectivity Bias. Final recommendation: Use Behavioral Risk Priority.
E079,I07,large,P013,T13,E072,DevOps,22,480,9,2.4,61.15,63.35,Medium,Medium,2.266666667,Communication Development Required,Communication Improvement Needed,Moderate Collaboration Pattern,Low Leadership Visibility,Low Learning Engagement,Stable Productivity Pattern,2.4,2,2.4,2.27,0.05,1,Possible Textual Subjectivity Bias,73.35,0.64,0.12,-0.4,0,-0.4,15.75,15.82,22.89,0,Bias-Linked Conflict,47.09,48,19.9,0,33,Low,Mixed or Weak Opinion Dynamics Signal,Biased Evaluation Culture,Accept with Monitoring,57.27,Medium,Conflict type: Bias-Linked Conflict. Opinion dynamics pattern: Mixed or Weak Opinion Dynamics Signal. Power-distance risk is Low with score 33.0. Bias status: Possible Textual Subjectivity Bias. Final recommendation: Accept with Monitoring.
E080,I07,large,P014,T14,,PM,12,260,6,3.6,70.13,71.74,Medium,Medium,3.533333333,Collaborative Leader,Communication Improvement Needed,Strong Team Collaboration Pattern,Strong Leadership Pattern,Active Learning Pattern,Stable Productivity Pattern,4,3.8,2.8,3.53,0.41,1,High Multi-Source Rating Disagreement; Possible Textual Subjectivity Bias,64.9,0.43,0.03,-0.2,-1.2,1,-0.47,-0.54,32.45,1,Manager-Subordinate Conflict; Bias-Linked Conflict,38.4,47,12.28,3.23,27.03,Low,Mixed or Weak Opinion Dynamics Signal,Biased Evaluation Culture,Accept with Monitoring,69.29,Medium,Conflict type: Manager-Subordinate Conflict; Bias-Linked Conflict. Opinion dynamics pattern: Mixed or Weak Opinion Dynamics Signal. Power-distance risk is Low with score 27.03. Bias status: High Multi-Source Rating Disagreement; Possible Textual Subjectivity Bias. Final recommendation: Accept with Monitoring.
E081,I07,large,P014,T14,E080,SE,12,260,6,3.6,68.65,68.02,Medium,Medium,3,Teamwork Development Required,Moderate Communication Pattern,Collaboration Support Needed,Strong Leadership Pattern,Active Learning Pattern,Stable Productivity Pattern,2.6,3.2,3.2,3,0.12,0,No Major Bias Detected,78.95,0.24,0.05,0.6,0.6,0,8.65,8.65,18.73,0,No Major Conflict,41.59,56,15.15,5.4,30.88,Low,Mixed or Weak Opinion Dynamics Signal,Biased Evaluation Culture,Accept Evaluation,67.25,Medium,Conflict type: No Major Conflict. Opinion dynamics pattern: Mixed or Weak Opinion Dynamics Signal. Power-distance risk is Low with score 30.88. Bias status: No Major Bias Detected. Final recommendation: Accept Evaluation.
E082,I07,large,P014,T14,E080,SE,12,260,6,3.6,67.2,65.98,Medium,Medium,4.6,Collaborative Leader,Moderate Communication Pattern,Strong Team Collaboration Pattern,Strong Leadership Pattern,Active Learning Pattern,Stable Productivity Pattern,4.8,4.4,4.6,4.6,0.04,0,No Major Bias Detected,85.45,0.25,0.05,-0.4,-0.2,-0.2,-24.8,-24.8,19.2,0,Performance-Appraisal Conflict; Behavior-Performance Conflict,36.8,51,33.09,11.44,35.1,Moderate,Healthy Consensus Pattern,Biased Evaluation Culture,Accept Evaluation,80.77,High,Conflict type: Performance-Appraisal Conflict; Behavior-Performance Conflict. Opinion dynamics pattern: Healthy Consensus Pattern. Power-distance risk is Moderate with score 35.1. Bias status: No Major Bias Detected. Final recommendation: Accept Evaluation.
E083,I07,large,P014,T14,E080,SE,12,260,6,3.6,66.25,66.68,Medium,Medium,3.666666667,Balanced Contributor,Moderate Communication Pattern,Moderate Collaboration Pattern,Low Leadership Visibility,Moderate Learning Pattern,Stable Productivity Pattern,3.6,4.2,3.2,3.67,0.25,0,No Major Bias Detected,77,0.25,0.05,0.6,-0.4,1,-7.15,-7.08,18.56,0,No Major Conflict,35.2,41,11.55,15.16,25.79,Low,Mixed or Weak Opinion Dynamics Signal,Biased Evaluation Culture,Accept Evaluation,71.24,Medium,Conflict type: No Major Conflict. Opinion dynamics pattern: Mixed or Weak Opinion Dynamics Signal. Power-distance risk is Low with score 25.79. Bias status: No Major Bias Detected. Final recommendation: Accept Evaluation.
E084,I07,large,P014,T14,E080,QA,12,260,6,3.6,67.87,67.78,Medium,Medium,2.533333333,Teamwork Development Required,Moderate Communication Pattern,Collaboration Support Needed,Low Leadership Visibility,Active Learning Pattern,Stable Productivity Pattern,2.8,2.6,2.2,2.53,0.09,1,Possible Textual Subjectivity Bias,69.7,0.68,0.05,-0.2,-0.6,0.4,17.27,17.2,28.42,1,Bias-Linked Conflict,46.72,50,18.89,0,32.8,Low,Mixed or Weak Opinion Dynamics Signal,Biased Evaluation Culture,Accept with Monitoring,61.34,Medium,Conflict type: Bias-Linked Conflict. Opinion dynamics pattern: Mixed or Weak Opinion Dynamics Signal. Power-distance risk is Low with score 32.8. Bias status: Possible Textual Subjectivity Bias. Final recommendation: Accept with Monitoring.
E085,I07,large,P014,T14,E080,DevOps,12,260,6,3.6,65.38,65.52,Medium,Medium,3.266666667,Balanced Contributor,Moderate Communication Pattern,Moderate Collaboration Pattern,Low Leadership Visibility,Moderate Learning Pattern,Stable Productivity Pattern,2.6,3.2,4,3.27,0.49,1,High Multi-Source Rating Disagreement,61.15,0.32,0.04,0.6,1.4,-0.8,-0.02,0.05,39.82,1,Manager-Subordinate Conflict; Bias-Linked Conflict,39.63,52,33.1,5.4,35.78,Moderate,Mixed or Weak Opinion Dynamics Signal,Biased Evaluation Culture,Accept with Monitoring,64.53,Medium,Conflict type: Manager-Subordinate Conflict; Bias-Linked Conflict. Opinion dynamics pattern: Mixed or Weak Opinion Dynamics Signal. Power-distance risk is Moderate with score 35.78. Bias status: High Multi-Source Rating Disagreement. Final recommendation: Accept with Monitoring.
E086,I08,small,P015,T15,,PM,6,90,3,5,65.18,65.04,Medium,Medium,3.8,Learning-Oriented Contributor,Moderate Communication Pattern,Strong Team Collaboration Pattern,Emerging Leadership Pattern,Active Learning Pattern,Stable Productivity Pattern,3.8,4.2,3.4,3.8,0.16,0,No Major Bias Detected,82.55,0.21,0.03,0.4,-0.4,0.8,-10.82,-10.82,16.61,0,No Major Conflict,36.8,42,13.11,13.95,27,Low,Healthy Consensus Pattern,Biased Evaluation Culture,Accept Evaluation,72.98,Medium,Conflict type: No Major Conflict. Opinion dynamics pattern: Healthy Consensus Pattern. Power-distance risk is Low with score 27.0. Bias status: No Major Bias Detected. Final recommendation: Accept Evaluation.
E087,I08,small,P015,T15,E086,SE,6,90,3,5,71.1,69.95,Medium,Medium,3.2,Communication Development Required,Communication Improvement Needed,Moderate Collaboration Pattern,Emerging Leadership Pattern,Moderate Learning Pattern,Stable Productivity Pattern,2.8,3.4,3.4,3.2,0.12,0,No Major Bias Detected,76.55,0.32,0.05,0.6,0.6,0,7.1,7.1,17.95,0,No Major Conflict,40.66,56,17.78,5.4,31.43,Low,Mixed or Weak Opinion Dynamics Signal,Biased Evaluation Culture,Accept Evaluation,69.35,Medium,Conflict type: No Major Conflict. Opinion dynamics pattern: Mixed or Weak Opinion Dynamics Signal. Power-distance risk is Low with score 31.43. Bias status: No Major Bias Detected. Final recommendation: Accept Evaluation.
E088,I08,small,P015,T15,E086,DevOps,6,90,3,5,58.98,60.5,Medium,Medium,3.4,Communication Development Required,Communication Improvement Needed,Strong Team Collaboration Pattern,Low Leadership Visibility,Active Learning Pattern,Stable Productivity Pattern,3.6,3.2,3.4,3.4,0.04,0,No Major Bias Detected,85.65,0.26,0.03,-0.4,-0.2,-0.2,-9.02,-9.02,11.31,0,No Major Conflict,36.8,51,12.88,2.76,27.15,Low,Healthy Consensus Pattern,Biased Evaluation Culture,Accept Evaluation,67.92,Medium,Conflict type: No Major Conflict. Opinion dynamics pattern: Healthy Consensus Pattern. Power-distance risk is Low with score 27.15. Bias status: No Major Bias Detected. Final recommendation: Accept Evaluation.
E089,I08,small,P016,T16,,PM,9,140,4,3.9,65.27,66.01,Medium,Medium,3,Teamwork Development Required,Moderate Communication Pattern,Collaboration Support Needed,Low Leadership Visibility,Moderate Learning Pattern,Stable Productivity Pattern,3.2,3.2,2.6,3,0.12,1,Possible Textual Subjectivity Bias,77.8,0.43,0.06,0,-0.6,0.6,5.27,5.27,21.04,0,Bias-Linked Conflict,40.76,47,12.06,0,27.58,Low,Mixed or Weak Opinion Dynamics Signal,Biased Evaluation Culture,Accept Evaluation,65.67,Medium,Conflict type: Bias-Linked Conflict. Opinion dynamics pattern: Mixed or Weak Opinion Dynamics Signal. Power-distance risk is Low with score 27.58. Bias status: Possible Textual Subjectivity Bias. Final recommendation: Accept Evaluation.
E090,I08,small,P016,T16,E089,SE,9,140,4,3.9,58.23,59.74,Medium,Medium,3.133333333,Teamwork Development Required,Moderate Communication Pattern,Collaboration Support Needed,Strong Leadership Pattern,Low Learning Engagement,Stable Productivity Pattern,3,3.2,3.2,3.13,0.01,1,Possible Textual Subjectivity Bias,82.25,0.41,0.08,0.2,0.2,0,-4.37,-4.44,16.4,0,Bias-Linked Conflict,38.4,52,12.86,4.97,28.16,Low,Healthy Consensus Pattern,Biased Evaluation Culture,Accept Evaluation,64.8,Medium,Conflict type: Bias-Linked Conflict. Opinion dynamics pattern: Healthy Consensus Pattern. Power-distance risk is Low with score 28.16. Bias status: Possible Textual Subjectivity Bias. Final recommendation: Accept Evaluation.
E091,I08,small,P016,T16,E089,SE,9,140,4,3.9,66.25,65.77,Medium,Medium,3.333333333,Balanced Contributor,Moderate Communication Pattern,Moderate Collaboration Pattern,Low Leadership Visibility,Moderate Learning Pattern,Stable Productivity Pattern,3.2,3.2,3.6,3.33,0.05,0,No Major Bias Detected,88.4,0.18,0.07,0,0.4,-0.4,-0.35,-0.42,5.19,0,No Major Conflict,41.35,48,15.99,0,29.34,Low,Healthy Consensus Pattern,Biased Evaluation Culture,Accept Evaluation,70.84,Medium,Conflict type: No Major Conflict. Opinion dynamics pattern: Healthy Consensus Pattern. Power-distance risk is Low with score 29.34. Bias status: No Major Bias Detected. Final recommendation: Accept Evaluation.
E092,I08,small,P016,T16,E089,QA,9,140,4,3.9,66.75,66.14,Medium,Medium,2.6,Teamwork Development Required,Moderate Communication Pattern,Collaboration Support Needed,Low Leadership Visibility,Active Learning Pattern,Stable Productivity Pattern,2.8,2.6,2.4,2.6,0.04,1,Possible Textual Subjectivity Bias,69.45,0.75,0.09,-0.2,-0.4,0.2,14.75,14.75,24.17,0,Bias-Linked Conflict,46.05,51,18.41,0,32.51,Low,Mixed or Weak Opinion Dynamics Signal,Biased Evaluation Culture,Accept with Monitoring,61.39,Medium,Conflict type: Bias-Linked Conflict. Opinion dynamics pattern: Mixed or Weak Opinion Dynamics Signal. Power-distance risk is Low with score 32.51. Bias status: Possible Textual Subjectivity Bias. Final recommendation: Accept with Monitoring.
E093,I09,medium,P017,T17,,PM,15,280,7,2.7,67.38,67.35,Medium,Medium,3.933333333,Learning-Oriented Contributor,Clear and Responsive Communicator,Strong Team Collaboration Pattern,Low Leadership Visibility,Active Learning Pattern,Stable Productivity Pattern,3.8,4.2,3.8,3.93,0.05,1,Possible Textual Subjectivity Bias,81.05,0.45,0.04,0.4,0,0.4,-11.22,-11.29,20.62,0,Bias-Linked Conflict,36.8,48,20.63,12.74,30.41,Low,Healthy Consensus Pattern,Mixed Culture,Accept Evaluation,74.62,Medium,Conflict type: Bias-Linked Conflict. Opinion dynamics pattern: Healthy Consensus Pattern. Power-distance risk is Low with score 30.41. Bias status: Possible Textual Subjectivity Bias. Final recommendation: Accept Evaluation.
E094,I09,medium,P017,T17,E093,SE,15,280,7,2.7,67.25,67.31,Medium,Medium,3.733333333,Balanced Contributor,Moderate Communication Pattern,Moderate Collaboration Pattern,Strong Leadership Pattern,Low Learning Engagement,Stable Productivity Pattern,3.8,4,3.4,3.73,0.09,0,No Major Bias Detected,83.75,0.24,0.08,0.2,-0.4,0.6,-7.35,-7.42,11.49,0,No Major Conflict,38.4,45,12.69,8.81,27.43,Low,Healthy Consensus Pattern,Mixed Culture,Accept Evaluation,73.51,Medium,Conflict type: No Major Conflict. Opinion dynamics pattern: Healthy Consensus Pattern. Power-distance risk is Low with score 27.43. Bias status: No Major Bias Detected. Final recommendation: Accept Evaluation.
E095,I09,medium,P017,T17,E093,SE,15,280,7,2.7,62.47,62.28,Medium,Medium,3.733333333,Communication Development Required,Communication Improvement Needed,Strong Team Collaboration Pattern,Emerging Leadership Pattern,Moderate Learning Pattern,Stable Productivity Pattern,3.8,3.8,3.6,3.73,0.01,0,No Major Bias Detected,88.35,0.26,0.08,0,-0.2,0.2,-12.13,-12.2,8.28,0,No Major Conflict,40,49,14.58,7.44,29.2,Low,Healthy Consensus Pattern,Mixed Culture,Accept Evaluation,72.51,Medium,Conflict type: No Major Conflict. Opinion dynamics pattern: Healthy Consensus Pattern. Power-distance risk is Low with score 29.2. Bias status: No Major Bias Detected. Final recommendation: Accept Evaluation.
E096,I09,medium,P017,T17,E093,SE,15,280,7,2.7,69.42,68.64,Medium,Medium,4.066666667,Balanced Contributor,Clear and Responsive Communicator,Strong Team Collaboration Pattern,Low Leadership Visibility,Low Learning Engagement,Stable Productivity Pattern,3.8,4.2,4.2,4.07,0.05,0,No Major Bias Detected,83.1,0.25,0.07,0.4,0.4,0,-11.98,-11.91,14.98,0,No Major Conflict,36.8,54,26.92,11.62,33.4,Low,Healthy Consensus Pattern,Mixed Culture,Accept Evaluation,76.93,High,Conflict type: No Major Conflict. Opinion dynamics pattern: Healthy Consensus Pattern. Power-distance risk is Low with score 33.4. Bias status: No Major Bias Detected. Final recommendation: Accept Evaluation.
E097,I09,medium,P017,T17,E093,QA,15,280,7,2.7,68.27,66.45,Medium,Medium,3.466666667,Communication Development Required,Communication Improvement Needed,Moderate Collaboration Pattern,Strong Leadership Pattern,Active Learning Pattern,Stable Productivity Pattern,3.2,4,3.2,3.47,0.21,0,No Major Bias Detected,80.4,0.19,0.09,0.8,0,0.8,-1.13,-1.06,12.75,0,Manager-Peer Conflict,34.88,46,10.65,13.65,25.94,Low,Healthy Consensus Pattern,Mixed Culture,Accept Evaluation,71.13,Medium,Conflict type: Manager-Peer Conflict. Opinion dynamics pattern: Healthy Consensus Pattern. Power-distance risk is Low with score 25.94. Bias status: No Major Bias Detected. Final recommendation: Accept Evaluation.
E098,I09,medium,P017,T17,E093,QA,15,280,7,2.7,75.35,72.41,High,Medium,3.133333333,Teamwork Development Required,Moderate Communication Pattern,Collaboration Support Needed,Low Leadership Visibility,Moderate Learning Pattern,Stable Productivity Pattern,3.4,2.8,3.2,3.13,0.09,0,No Major Bias Detected,81.5,0.27,0.07,-0.6,-0.2,-0.4,12.75,12.68,16.16,0,No Major Conflict,43.21,50,13.12,0,29.38,Low,Healthy Consensus Pattern,Mixed Culture,Accept Evaluation,71.5,Medium,Conflict type: No Major Conflict. Opinion dynamics pattern: Healthy Consensus Pattern. Power-distance risk is Low with score 29.38. Bias status: No Major Bias Detected. Final recommendation: Accept Evaluation.
E099,I09,medium,P017,T17,E093,DevOps,15,280,7,2.7,58.97,60.3,Medium,Medium,3.266666667,Teamwork Development Required,Moderate Communication Pattern,Collaboration Support Needed,Low Leadership Visibility,Active Learning Pattern,Stable Productivity Pattern,3.2,3.2,3.4,3.27,0.01,0,No Major Bias Detected,90.75,0.18,0.08,0,0.2,-0.2,-6.43,-6.36,5.4,0,No Major Conflict,40,49,12.24,2.77,27.91,Low,Healthy Consensus Pattern,Mixed Culture,Accept Evaluation,67.88,Medium,Conflict type: No Major Conflict. Opinion dynamics pattern: Healthy Consensus Pattern. Power-distance risk is Low with score 27.91. Bias status: No Major Bias Detected. Final recommendation: Accept Evaluation.
E100,I09,medium,P018,T18,,PM,7,130,4,4.6,71.4,70.64,Medium,Medium,2.066666667,Teamwork Development Required,Moderate Communication Pattern,Collaboration Support Needed,Low Leadership Visibility,Low Learning Engagement,Stable Productivity Pattern,2.2,2,2,2.07,0.01,1,Possible Textual Subjectivity Bias,77,0.61,0.05,-0.2,-0.2,0,30,30.07,29.21,1,Performance-Appraisal Conflict; Behavior-Performance Conflict; Bias-Linked Conflict,56.04,52,20.34,0,37.34,Moderate,Manager Dominance / High Power-Distance Pattern,Mixed Culture,Use Behavioral Risk Priority,60.5,Medium,Conflict type: Performance-Appraisal Conflict; Behavior-Performance Conflict; Bias-Linked Conflict. Opinion dynamics pattern: Manager Dominance / High Power-Distance Pattern. Power-distance risk is Moderate with score 37.34. Bias status: Possible Textual Subjectivity Bias. Final recommendation: Use Behavioral Risk Priority.
E101,I09,medium,P018,T18,E100,SE,7,130,4,4.6,71.78,71.67,Medium,Medium,3.066666667,Teamwork Development Required,Moderate Communication Pattern,Collaboration Support Needed,Low Leadership Visibility,Moderate Learning Pattern,Stable Productivity Pattern,3.6,3.2,2.4,3.07,0.37,1,High Multi-Source Rating Disagreement; Possible Textual Subjectivity Bias,62.3,0.48,0.05,-0.4,-1.2,0.8,10.38,10.45,38.6,1,Manager-Subordinate Conflict; Bias-Linked Conflict,39.13,50,16.91,0,29.07,Low,Mixed or Weak Opinion Dynamics Signal,Mixed Culture,Accept with Monitoring,65.72,Medium,Conflict type: Manager-Subordinate Conflict; Bias-Linked Conflict. Opinion dynamics pattern: Mixed or Weak Opinion Dynamics Signal. Power-distance risk is Low with score 29.07. Bias status: High Multi-Source Rating Disagreement; Possible Textual Subjectivity Bias. Final recommendation: Accept with Monitoring.
E102,I09,medium,P018,T18,E100,SE,7,130,4,4.6,72.65,71.57,Medium,Medium,3.133333333,Teamwork Development Required,Moderate Communication Pattern,Collaboration Support Needed,Strong Leadership Pattern,Active Learning Pattern,Stable Productivity Pattern,2.8,4,2.6,3.13,0.57,1,High Multi-Source Rating Disagreement; Possible Textual Subjectivity Bias,60.7,0.42,0.05,1.2,-0.2,1.4,10.05,9.98,40.41,1,Manager-Peer Conflict; Bias-Linked Conflict,35.4,41,16.9,14.84,27.71,Low,Mixed or Weak Opinion Dynamics Signal,Mixed Culture,Accept with Monitoring,66.26,Medium,Conflict type: Manager-Peer Conflict; Bias-Linked Conflict. Opinion dynamics pattern: Mixed or Weak Opinion Dynamics Signal. Power-distance risk is Low with score 27.71. Bias status: High Multi-Source Rating Disagreement; Possible Textual Subjectivity Bias. Final recommendation: Accept with Monitoring.
E103,I09,medium,P018,T18,E100,QA,7,130,4,4.6,67.03,67.13,Medium,Medium,4.066666667,Collaborative Leader,Moderate Communication Pattern,Strong Team Collaboration Pattern,Strong Leadership Pattern,Moderate Learning Pattern,Stable Productivity Pattern,4.2,4.4,3.6,4.07,0.17,0,No Major Bias Detected,83,0.17,0.05,0.2,-0.6,0.8,-14.37,-14.3,18.57,0,No Major Conflict,38.4,44,16.45,13.33,29.05,Low,Healthy Consensus Pattern,Mixed Culture,Accept Evaluation,75.96,High,Conflict type: No Major Conflict. Opinion dynamics pattern: Healthy Consensus Pattern. Power-distance risk is Low with score 29.05. Bias status: No Major Bias Detected. Final recommendation: Accept Evaluation.
E104,I10,large,P019,T19,,PM,20,400,8,2.5,67.87,67.27,Medium,Medium,2.4,Teamwork Development Required,Moderate Communication Pattern,Collaboration Support Needed,Low Leadership Visibility,Moderate Learning Pattern,Stable Productivity Pattern,2,2.8,2.4,2.4,0.16,1,Possible Textual Subjectivity Bias,64.9,0.7,0.02,0.8,0.4,0.4,19.87,19.87,35.14,1,Manager-Peer Conflict; Bias-Linked Conflict,45.52,52,21.71,7.2,34.33,Low,Mixed or Weak Opinion Dynamics Signal,Biased Evaluation Culture,Accept with Monitoring,59.33,Medium,Conflict type: Manager-Peer Conflict; Bias-Linked Conflict. Opinion dynamics pattern: Mixed or Weak Opinion Dynamics Signal. Power-distance risk is Low with score 34.33. Bias status: Possible Textual Subjectivity Bias. Final recommendation: Accept with Monitoring.
E105,I10,large,P019,T19,E104,SE,20,400,8,2.5,58.33,63.45,Medium,Medium,3.866666667,Communication Development Required,Communication Improvement Needed,Strong Team Collaboration Pattern,Emerging Leadership Pattern,Active Learning Pattern,Stable Productivity Pattern,4.2,3.6,3.8,3.87,0.09,0,No Major Bias Detected,84.2,0.16,0.03,-0.6,-0.4,-0.2,-19.07,-19,21.32,0,No Major Conflict,35.2,53,19.53,7.52,29.62,Low,Healthy Consensus Pattern,Biased Evaluation Culture,Accept Evaluation,71.12,Medium,Conflict type: No Major Conflict. Opinion dynamics pattern: Healthy Consensus Pattern. Power-distance risk is Low with score 29.62. Bias status: No Major Bias Detected. Final recommendation: Accept Evaluation.
E106,I10,large,P019,T19,E104,SE,20,400,8,2.5,72.67,72.97,Medium,Medium,3.6,Collaborative Leader,Communication Improvement Needed,Strong Team Collaboration Pattern,Strong Leadership Pattern,Active Learning Pattern,Stable Productivity Pattern,3.8,3.4,3.6,3.6,0.04,1,Possible Textual Subjectivity Bias,80.9,0.41,0.04,-0.4,-0.2,-0.2,0.67,0.67,17.13,0,Bias-Linked Conflict,38.2,51,17.18,0,28.94,Low,Healthy Consensus Pattern,Biased Evaluation Culture,Accept Evaluation,74.05,Medium,Conflict type: Bias-Linked Conflict. Opinion dynamics pattern: Healthy Consensus Pattern. Power-distance risk is Low with score 28.94. Bias status: Possible Textual Subjectivity Bias. Final recommendation: Accept Evaluation.
E107,I10,large,P019,T19,E104,SE,20,400,8,2.5,64.13,64.18,Medium,Medium,3.8,Teamwork Development Required,Moderate Communication Pattern,Collaboration Support Needed,Strong Leadership Pattern,Moderate Learning Pattern,Stable Productivity Pattern,3.4,4.2,3.8,3.8,0.16,0,No Major Bias Detected,81.15,0.15,0.03,0.8,0.4,0.4,-11.87,-11.87,21.14,0,Manager-Peer Conflict,33.6,52,20.6,18.13,30.26,Low,Healthy Consensus Pattern,Biased Evaluation Culture,Accept Evaluation,72.28,Medium,Conflict type: Manager-Peer Conflict. Opinion dynamics pattern: Healthy Consensus Pattern. Power-distance risk is Low with score 30.26. Bias status: No Major Bias Detected. Final recommendation: Accept Evaluation.
E108,I10,large,P019,T19,E104,SE,20,400,8,2.5,70.95,71.38,Medium,Medium,2.666666667,Teamwork Development Required,Moderate Communication Pattern,Collaboration Support Needed,Low Leadership Visibility,Moderate Learning Pattern,Stable Productivity Pattern,2.6,3,2.4,2.67,0.09,1,Possible Textual Subjectivity Bias,73,0.64,0.03,0.4,-0.2,0.6,17.55,17.62,26.59,1,Bias-Linked Conflict,45.77,45,16.59,3.6,31.22,Low,Mixed or Weak Opinion Dynamics Signal,Biased Evaluation Culture,Accept with Monitoring,64.32,Medium,Conflict type: Bias-Linked Conflict. Opinion dynamics pattern: Mixed or Weak Opinion Dynamics Signal. Power-distance risk is Low with score 31.22. Bias status: Possible Textual Subjectivity Bias. Final recommendation: Accept with Monitoring.
E109,I10,large,P019,T19,E104,QA,20,400,8,2.5,61.28,62.19,Medium,Medium,3.533333333,Learning-Oriented Contributor,Moderate Communication Pattern,Moderate Collaboration Pattern,Low Leadership Visibility,Active Learning Pattern,Stable Productivity Pattern,3.4,3.4,3.8,3.53,0.05,0,No Major Bias Detected,87.3,0.25,0.03,0,0.4,-0.4,-9.32,-9.39,9.67,0,No Major Conflict,40,48,18.44,3.7,30.02,Low,Healthy Consensus Pattern,Biased Evaluation Culture,Accept Evaluation,70.23,Medium,Conflict type: No Major Conflict. Opinion dynamics pattern: Healthy Consensus Pattern. Power-distance risk is Low with score 30.02. Bias status: No Major Bias Detected. Final recommendation: Accept Evaluation.
E110,I10,large,P019,T19,E104,QA,20,400,8,2.5,64.93,65.43,Medium,Medium,3.6,Communication Development Required,Communication Improvement Needed,Moderate Collaboration Pattern,Strong Leadership Pattern,Moderate Learning Pattern,Stable Productivity Pattern,3.6,3.6,3.6,3.6,0,1,Possible Textual Subjectivity Bias,87.6,0.38,0.04,0,0,0,-7.07,-7.07,13.54,0,Bias-Linked Conflict,40,50,14.84,3.89,29.08,Low,Healthy Consensus Pattern,Biased Evaluation Culture,Accept Evaluation,72.29,Medium,Conflict type: Bias-Linked Conflict. Opinion dynamics pattern: Healthy Consensus Pattern. Power-distance risk is Low with score 29.08. Bias status: Possible Textual Subjectivity Bias. Final recommendation: Accept Evaluation.
E111,I10,large,P019,T19,E104,DevOps,20,400,8,2.5,68.85,68.25,Medium,Medium,2.8,Learning-Oriented Contributor,Moderate Communication Pattern,Moderate Collaboration Pattern,Low Leadership Visibility,Active Learning Pattern,Stable Productivity Pattern,2.8,3,2.6,2.8,0.04,1,Possible Textual Subjectivity Bias,79.5,0.51,0.04,0.2,-0.2,0.4,12.85,12.85,21.22,0,Bias-Linked Conflict,44.91,46,13.17,1.8,29.65,Low,Mixed or Weak Opinion Dynamics Signal,Biased Evaluation Culture,Accept Evaluation,65.84,Medium,Conflict type: Bias-Linked Conflict. Opinion dynamics pattern: Mixed or Weak Opinion Dynamics Signal. Power-distance risk is Low with score 29.65. Bias status: Possible Textual Subjectivity Bias. Final recommendation: Accept Evaluation.
E112,I10,large,P020,T20,,PM,11,210,5,3.8,64.03,65.13,Medium,Medium,2.933333333,Communication Development Required,Communication Improvement Needed,Strong Team Collaboration Pattern,Low Leadership Visibility,Low Learning Engagement,Stable Productivity Pattern,3.2,3,2.6,2.93,0.09,1,Possible Textual Subjectivity Bias,76.9,0.44,0.05,-0.2,-0.6,0.4,5.43,5.36,22.5,0,Bias-Linked Conflict,39.62,50,12.94,0,27.88,Low,Mixed or Weak Opinion Dynamics Signal,Biased Evaluation Culture,Accept Evaluation,64.45,Medium,Conflict type: Bias-Linked Conflict. Opinion dynamics pattern: Mixed or Weak Opinion Dynamics Signal. Power-distance risk is Low with score 27.88. Bias status: Possible Textual Subjectivity Bias. Final recommendation: Accept Evaluation.
E113,I10,large,P020,T20,E112,SE,11,210,5,3.8,64.12,64.04,Medium,Medium,3.666666667,Balanced Contributor,Moderate Communication Pattern,Strong Team Collaboration Pattern,Emerging Leadership Pattern,Moderate Learning Pattern,Stable Productivity Pattern,3.8,3.8,3.4,3.67,0.05,1,Possible Textual Subjectivity Bias,81.8,0.4,0.07,0,-0.4,0.4,-9.28,-9.21,19.63,0,Bias-Linked Conflict,40,48,13.37,6.53,28.53,Low,Healthy Consensus Pattern,Biased Evaluation Culture,Accept Evaluation,71.35,Medium,Conflict type: Bias-Linked Conflict. Opinion dynamics pattern: Healthy Consensus Pattern. Power-distance risk is Low with score 28.53. Bias status: Possible Textual Subjectivity Bias. Final recommendation: Accept Evaluation.
E114,I10,large,P020,T20,E112,SE,11,210,5,3.8,74.97,73.11,Medium,Medium,3,Teamwork Development Required,Moderate Communication Pattern,Collaboration Support Needed,Emerging Leadership Pattern,Moderate Learning Pattern,Stable Productivity Pattern,3.4,3,2.6,3,0.16,1,Possible Textual Subjectivity Bias,67.2,0.59,0.06,-0.4,-0.8,0.4,14.97,14.97,32.68,1,Manager-Subordinate Conflict; Bias-Linked Conflict,43.38,52,15.77,0,30.67,Low,Mixed or Weak Opinion Dynamics Signal,Biased Evaluation Culture,Accept with Monitoring,67.43,Medium,Conflict type: Manager-Subordinate Conflict; Bias-Linked Conflict. Opinion dynamics pattern: Mixed or Weak Opinion Dynamics Signal. Power-distance risk is Low with score 30.67. Bias status: Possible Textual Subjectivity Bias. Final recommendation: Accept with Monitoring.
E115,I10,large,P020,T20,E112,QA,11,210,5,3.8,62.27,64.44,Medium,Medium,2.866666667,Communication Development Required,Communication Improvement Needed,Collaboration Support Needed,Emerging Leadership Pattern,Moderate Learning Pattern,Stable Productivity Pattern,2.6,2.6,3.4,2.87,0.21,1,Possible Textual Subjectivity Bias,69.45,0.58,0.06,0,0.8,-0.8,4.87,4.94,24.65,0,Manager-Subordinate Conflict; Bias-Linked Conflict,46.16,46,23.12,0,33.46,Low,Mixed or Weak Opinion Dynamics Signal,Biased Evaluation Culture,Accept with Monitoring,61.74,Medium,Conflict type: Manager-Subordinate Conflict; Bias-Linked Conflict. Opinion dynamics pattern: Mixed or Weak Opinion Dynamics Signal. Power-distance risk is Low with score 33.46. Bias status: Possible Textual Subjectivity Bias. Final recommendation: Accept with Monitoring.
E116,I10,large,P020,T20,E112,DevOps,11,210,5,3.8,68.37,70.16,Medium,Medium,3.066666667,Balanced Contributor,Clear and Responsive Communicator,Moderate Collaboration Pattern,Low Leadership Visibility,Moderate Learning Pattern,Stable Productivity Pattern,3,3.6,2.6,3.07,0.25,0,No Major Bias Detected,77.35,0.23,0.06,0.6,-0.4,1,6.97,7.04,18.5,0,No Major Conflict,37.71,41,11.64,7.4,26.05,Low,Mixed or Weak Opinion Dynamics Signal,Biased Evaluation Culture,Accept Evaluation,67.36,Medium,Conflict type: No Major Conflict. Opinion dynamics pattern: Mixed or Weak Opinion Dynamics Signal. Power-distance risk is Low with score 26.05. Bias status: No Major Bias Detected. Final recommendation: Accept Evaluation.
E117,I07,large,P021,T21,,PM,14,250,6,2.9,75.13,74.49,High,Medium,3.2,Teamwork Development Required,Moderate Communication Pattern,Collaboration Support Needed,Emerging Leadership Pattern,Low Learning Engagement,Stable Productivity Pattern,3,2.8,3.8,3.2,0.28,1,Possible Textual Subjectivity Bias,70.05,0.44,0.07,-0.2,0.8,-1,11.13,11.13,31.16,1,Manager-Subordinate Conflict; Bias-Linked Conflict,48.68,43,27.05,0,35.39,Moderate,Mixed or Weak Opinion Dynamics Signal,Biased Evaluation Culture,Accept with Monitoring,69.66,Medium,Conflict type: Manager-Subordinate Conflict; Bias-Linked Conflict. Opinion dynamics pattern: Mixed or Weak Opinion Dynamics Signal. Power-distance risk is Moderate with score 35.39. Bias status: Possible Textual Subjectivity Bias. Final recommendation: Accept with Monitoring.
E118,I07,large,P021,T21,E117,SE,14,250,6,2.9,72.3,69.49,Medium,Medium,2.733333333,Communication Development Required,Communication Improvement Needed,Collaboration Support Needed,Strong Leadership Pattern,Moderate Learning Pattern,Stable Productivity Pattern,2.6,3,2.6,2.73,0.05,1,Possible Textual Subjectivity Bias,78.25,0.51,0.08,0.4,0,0.4,17.7,17.63,23.84,0,Bias-Linked Conflict,46.58,48,14.18,3.6,31.15,Low,Mixed or Weak Opinion Dynamics Signal,Biased Evaluation Culture,Accept Evaluation,66.43,Medium,Conflict type: Bias-Linked Conflict. Opinion dynamics pattern: Mixed or Weak Opinion Dynamics Signal. Power-distance risk is Low with score 31.15. Bias status: Possible Textual Subjectivity Bias. Final recommendation: Accept Evaluation.
E119,I07,large,P021,T21,E117,SE,14,250,6,2.9,72.87,71.8,Medium,Medium,2.8,Teamwork Development Required,Moderate Communication Pattern,Collaboration Support Needed,Low Leadership Visibility,Low Learning Engagement,Stable Productivity Pattern,3.2,2.6,2.6,2.8,0.12,1,Possible Textual Subjectivity Bias,74.4,0.35,0.1,-0.6,-0.6,0,16.87,16.87,32.84,1,Bias-Linked Conflict,44.12,56,14.96,0,31.28,Low,Mixed or Weak Opinion Dynamics Signal,Biased Evaluation Culture,Accept with Monitoring,66.43,Medium,Conflict type: Bias-Linked Conflict. Opinion dynamics pattern: Mixed or Weak Opinion Dynamics Signal. Power-distance risk is Low with score 31.28. Bias status: Possible Textual Subjectivity Bias. Final recommendation: Accept with Monitoring.
E120,I07,large,P021,T21,E117,SE,14,250,6,2.9,65.42,66.51,Medium,Medium,2.866666667,Learning-Oriented Contributor,Moderate Communication Pattern,Moderate Collaboration Pattern,Emerging Leadership Pattern,Active Learning Pattern,Stable Productivity Pattern,3,3,2.6,2.87,0.05,1,Possible Textual Subjectivity Bias,75.25,0.61,0.08,0,-0.4,0.4,8.02,8.09,19.02,0,Bias-Linked Conflict,43.25,48,14.09,0,29.43,Low,Mixed or Weak Opinion Dynamics Signal,Biased Evaluation Culture,Accept Evaluation,64.16,Medium,Conflict type: Bias-Linked Conflict. Opinion dynamics pattern: Mixed or Weak Opinion Dynamics Signal. Power-distance risk is Low with score 29.43. Bias status: Possible Textual Subjectivity Bias. Final recommendation: Accept Evaluation.
E121,I07,large,P021,T21,E117,QA,14,250,6,2.9,63.98,64.4,Medium,Medium,3.333333333,Communication Development Required,Communication Improvement Needed,Moderate Collaboration Pattern,Strong Leadership Pattern,Moderate Learning Pattern,Stable Productivity Pattern,3.6,3,3.4,3.33,0.09,1,Possible Textual Subjectivity Bias,72.55,0.56,0.08,-0.6,-0.2,-0.4,-2.62,-2.69,21.12,0,Bias-Linked Conflict,36.39,50,18.04,0,28.37,Low,Mixed or Weak Opinion Dynamics Signal,Biased Evaluation Culture,Accept with Monitoring,66.76,Medium,Conflict type: Bias-Linked Conflict. Opinion dynamics pattern: Mixed or Weak Opinion Dynamics Signal. Power-distance risk is Low with score 28.37. Bias status: Possible Textual Subjectivity Bias. Final recommendation: Accept with Monitoring.
E122,I07,large,P021,T21,E117,DevOps,14,250,6,2.9,66.3,66.02,Medium,Medium,3.133333333,Balanced Contributor,Moderate Communication Pattern,Moderate Collaboration Pattern,Low Leadership Visibility,Moderate Learning Pattern,Stable Productivity Pattern,3.2,2.6,3.6,3.13,0.25,0,No Major Bias Detected,74.15,0.32,0.08,-0.6,0.4,-1,3.7,3.63,16.84,0,No Major Conflict,40.18,41,22.69,0,30.16,Low,Mixed or Weak Opinion Dynamics Signal,Biased Evaluation Culture,Accept with Monitoring,66.41,Medium,Conflict type: No Major Conflict. Opinion dynamics pattern: Mixed or Weak Opinion Dynamics Signal. Power-distance risk is Low with score 30.16. Bias status: No Major Bias Detected. Final recommendation: Accept with Monitoring.
E123,I06,medium,P022,T22,,PM,18,360,7,2.8,65.27,65.24,Medium,Medium,3.733333333,Learning-Oriented Contributor,Moderate Communication Pattern,Moderate Collaboration Pattern,Low Leadership Visibility,Active Learning Pattern,Stable Productivity Pattern,3.8,3.6,3.8,3.73,0.01,0,No Major Bias Detected,89.4,0.25,0.05,-0.2,0,-0.2,-9.33,-9.4,6.88,0,No Major Conflict,38.4,49,17.71,3.7,29.28,Low,Healthy Consensus Pattern,Mixed Culture,Accept Evaluation,73.84,Medium,Conflict type: No Major Conflict. Opinion dynamics pattern: Healthy Consensus Pattern. Power-distance risk is Low with score 29.28. Bias status: No Major Bias Detected. Final recommendation: Accept Evaluation.
E124,I06,medium,P022,T22,E123,SE,18,360,7,2.8,69.53,69.44,Medium,Medium,3.733333333,Balanced Contributor,Moderate Communication Pattern,Strong Team Collaboration Pattern,Emerging Leadership Pattern,Low Learning Engagement,Stable Productivity Pattern,3.6,4,3.6,3.73,0.05,1,Possible Textual Subjectivity Bias,81.5,0.41,0.07,0.4,0,0.4,-5.07,-5.14,17.55,0,Bias-Linked Conflict,36.8,48,16.98,9.36,28.8,Low,Healthy Consensus Pattern,Mixed Culture,Accept Evaluation,73.97,Medium,Conflict type: Bias-Linked Conflict. Opinion dynamics pattern: Healthy Consensus Pattern. Power-distance risk is Low with score 28.8. Bias status: Possible Textual Subjectivity Bias. Final recommendation: Accept Evaluation.
E125,I06,medium,P022,T22,E123,SE,18,360,7,2.8,59.63,64.5,Medium,Medium,3.133333333,Teamwork Development Required,Clear and Responsive Communicator,Collaboration Support Needed,Strong Leadership Pattern,Low Learning Engagement,Stable Productivity Pattern,3.6,2.6,3.2,3.13,0.25,0,No Major Bias Detected,73.6,0.24,0.07,-1,-0.4,-0.6,-2.97,-3.04,20.5,0,Manager-Peer Conflict,34.29,51,15.88,0,26.92,Low,Mixed or Weak Opinion Dynamics Signal,Mixed Culture,Accept with Monitoring,63.63,Medium,Conflict type: Manager-Peer Conflict. Opinion dynamics pattern: Mixed or Weak Opinion Dynamics Signal. Power-distance risk is Low with score 26.92. Bias status: No Major Bias Detected. Final recommendation: Accept with Monitoring.
E126,I06,medium,P022,T22,E123,SE,18,360,7,2.8,67.5,67.72,Medium,Medium,2.666666667,Teamwork Development Required,Moderate Communication Pattern,Collaboration Support Needed,Low Leadership Visibility,Active Learning Pattern,Stable Productivity Pattern,2,3,3,2.67,0.33,1,Possible Manager Underrating Bias; Possible Textual Subjectivity Bias,55,0.65,0.05,1,1,0,14.1,14.17,43.66,1,Manager-Peer Conflict; Manager-Subordinate Conflict; Bias-Linked Conflict,42.5,60,22.89,9,34.91,Low,Mixed or Weak Opinion Dynamics Signal,Mixed Culture,Request HR Review,60.34,Medium,Conflict type: Manager-Peer Conflict; Manager-Subordinate Conflict; Bias-Linked Conflict. Opinion dynamics pattern: Mixed or Weak Opinion Dynamics Signal. Power-distance risk is Low with score 34.91. Bias status: Possible Manager Underrating Bias; Possible Textual Subjectivity Bias. Final recommendation: Request HR Review.
E127,I06,medium,P022,T22,E123,QA,18,360,7,2.8,69.12,69.33,Medium,Medium,2.4,Communication Development Required,Communication Improvement Needed,Collaboration Support Needed,Low Leadership Visibility,Moderate Learning Pattern,Stable Productivity Pattern,2,2.4,2.8,2.4,0.16,1,Possible Textual Subjectivity Bias,69,0.53,0.06,0.4,0.8,-0.4,21.12,21.12,35.76,1,Performance-Appraisal Conflict; Manager-Subordinate Conflict; Behavior-Performance Conflict; Bias-Linked Conflict,51.87,52,20.28,3.6,36.01,Moderate,Manager Dominance / High Power-Distance Pattern,Mixed Culture,Accept with Monitoring,60.65,Medium,Conflict type: Performance-Appraisal Conflict; Manager-Subordinate Conflict; Behavior-Performance Conflict; Bias-Linked Conflict. Opinion dynamics pattern: Manager Dominance / High Power-Distance Pattern. Power-distance risk is Moderate with score 36.01. Bias status: Possible Textual Subjectivity Bias. Final recommendation: Accept with Monitoring.
E128,I06,medium,P022,T22,E123,QA,18,360,7,2.8,67.55,65.86,Medium,Medium,3.333333333,Communication Development Required,Communication Improvement Needed,Moderate Collaboration Pattern,Strong Leadership Pattern,Moderate Learning Pattern,Stable Productivity Pattern,3.8,3,3.2,3.33,0.17,0,No Major Bias Detected,74.7,0.27,0.07,-0.8,-0.6,-0.2,0.95,0.88,17.86,0,Manager-Peer Conflict,35.86,55,13.78,0,27.42,Low,Mixed or Weak Opinion Dynamics Signal,Mixed Culture,Accept with Monitoring,68.62,Medium,Conflict type: Manager-Peer Conflict. Opinion dynamics pattern: Mixed or Weak Opinion Dynamics Signal. Power-distance risk is Low with score 27.42. Bias status: No Major Bias Detected. Final recommendation: Accept with Monitoring.
E129,I06,medium,P022,T22,E123,DevOps,18,360,7,2.8,69.57,69.33,Medium,Medium,3.066666667,Communication Development Required,Communication Improvement Needed,Collaboration Support Needed,Low Leadership Visibility,Active Learning Pattern,Stable Productivity Pattern,3.4,2.8,3,3.07,0.09,1,Possible Textual Subjectivity Bias,74.15,0.47,0.06,-0.6,-0.4,-0.2,8.17,8.24,25.9,1,Bias-Linked Conflict,39.74,53,12.76,0,28.31,Low,Mixed or Weak Opinion Dynamics Signal,Mixed Culture,Accept with Monitoring,67.2,Medium,Conflict type: Bias-Linked Conflict. Opinion dynamics pattern: Mixed or Weak Opinion Dynamics Signal. Power-distance risk is Low with score 28.31. Bias status: Possible Textual Subjectivity Bias. Final recommendation: Accept with Monitoring.
E130,I09,medium,P023,T23,,PM,10,200,5,4,73.72,72.19,Medium,Medium,3.2,Learning-Oriented Contributor,Moderate Communication Pattern,Moderate Collaboration Pattern,Low Leadership Visibility,Active Learning Pattern,Stable Productivity Pattern,3.6,2.6,3.4,3.2,0.28,1,Possible Textual Subjectivity Bias,70.95,0.39,0.03,-1,-0.2,-0.8,9.72,9.72,32.46,1,Manager-Peer Conflict; Bias-Linked Conflict,39.03,48,19.74,0,29.72,Low,Mixed or Weak Opinion Dynamics Signal,Mixed Culture,Accept with Monitoring,69.28,Medium,Conflict type: Manager-Peer Conflict; Bias-Linked Conflict. Opinion dynamics pattern: Mixed or Weak Opinion Dynamics Signal. Power-distance risk is Low with score 29.72. Bias status: Possible Textual Subjectivity Bias. Final recommendation: Accept with Monitoring.
E131,I09,medium,P023,T23,E130,SE,10,200,5,4,65.7,65.73,Medium,Medium,3.066666667,Communication Development Required,Communication Improvement Needed,Collaboration Support Needed,Strong Leadership Pattern,Moderate Learning Pattern,Stable Productivity Pattern,3.2,3.2,2.8,3.07,0.05,0,No Major Bias Detected,88,0.21,0.05,0,-0.4,0.4,4.3,4.37,7.16,0,No Major Conflict,41.02,48,7.91,0,26.38,Low,Healthy Consensus Pattern,Mixed Culture,Accept Evaluation,68.42,Medium,Conflict type: No Major Conflict. Opinion dynamics pattern: Healthy Consensus Pattern. Power-distance risk is Low with score 26.38. Bias status: No Major Bias Detected. Final recommendation: Accept Evaluation.
E132,I09,medium,P023,T23,E130,SE,10,200,5,4,67.2,66.2,Medium,Medium,3.2,Communication Development Required,Communication Improvement Needed,Moderate Collaboration Pattern,Low Leadership Visibility,Low Learning Engagement,Stable Productivity Pattern,3.4,3.2,3,3.2,0.04,0,No Major Bias Detected,83.7,0.3,0.06,-0.2,-0.4,0.2,3.2,3.2,8.4,0,No Major Conflict,39.36,51,8.28,0,26.29,Low,Healthy Consensus Pattern,Mixed Culture,Accept Evaluation,69.22,Medium,Conflict type: No Major Conflict. Opinion dynamics pattern: Healthy Consensus Pattern. Power-distance risk is Low with score 26.29. Bias status: No Major Bias Detected. Final recommendation: Accept Evaluation.
E133,I09,medium,P023,T23,E130,QA,10,200,5,4,66.08,66.59,Medium,Medium,3.733333333,Collaborative Leader,Moderate Communication Pattern,Strong Team Collaboration Pattern,Strong Leadership Pattern,Moderate Learning Pattern,Stable Productivity Pattern,3.4,4.2,3.6,3.73,0.17,0,No Major Bias Detected,79.05,0.24,0.06,0.8,0.2,0.6,-8.52,-8.59,17.67,0,Manager-Peer Conflict,33.6,49,17.83,17.06,28.74,Low,Mixed or Weak Opinion Dynamics Signal,Mixed Culture,Accept Evaluation,72.1,Medium,Conflict type: Manager-Peer Conflict. Opinion dynamics pattern: Mixed or Weak Opinion Dynamics Signal. Power-distance risk is Low with score 28.74. Bias status: No Major Bias Detected. Final recommendation: Accept Evaluation.
E134,I09,medium,P023,T23,E130,DevOps,10,200,5,4,66.25,66.02,Medium,Medium,4,Balanced Contributor,Clear and Responsive Communicator,Moderate Collaboration Pattern,Emerging Leadership Pattern,Moderate Learning Pattern,Stable Productivity Pattern,3.8,4.2,4,4,0.04,0,No Major Bias Detected,84.9,0.26,0.06,0.4,0.2,0.2,-13.75,-13.75,13.68,0,No Major Conflict,36.8,51,22.78,13.36,31.68,Low,Healthy Consensus Pattern,Mixed Culture,Accept Evaluation,75.48,High,Conflict type: No Major Conflict. Opinion dynamics pattern: Healthy Consensus Pattern. Power-distance risk is Low with score 31.68. Bias status: No Major Bias Detected. Final recommendation: Accept Evaluation.
E135,I05,small,P024,T24,,PM,8,120,4,3.7,65.57,65.45,Medium,Medium,3.466666667,Learning-Oriented Contributor,Moderate Communication Pattern,Moderate Collaboration Pattern,Emerging Leadership Pattern,Active Learning Pattern,Stable Productivity Pattern,3.4,3.2,3.8,3.47,0.09,0,No Major Bias Detected,87.1,0.17,0.03,-0.2,0.4,-0.6,-3.83,-3.76,9.7,0,No Major Conflict,38.87,45,18.8,0,28.88,Low,Healthy Consensus Pattern,Mixed Culture,Accept Evaluation,71.39,Medium,Conflict type: No Major Conflict. Opinion dynamics pattern: Healthy Consensus Pattern. Power-distance risk is Low with score 28.88. Bias status: No Major Bias Detected. Final recommendation: Accept Evaluation.
E136,I05,small,P024,T24,E135,SE,8,120,4,3.7,62.57,64.73,Medium,Medium,2.666666667,Communication Development Required,Communication Improvement Needed,Moderate Collaboration Pattern,Low Leadership Visibility,Active Learning Pattern,Stable Productivity Pattern,2.8,2.4,2.8,2.67,0.05,1,Possible Textual Subjectivity Bias,77.75,0.56,0.04,-0.4,0,-0.4,9.17,9.24,19.6,0,Bias-Linked Conflict,43.14,48,14.93,0,29.68,Low,Mixed or Weak Opinion Dynamics Signal,Mixed Culture,Accept Evaluation,61.92,Medium,Conflict type: Bias-Linked Conflict. Opinion dynamics pattern: Mixed or Weak Opinion Dynamics Signal. Power-distance risk is Low with score 29.68. Bias status: Possible Textual Subjectivity Bias. Final recommendation: Accept Evaluation.
E137,I05,small,P024,T24,E135,SE,8,120,4,3.7,71.23,70.47,Medium,Medium,3.4,Collaborative Leader,Communication Improvement Needed,Strong Team Collaboration Pattern,Strong Leadership Pattern,Low Learning Engagement,Stable Productivity Pattern,3.2,3.2,3.8,3.4,0.12,0,No Major Bias Detected,86.75,0.14,0.05,0,0.6,-0.6,3.23,3.23,10.02,0,No Major Conflict,44.34,47,19.49,0,31.61,Low,Healthy Consensus Pattern,Mixed Culture,Accept Evaluation,73.04,Medium,Conflict type: No Major Conflict. Opinion dynamics pattern: Healthy Consensus Pattern. Power-distance risk is Low with score 31.61. Bias status: No Major Bias Detected. Final recommendation: Accept Evaluation.
E138,I05,small,P024,T24,E135,QA,8,120,4,3.7,62.53,63.03,Medium,Medium,4.333333333,Collaborative Leader,Moderate Communication Pattern,Strong Team Collaboration Pattern,Strong Leadership Pattern,Moderate Learning Pattern,Stable Productivity Pattern,4.4,4.2,4.4,4.33,0.01,0,No Major Bias Detected,93.05,0.12,0.06,-0.2,0,-0.2,-24.07,-24.14,14.25,0,Performance-Appraisal Conflict; Behavior-Performance Conflict,38.4,49,26.93,11.81,33.32,Low,Healthy Consensus Pattern,Mixed Culture,Accept Evaluation,78.28,High,Conflict type: Performance-Appraisal Conflict; Behavior-Performance Conflict. Opinion dynamics pattern: Healthy Consensus Pattern. Power-distance risk is Low with score 33.32. Bias status: No Major Bias Detected. Final recommendation: Accept Evaluation.
E139,I01,large,P025,T25,,PM,12,260,5,4.3,71.03,69.58,Medium,Medium,2.866666667,Communication Development Required,Communication Improvement Needed,Moderate Collaboration Pattern,Low Leadership Visibility,Active Learning Pattern,Stable Productivity Pattern,2.4,3.2,3,2.87,0.17,1,Possible Textual Subjectivity Bias,65.9,0.58,0.05,0.8,0.6,0.2,13.63,13.7,34.23,1,Manager-Peer Conflict; Bias-Linked Conflict,42.62,55,17.36,7.2,32.09,Low,Mixed or Weak Opinion Dynamics Signal,Mixed Culture,Accept with Monitoring,64.54,Medium,Conflict type: Manager-Peer Conflict; Bias-Linked Conflict. Opinion dynamics pattern: Mixed or Weak Opinion Dynamics Signal. Power-distance risk is Low with score 32.09. Bias status: Possible Textual Subjectivity Bias. Final recommendation: Accept with Monitoring.
E140,I01,large,P025,T25,E139,SE,12,260,5,4.3,58.85,59.8,Medium,Medium,3.733333333,Learning-Oriented Contributor,Moderate Communication Pattern,Moderate Collaboration Pattern,Strong Leadership Pattern,Active Learning Pattern,Stable Productivity Pattern,3.4,3.6,4.2,3.73,0.17,0,No Major Bias Detected,78.8,0.24,0.07,0.2,0.8,-0.6,-15.75,-15.82,21.29,0,Manager-Subordinate Conflict,38.4,49,28.42,9.03,33.56,Low,Mixed or Weak Opinion Dynamics Signal,Mixed Culture,Accept Evaluation,69.16,Medium,Conflict type: Manager-Subordinate Conflict. Opinion dynamics pattern: Mixed or Weak Opinion Dynamics Signal. Power-distance risk is Low with score 33.56. Bias status: No Major Bias Detected. Final recommendation: Accept Evaluation.
E141,I01,large,P025,T25,E139,SE,12,260,5,4.3,66.83,67.6,Medium,Medium,2.933333333,Teamwork Development Required,Moderate Communication Pattern,Collaboration Support Needed,Emerging Leadership Pattern,Moderate Learning Pattern,Stable Productivity Pattern,3.4,3,2.4,2.93,0.25,1,Possible Textual Subjectivity Bias,58.3,0.75,0.07,-0.4,-1,0.6,8.23,8.16,33.1,1,Manager-Subordinate Conflict; Bias-Linked Conflict,38.85,51,19.45,0,30,Low,Mixed or Weak Opinion Dynamics Signal,Mixed Culture,Request HR Review,59.85,Medium,Conflict type: Manager-Subordinate Conflict; Bias-Linked Conflict. Opinion dynamics pattern: Mixed or Weak Opinion Dynamics Signal. Power-distance risk is Low with score 30.0. Bias status: Possible Textual Subjectivity Bias. Final recommendation: Request HR Review.
E142,I01,large,P025,T25,E139,QA,12,260,5,4.3,65.47,71.46,Medium,Medium,2.6,Balanced Contributor,Moderate Communication Pattern,Moderate Collaboration Pattern,Low Leadership Visibility,Moderate Learning Pattern,Stable Productivity Pattern,3,2.2,2.6,2.6,0.16,1,Possible Textual Subjectivity Bias,63.9,0.7,0.06,-0.8,-0.4,-0.4,13.47,13.47,31.94,1,Manager-Peer Conflict; Bias-Linked Conflict,41.68,52,20.35,0,31.59,Low,Mixed or Weak Opinion Dynamics Signal,Mixed Culture,Accept with Monitoring,59.77,Medium,Conflict type: Manager-Peer Conflict; Bias-Linked Conflict. Opinion dynamics pattern: Mixed or Weak Opinion Dynamics Signal. Power-distance risk is Low with score 31.59. Bias status: Possible Textual Subjectivity Bias. Final recommendation: Accept with Monitoring.
E143,I01,large,P025,T25,E139,DevOps,12,260,5,4.3,72.02,71.73,Medium,Medium,3.333333333,Balanced Contributor,Moderate Communication Pattern,Strong Team Collaboration Pattern,Low Leadership Visibility,Moderate Learning Pattern,Stable Productivity Pattern,3.4,3.2,3.4,3.33,0.01,0,No Major Bias Detected,88.5,0.28,0.05,-0.2,0,-0.2,5.42,5.35,4.9,0,No Major Conflict,42.01,49,12.45,0,28.51,Low,Healthy Consensus Pattern,Mixed Culture,Accept Evaluation,73.16,Medium,Conflict type: No Major Conflict. Opinion dynamics pattern: Healthy Consensus Pattern. Power-distance risk is Low with score 28.51. Bias status: No Major Bias Detected. Final recommendation: Accept Evaluation.
E144,I08,small,P026,T26,,PM,9,140,5,3.1,62.2,63.36,Medium,Medium,3.6,Communication Development Required,Communication Improvement Needed,Moderate Collaboration Pattern,Strong Leadership Pattern,Moderate Learning Pattern,Stable Productivity Pattern,3.6,3.6,3.6,3.6,0,0,No Major Bias Detected,95.05,0.14,0.03,0,0,0,-9.8,-9.8,4.9,0,No Major Conflict,40,50,12.23,5.39,28.32,Low,Healthy Consensus Pattern,Biased Evaluation Culture,Accept Evaluation,72.69,Medium,Conflict type: No Major Conflict. Opinion dynamics pattern: Healthy Consensus Pattern. Power-distance risk is Low with score 28.32. Bias status: No Major Bias Detected. Final recommendation: Accept Evaluation.
E145,I08,small,P026,T26,E144,SE,9,140,5,3.1,64.25,62.21,Medium,Medium,2.4,Teamwork Development Required,Clear and Responsive Communicator,Collaboration Support Needed,Low Leadership Visibility,Active Learning Pattern,Stable Productivity Pattern,2.8,2.2,2.2,2.4,0.12,1,Possible Textual Subjectivity Bias,72.15,0.45,0.07,-0.6,-0.6,0,16.25,16.25,32.52,1,Bias-Linked Conflict,43.75,56,19.18,0,32.61,Low,Mixed or Weak Opinion Dynamics Signal,Biased Evaluation Culture,Accept with Monitoring,59.33,Medium,Conflict type: Bias-Linked Conflict. Opinion dynamics pattern: Mixed or Weak Opinion Dynamics Signal. Power-distance risk is Low with score 32.61. Bias status: Possible Textual Subjectivity Bias. Final recommendation: Accept with Monitoring.
E146,I08,small,P026,T26,E144,SE,9,140,5,3.1,65.67,65.77,Medium,Medium,3.2,Communication Development Required,Communication Improvement Needed,Moderate Collaboration Pattern,Low Leadership Visibility,Moderate Learning Pattern,Stable Productivity Pattern,3.6,3,3,3.2,0.12,1,Possible Textual Subjectivity Bias,72.15,0.45,0.07,-0.6,-0.6,0,1.67,1.67,25.24,1,Bias-Linked Conflict,36.9,56,12.32,0,27.47,Low,Mixed or Weak Opinion Dynamics Signal,Biased Evaluation Culture,Accept with Monitoring,66.3,Medium,Conflict type: Bias-Linked Conflict. Opinion dynamics pattern: Mixed or Weak Opinion Dynamics Signal. Power-distance risk is Low with score 27.47. Bias status: Possible Textual Subjectivity Bias. Final recommendation: Accept with Monitoring.
E147,I08,small,P026,T26,E144,QA,9,140,5,3.1,55.73,57.72,Medium,Medium,3.8,Balanced Contributor,Moderate Communication Pattern,Moderate Collaboration Pattern,Strong Leadership Pattern,Low Learning Engagement,Stable Productivity Pattern,3.2,4,4.2,3.8,0.28,1,Possible Manager Underrating Bias; Possible Textual Subjectivity Bias,65.95,0.38,0.05,0.8,1,-0.2,-20.27,-20.27,43.74,1,Performance-Appraisal Conflict; Manager-Peer Conflict; Manager-Subordinate Conflict; Behavior-Performance Conflict; Bias-Linked Conflict,33.6,57,32.92,20.55,35.57,Moderate,Mixed or Weak Opinion Dynamics Signal,Biased Evaluation Culture,Adjust Manager Weight,68.88,Medium,Conflict type: Performance-Appraisal Conflict; Manager-Peer Conflict; Manager-Subordinate Conflict; Behavior-Performance Conflict; Bias-Linked Conflict. Opinion dynamics pattern: Mixed or Weak Opinion Dynamics Signal. Power-distance risk is Moderate with score 35.57. Bias status: Possible Manager Underrating Bias; Possible Textual Subjectivity Bias. Final recommendation: Adjust Manager Weight.
E148,I08,small,P026,T26,E144,DevOps,9,140,5,3.1,68.87,68.48,Medium,Medium,2.866666667,Teamwork Development Required,Moderate Communication Pattern,Collaboration Support Needed,Low Leadership Visibility,Active Learning Pattern,Stable Productivity Pattern,2.8,3,2.8,2.87,0.01,1,Possible Textual Subjectivity Bias,80.5,0.53,0.07,0.2,0,0.2,11.47,11.54,17.95,0,Bias-Linked Conflict,44.92,49,12.25,1.8,29.79,Low,Healthy Consensus Pattern,Biased Evaluation Culture,Accept Evaluation,66.59,Medium,Conflict type: Bias-Linked Conflict. Opinion dynamics pattern: Healthy Consensus Pattern. Power-distance risk is Low with score 29.79. Bias status: Possible Textual Subjectivity Bias. Final recommendation: Accept Evaluation.
E149,I01,large,P027,T27,,PM,15,290,7,2.7,62.82,67.74,Medium,Medium,2.6,Communication Development Required,Communication Improvement Needed,Collaboration Support Needed,Emerging Leadership Pattern,Moderate Learning Pattern,Stable Productivity Pattern,2.4,3,2.4,2.6,0.12,1,Possible Textual Subjectivity Bias,78.9,0.41,0.04,0.6,0,0.6,10.82,10.82,23.81,0,Bias-Linked Conflict,40.49,47,15.1,5.4,29.07,Low,Mixed or Weak Opinion Dynamics Signal,Mixed Culture,Accept Evaluation,61.71,Medium,Conflict type: Bias-Linked Conflict. Opinion dynamics pattern: Mixed or Weak Opinion Dynamics Signal. Power-distance risk is Low with score 29.07. Bias status: Possible Textual Subjectivity Bias. Final recommendation: Accept Evaluation.
E150,I01,large,P027,T27,E149,SE,15,290,7,2.7,73.7,72.82,Medium,Medium,3.4,Learning-Oriented Contributor,Moderate Communication Pattern,Moderate Collaboration Pattern,Emerging Leadership Pattern,Active Learning Pattern,Stable Productivity Pattern,3.2,3.4,3.6,3.4,0.04,0,No Major Bias Detected,86.85,0.22,0.03,0.2,0.4,-0.2,5.7,5.7,9.65,0,No Major Conflict,43.02,51,15.96,1.8,30.62,Low,Healthy Consensus Pattern,Mixed Culture,Accept Evaluation,74.05,Medium,Conflict type: No Major Conflict. Opinion dynamics pattern: Healthy Consensus Pattern. Power-distance risk is Low with score 30.62. Bias status: No Major Bias Detected. Final recommendation: Accept Evaluation.
E151,I01,large,P027,T27,E149,SE,15,290,7,2.7,65.48,66.93,Medium,Medium,3.666666667,Teamwork Development Required,Moderate Communication Pattern,Collaboration Support Needed,Low Leadership Visibility,Active Learning Pattern,Stable Productivity Pattern,3.6,3.8,3.6,3.67,0.01,0,No Major Bias Detected,93.85,0.11,0.04,0.2,0,0.2,-7.92,-7.85,6.15,0,No Major Conflict,38.4,49,12.65,7.59,27.9,Low,Healthy Consensus Pattern,Mixed Culture,Accept Evaluation,74.31,Medium,Conflict type: No Major Conflict. Opinion dynamics pattern: Healthy Consensus Pattern. Power-distance risk is Low with score 27.9. Bias status: No Major Bias Detected. Final recommendation: Accept Evaluation.
E152,I01,large,P027,T27,E149,SE,15,290,7,2.7,73.03,72.83,Medium,Medium,3.666666667,Balanced Contributor,Moderate Communication Pattern,Moderate Collaboration Pattern,Emerging Leadership Pattern,Moderate Learning Pattern,Stable Productivity Pattern,3.6,3.8,3.6,3.67,0.01,1,Possible Textual Subjectivity Bias,86.3,0.37,0.03,0.2,0,0.2,-0.37,-0.3,12.37,0,Bias-Linked Conflict,38.71,49,15.3,3.43,28.53,Low,Healthy Consensus Pattern,Mixed Culture,Accept Evaluation,75.82,High,Conflict type: Bias-Linked Conflict. Opinion dynamics pattern: Healthy Consensus Pattern. Power-distance risk is Low with score 28.53. Bias status: Possible Textual Subjectivity Bias. Final recommendation: Accept Evaluation.
E153,I01,large,P027,T27,E149,QA,15,290,7,2.7,65.63,67.59,Medium,Medium,2.4,Communication Development Required,Communication Improvement Needed,Moderate Collaboration Pattern,Low Leadership Visibility,Active Learning Pattern,Stable Productivity Pattern,2,2.8,2.4,2.4,0.16,1,Possible Textual Subjectivity Bias,69.25,0.53,0.05,0.8,0.4,0.4,17.63,17.63,34.02,1,Manager-Peer Conflict; Bias-Linked Conflict,44.18,52,20.19,7.2,33.26,Low,Mixed or Weak Opinion Dynamics Signal,Mixed Culture,Accept with Monitoring,59.3,Medium,Conflict type: Manager-Peer Conflict; Bias-Linked Conflict. Opinion dynamics pattern: Mixed or Weak Opinion Dynamics Signal. Power-distance risk is Low with score 33.26. Bias status: Possible Textual Subjectivity Bias. Final recommendation: Accept with Monitoring.
E154,I01,large,P027,T27,E149,QA,15,290,7,2.7,71.67,72.06,Medium,Medium,3.333333333,Teamwork Development Required,Moderate Communication Pattern,Collaboration Support Needed,Emerging Leadership Pattern,Active Learning Pattern,Stable Productivity Pattern,3.2,3,3.8,3.33,0.17,1,Possible Textual Subjectivity Bias,71.8,0.56,0.03,-0.2,0.6,-0.8,5.07,5,23.92,0,Bias-Linked Conflict,44.2,44,25.3,0,33.14,Low,Mixed or Weak Opinion Dynamics Signal,Mixed Culture,Accept with Monitoring,69.68,Medium,Conflict type: Bias-Linked Conflict. Opinion dynamics pattern: Mixed or Weak Opinion Dynamics Signal. Power-distance risk is Low with score 33.14. Bias status: Possible Textual Subjectivity Bias. Final recommendation: Accept with Monitoring.
E155,I01,large,P027,T27,E149,DevOps,15,290,7,2.7,62.02,62.44,Medium,Medium,3.333333333,Balanced Contributor,Moderate Communication Pattern,Moderate Collaboration Pattern,Emerging Leadership Pattern,Moderate Learning Pattern,Stable Productivity Pattern,3.2,3.2,3.6,3.33,0.05,0,No Major Bias Detected,86.7,0.27,0.03,0,0.4,-0.4,-4.58,-4.65,7.3,0,No Major Conflict,40,48,16.58,1.09,29.11,Low,Healthy Consensus Pattern,Mixed Culture,Accept Evaluation,68.8,Medium,Conflict type: No Major Conflict. Opinion dynamics pattern: Healthy Consensus Pattern. Power-distance risk is Low with score 29.11. Bias status: No Major Bias Detected. Final recommendation: Accept Evaluation.
E156,I10,large,P028,T28,,PM,20,460,8,2.8,69.02,68.32,Medium,Medium,3.733333333,Teamwork Development Required,Moderate Communication Pattern,Collaboration Support Needed,Strong Leadership Pattern,Moderate Learning Pattern,Stable Productivity Pattern,3.2,4.4,3.6,3.73,0.37,1,High Multi-Source Rating Disagreement,72.1,0.17,0.03,1.2,0.4,0.8,-5.58,-5.65,36.2,1,Manager-Peer Conflict; Bias-Linked Conflict,31.91,50,20.27,21.24,29.48,Low,Mixed or Weak Opinion Dynamics Signal,Biased Evaluation Culture,Accept with Monitoring,71.88,Medium,Conflict type: Manager-Peer Conflict; Bias-Linked Conflict. Opinion dynamics pattern: Mixed or Weak Opinion Dynamics Signal. Power-distance risk is Low with score 29.48. Bias status: High Multi-Source Rating Disagreement. Final recommendation: Accept with Monitoring.
E157,I10,large,P028,T28,E156,SE,20,460,8,2.8,71.13,71.59,Medium,Medium,3.266666667,Learning-Oriented Contributor,Clear and Responsive Communicator,Moderate Collaboration Pattern,Low Leadership Visibility,Active Learning Pattern,Stable Productivity Pattern,3.4,3.2,3.2,3.27,0.01,0,No Major Bias Detected,87.45,0.27,0.04,-0.2,-0.2,0,5.73,5.8,7.08,0,No Major Conflict,41.48,52,9.89,0,27.85,Low,Healthy Consensus Pattern,Biased Evaluation Culture,Accept Evaluation,72.09,Medium,Conflict type: No Major Conflict. Opinion dynamics pattern: Healthy Consensus Pattern. Power-distance risk is Low with score 27.85. Bias status: No Major Bias Detected. Final recommendation: Accept Evaluation.
E158,I10,large,P028,T28,E156,SE,20,460,8,2.8,69.67,68.67,Medium,Medium,3.6,Communication Development Required,Communication Improvement Needed,Strong Team Collaboration Pattern,Emerging Leadership Pattern,Moderate Learning Pattern,Stable Productivity Pattern,3.4,3.8,3.6,3.6,0.04,0,No Major Bias Detected,85,0.29,0.02,0.4,0.2,0.2,-2.33,-2.33,7.96,0,No Major Conflict,37.3,51,15.75,7.08,28.79,Low,Healthy Consensus Pattern,Biased Evaluation Culture,Accept Evaluation,73.67,Medium,Conflict type: No Major Conflict. Opinion dynamics pattern: Healthy Consensus Pattern. Power-distance risk is Low with score 28.79. Bias status: No Major Bias Detected. Final recommendation: Accept Evaluation.
E159,I10,large,P028,T28,E156,SE,20,460,8,2.8,68.37,68.23,Medium,Medium,4.066666667,Balanced Contributor,Clear and Responsive Communicator,Strong Team Collaboration Pattern,Emerging Leadership Pattern,Moderate Learning Pattern,Stable Productivity Pattern,4.4,4,3.8,4.07,0.09,0,No Major Bias Detected,87.15,0.07,0.02,-0.4,-0.6,0.2,-13.03,-12.96,18.3,0,No Major Conflict,36.8,53,18.5,6.4,29.78,Low,Healthy Consensus Pattern,Biased Evaluation Culture,Accept Evaluation,77.32,High,Conflict type: No Major Conflict. Opinion dynamics pattern: Healthy Consensus Pattern. Power-distance risk is Low with score 29.78. Bias status: No Major Bias Detected. Final recommendation: Accept Evaluation.
E160,I10,large,P028,T28,E156,SE,20,460,8,2.8,66.73,66.65,Medium,Medium,2.8,Teamwork Development Required,Clear and Responsive Communicator,Collaboration Support Needed,Low Leadership Visibility,Active Learning Pattern,Stable Productivity Pattern,2.6,3.2,2.6,2.8,0.12,1,Possible Textual Subjectivity Bias,78.5,0.44,0.02,0.6,0,0.6,10.73,10.73,23.76,0,Bias-Linked Conflict,40.44,47,13.52,5.4,28.5,Low,Mixed or Weak Opinion Dynamics Signal,Biased Evaluation Culture,Accept Evaluation,64.79,Medium,Conflict type: Bias-Linked Conflict. Opinion dynamics pattern: Mixed or Weak Opinion Dynamics Signal. Power-distance risk is Low with score 28.5. Bias status: Possible Textual Subjectivity Bias. Final recommendation: Accept Evaluation.
E161,I10,large,P028,T28,E156,QA,20,460,8,2.8,68.22,68.48,Medium,Medium,3,Teamwork Development Required,Moderate Communication Pattern,Collaboration Support Needed,Low Leadership Visibility,Active Learning Pattern,Stable Productivity Pattern,2.6,3.4,3,3,0.16,1,Possible Textual Subjectivity Bias,68.25,0.58,0.03,0.8,0.4,0.4,8.22,8.22,29.31,1,Manager-Peer Conflict; Bias-Linked Conflict,38.53,52,15.4,7.2,29.32,Low,Mixed or Weak Opinion Dynamics Signal,Biased Evaluation Culture,Accept with Monitoring,64.94,Medium,Conflict type: Manager-Peer Conflict; Bias-Linked Conflict. Opinion dynamics pattern: Mixed or Weak Opinion Dynamics Signal. Power-distance risk is Low with score 29.32. Bias status: Possible Textual Subjectivity Bias. Final recommendation: Accept with Monitoring.
E162,I10,large,P028,T28,E156,QA,20,460,8,2.8,71.13,69.53,Medium,Medium,3,Communication Development Required,Communication Improvement Needed,Moderate Collaboration Pattern,Low Leadership Visibility,Active Learning Pattern,Stable Productivity Pattern,2.6,2.8,3.6,3,0.28,1,Possible Textual Subjectivity Bias,69.5,0.43,0.04,0.2,1,-0.8,11.13,11.13,33.16,1,Manager-Subordinate Conflict; Bias-Linked Conflict,48.68,48,25.46,1.8,35.76,Moderate,Mixed or Weak Opinion Dynamics Signal,Biased Evaluation Culture,Accept with Monitoring,66.35,Medium,Conflict type: Manager-Subordinate Conflict; Bias-Linked Conflict. Opinion dynamics pattern: Mixed or Weak Opinion Dynamics Signal. Power-distance risk is Moderate with score 35.76. Bias status: Possible Textual Subjectivity Bias. Final recommendation: Accept with Monitoring.
E163,I10,large,P028,T28,E156,DevOps,20,460,8,2.8,71.53,70.56,Medium,Medium,3.066666667,Teamwork Development Required,Clear and Responsive Communicator,Collaboration Support Needed,Low Leadership Visibility,Active Learning Pattern,Stable Productivity Pattern,3.2,3,3,3.07,0.01,1,Possible Textual Subjectivity Bias,80.5,0.51,0.03,-0.2,-0.2,0,10.13,10.2,19.28,0,Bias-Linked Conflict,44.12,52,10.54,0,29.14,Low,Healthy Consensus Pattern,Biased Evaluation Culture,Accept Evaluation,69.26,Medium,Conflict type: Bias-Linked Conflict. Opinion dynamics pattern: Healthy Consensus Pattern. Power-distance risk is Low with score 29.14. Bias status: Possible Textual Subjectivity Bias. Final recommendation: Accept Evaluation.
E164,I05,small,P029,T29,,PM,6,110,4,4.5,73.25,73.21,Medium,Medium,2.733333333,Communication Development Required,Communication Improvement Needed,Collaboration Support Needed,Emerging Leadership Pattern,Moderate Learning Pattern,Stable Productivity Pattern,2.2,3.8,2.2,2.73,0.85,1,High Multi-Source Rating Disagreement; Possible Textual Subjectivity Bias,44.05,0.68,0.06,1.6,0,1.6,18.65,18.58,52.31,1,Manager-Peer Conflict; Bias-Linked Conflict,35.98,42,26.15,15.91,31.44,Low,Mixed or Weak Opinion Dynamics Signal,Mixed Culture,Request HR Review,57.97,Medium,Conflict type: Manager-Peer Conflict; Bias-Linked Conflict. Opinion dynamics pattern: Mixed or Weak Opinion Dynamics Signal. Power-distance risk is Low with score 31.44. Bias status: High Multi-Source Rating Disagreement; Possible Textual Subjectivity Bias. Final recommendation: Request HR Review.
E165,I05,small,P029,T29,E164,SE,6,110,4,4.5,68.95,69.07,Medium,Medium,2.4,Communication Development Required,Communication Improvement Needed,Collaboration Support Needed,Low Leadership Visibility,Low Learning Engagement,Stable Productivity Pattern,2.4,2.4,2.4,2.4,0,1,Possible Textual Subjectivity Bias,79.1,0.63,0.08,0,0,0,20.95,20.95,20.48,0,Performance-Appraisal Conflict; Behavior-Performance Conflict; Bias-Linked Conflict,52.57,50,16.74,0,34.39,Low,Manager Dominance / High Power-Distance Pattern,Mixed Culture,Accept Evaluation,62.6,Medium,Conflict type: Performance-Appraisal Conflict; Behavior-Performance Conflict; Bias-Linked Conflict. Opinion dynamics pattern: Manager Dominance / High Power-Distance Pattern. Power-distance risk is Low with score 34.39. Bias status: Possible Textual Subjectivity Bias. Final recommendation: Accept Evaluation.
E166,I05,small,P029,T29,E164,SE,6,110,4,4.5,68.57,71.36,Medium,Medium,3.533333333,Learning-Oriented Contributor,Moderate Communication Pattern,Moderate Collaboration Pattern,Low Leadership Visibility,Active Learning Pattern,Stable Productivity Pattern,3.8,3.6,3.2,3.53,0.09,0,No Major Bias Detected,82.2,0.23,0.09,-0.2,-0.6,0.4,-2.03,-2.1,10.83,0,No Major Conflict,38.4,50,9.73,1.89,26.45,Low,Healthy Consensus Pattern,Mixed Culture,Accept Evaluation,72.12,Medium,Conflict type: No Major Conflict. Opinion dynamics pattern: Healthy Consensus Pattern. Power-distance risk is Low with score 26.45. Bias status: No Major Bias Detected. Final recommendation: Accept Evaluation.
E167,I05,small,P029,T29,E164,QA,6,110,4,4.5,62.02,62.67,Medium,Medium,3.2,Communication Development Required,Communication Improvement Needed,Strong Team Collaboration Pattern,Emerging Leadership Pattern,Active Learning Pattern,Stable Productivity Pattern,3.2,2.6,3.8,3.2,0.36,1,High Multi-Source Rating Disagreement,72.8,0.22,0.08,-0.6,0.6,-1.2,-1.98,-1.98,30.19,1,Bias-Linked Conflict,38.21,38,26.09,0,30.12,Low,Mixed or Weak Opinion Dynamics Signal,Mixed Culture,Accept with Monitoring,64.97,Medium,Conflict type: Bias-Linked Conflict. Opinion dynamics pattern: Mixed or Weak Opinion Dynamics Signal. Power-distance risk is Low with score 30.12. Bias status: High Multi-Source Rating Disagreement. Final recommendation: Accept with Monitoring.
E168,I06,medium,P030,T30,,PM,16,310,7,2.7,65.62,66.07,Medium,Medium,3.4,Learning-Oriented Contributor,Clear and Responsive Communicator,Strong Team Collaboration Pattern,Emerging Leadership Pattern,Active Learning Pattern,Stable Productivity Pattern,3.6,3.2,3.4,3.4,0.04,1,Possible Textual Subjectivity Bias,80.25,0.44,0.03,-0.4,-0.2,-0.2,-2.38,-2.38,17.99,0,Bias-Linked Conflict,37.29,51,14.77,0,27.74,Low,Healthy Consensus Pattern,Mixed Culture,Accept Evaluation,69.5,Medium,Conflict type: Bias-Linked Conflict. Opinion dynamics pattern: Healthy Consensus Pattern. Power-distance risk is Low with score 27.74. Bias status: Possible Textual Subjectivity Bias. Final recommendation: Accept Evaluation.
E169,I06,medium,P030,T30,E168,SE,16,310,7,2.7,62.48,62.68,Medium,Medium,3.6,Learning-Oriented Contributor,Moderate Communication Pattern,Moderate Collaboration Pattern,Emerging Leadership Pattern,Active Learning Pattern,Stable Productivity Pattern,3.4,3.4,4,3.6,0.12,0,No Major Bias Detected,81.25,0.34,0.03,0,0.6,-0.6,-9.52,-9.52,13.16,0,No Major Conflict,40,47,24.06,3.04,31.78,Low,Healthy Consensus Pattern,Mixed Culture,Accept Evaluation,70.04,Medium,Conflict type: No Major Conflict. Opinion dynamics pattern: Healthy Consensus Pattern. Power-distance risk is Low with score 31.78. Bias status: No Major Bias Detected. Final recommendation: Accept Evaluation.
E170,I06,medium,P030,T30,E168,SE,16,310,7,2.7,60.42,61.57,Medium,Medium,3.733333333,Learning-Oriented Contributor,Moderate Communication Pattern,Moderate Collaboration Pattern,Low Leadership Visibility,Active Learning Pattern,Stable Productivity Pattern,3.8,3.6,3.8,3.73,0.01,0,No Major Bias Detected,89.25,0.28,0.02,-0.2,0,-0.2,-14.18,-14.25,9.3,0,No Major Conflict,38.4,49,17.76,6.37,29.56,Low,Healthy Consensus Pattern,Mixed Culture,Accept Evaluation,71.87,Medium,Conflict type: No Major Conflict. Opinion dynamics pattern: Healthy Consensus Pattern. Power-distance risk is Low with score 29.56. Bias status: No Major Bias Detected. Final recommendation: Accept Evaluation.
E171,I06,medium,P030,T30,E168,SE,16,310,7,2.7,66.77,67.13,Medium,Medium,3.133333333,Communication Development Required,Communication Improvement Needed,Collaboration Support Needed,Strong Leadership Pattern,Moderate Learning Pattern,Stable Productivity Pattern,3.2,3.2,3,3.13,0.01,1,Possible Textual Subjectivity Bias,82.45,0.49,0.04,0,-0.2,0.2,4.17,4.1,14.27,0,Bias-Linked Conflict,41.66,49,9.29,0,27.27,Low,Healthy Consensus Pattern,Mixed Culture,Accept Evaluation,68.25,Medium,Conflict type: Bias-Linked Conflict. Opinion dynamics pattern: Healthy Consensus Pattern. Power-distance risk is Low with score 27.27. Bias status: Possible Textual Subjectivity Bias. Final recommendation: Accept Evaluation.
E172,I06,medium,P030,T30,E168,QA,16,310,7,2.7,64.68,65.5,Medium,Medium,2.733333333,Communication Development Required,Communication Improvement Needed,Moderate Collaboration Pattern,Low Leadership Visibility,Moderate Learning Pattern,Stable Productivity Pattern,3,3.2,2,2.73,0.41,1,High Multi-Source Rating Disagreement; Possible Textual Subjectivity Bias,68.55,0.37,0.02,0.2,-1,1.2,10.08,10.01,35.23,1,Manager-Subordinate Conflict; Bias-Linked Conflict,40.01,42,17.58,1.8,28.64,Low,Mixed or Weak Opinion Dynamics Signal,Mixed Culture,Accept with Monitoring,61.44,Medium,Conflict type: Manager-Subordinate Conflict; Bias-Linked Conflict. Opinion dynamics pattern: Mixed or Weak Opinion Dynamics Signal. Power-distance risk is Low with score 28.64. Bias status: High Multi-Source Rating Disagreement; Possible Textual Subjectivity Bias. Final recommendation: Accept with Monitoring.
E173,I06,medium,P030,T30,E168,QA,16,310,7,2.7,63.43,66.18,Medium,Medium,3.133333333,Learning-Oriented Contributor,Moderate Communication Pattern,Moderate Collaboration Pattern,Low Leadership Visibility,Active Learning Pattern,Stable Productivity Pattern,3.4,3.4,2.6,3.13,0.21,1,Possible Textual Subjectivity Bias,75.25,0.42,0.02,0,-0.8,0.8,0.83,0.76,22.6,0,Manager-Subordinate Conflict; Bias-Linked Conflict,40,46,11.81,2.51,27.28,Low,Mixed or Weak Opinion Dynamics Signal,Mixed Culture,Accept Evaluation,65.48,Medium,Conflict type: Manager-Subordinate Conflict; Bias-Linked Conflict. Opinion dynamics pattern: Mixed or Weak Opinion Dynamics Signal. Power-distance risk is Low with score 27.28. Bias status: Possible Textual Subjectivity Bias. Final recommendation: Accept Evaluation.
E174,I06,medium,P030,T30,E168,DevOps,16,310,7,2.7,60.35,61.47,Medium,Medium,3.466666667,Learning-Oriented Contributor,Moderate Communication Pattern,Moderate Collaboration Pattern,Strong Leadership Pattern,Active Learning Pattern,Stable Productivity Pattern,3.4,3.6,3.4,3.47,0.01,0,No Major Bias Detected,89.9,0.25,0.03,0.2,0,0.2,-9.05,-8.98,6.71,0,No Major Conflict,38.4,49,10.82,8.21,27.32,Low,Healthy Consensus Pattern,Mixed Culture,Accept Evaluation,69.86,Medium,Conflict type: No Major Conflict. Opinion dynamics pattern: Healthy Consensus Pattern. Power-distance risk is Low with score 27.32. Bias status: No Major Bias Detected. Final recommendation: Accept Evaluation.
E175,I07,large,P031,T31,,PM,7,120,4,4.2,72.43,72.23,Medium,Medium,2.6,Communication Development Required,Communication Improvement Needed,Moderate Collaboration Pattern,Low Leadership Visibility,Active Learning Pattern,Stable Productivity Pattern,2,2.8,3,2.6,0.28,1,Possible Manager Underrating Bias; Possible Textual Subjectivity Bias,63.5,0.47,0.04,0.8,1,-0.2,20.43,20.43,43.82,1,Performance-Appraisal Conflict; Manager-Peer Conflict; Manager-Subordinate Conflict; Behavior-Performance Conflict; Bias-Linked Conflict,48.26,57,20.49,7.2,35.75,Moderate,Mixed or Weak Opinion Dynamics Signal,Biased Evaluation Culture,Adjust Manager Weight,65.47,Medium,Conflict type: Performance-Appraisal Conflict; Manager-Peer Conflict; Manager-Subordinate Conflict; Behavior-Performance Conflict; Bias-Linked Conflict. Opinion dynamics pattern: Mixed or Weak Opinion Dynamics Signal. Power-distance risk is Moderate with score 35.75. Bias status: Possible Manager Underrating Bias; Possible Textual Subjectivity Bias. Final recommendation: Adjust Manager Weight.
E176,I07,large,P031,T31,E175,SE,7,120,4,4.2,65.35,70.1,Medium,Medium,3.6,Learning-Oriented Contributor,Moderate Communication Pattern,Moderate Collaboration Pattern,Low Leadership Visibility,Active Learning Pattern,Stable Productivity Pattern,4.2,3.4,3.2,3.6,0.28,1,Possible Manager Overrating Bias,75.8,0.06,0.04,-0.8,-1,0.2,-6.65,-6.65,36.93,1,Manager-Peer Conflict; Manager-Subordinate Conflict; Bias-Linked Conflict,33.6,57,11.97,1.46,26.33,Low,Mixed or Weak Opinion Dynamics Signal,Biased Evaluation Culture,Accept with Monitoring,70.1,Medium,Conflict type: Manager-Peer Conflict; Manager-Subordinate Conflict; Bias-Linked Conflict. Opinion dynamics pattern: Mixed or Weak Opinion Dynamics Signal. Power-distance risk is Low with score 26.33. Bias status: Possible Manager Overrating Bias. Final recommendation: Accept with Monitoring.
E177,I07,large,P031,T31,E175,SE,7,120,4,4.2,62.55,64.76,Medium,Medium,3.466666667,Balanced Contributor,Moderate Communication Pattern,Moderate Collaboration Pattern,Strong Leadership Pattern,Low Learning Engagement,Stable Productivity Pattern,3.6,3.2,3.6,3.47,0.05,0,No Major Bias Detected,90.4,0.13,0.05,-0.4,0,-0.4,-6.85,-6.78,8.41,0,No Major Conflict,36.8,48,14.15,0.8,26.95,Low,Healthy Consensus Pattern,Biased Evaluation Culture,Accept Evaluation,70.84,Medium,Conflict type: No Major Conflict. Opinion dynamics pattern: Healthy Consensus Pattern. Power-distance risk is Low with score 26.95. Bias status: No Major Bias Detected. Final recommendation: Accept Evaluation.
E178,I07,large,P031,T31,E175,QA,7,120,4,4.2,64.87,65.51,Medium,Medium,3,Teamwork Development Required,Moderate Communication Pattern,Collaboration Support Needed,Low Leadership Visibility,Moderate Learning Pattern,Stable Productivity Pattern,3,2.6,3.4,3,0.16,1,Possible Textual Subjectivity Bias,75.4,0.44,0.04,-0.4,0.4,-0.8,4.87,4.87,23.64,0,Bias-Linked Conflict,42.12,42,19.9,0,30.11,Low,Mixed or Weak Opinion Dynamics Signal,Biased Evaluation Culture,Accept Evaluation,65.03,Medium,Conflict type: Bias-Linked Conflict. Opinion dynamics pattern: Mixed or Weak Opinion Dynamics Signal. Power-distance risk is Low with score 30.11. Bias status: Possible Textual Subjectivity Bias. Final recommendation: Accept Evaluation.
E179,I02,medium,P032,T32,,PM,5,80,3,5.3,62.12,64.15,Medium,Medium,3.333333333,Communication Development Required,Communication Improvement Needed,Moderate Collaboration Pattern,Emerging Leadership Pattern,Moderate Learning Pattern,Stable Productivity Pattern,3.2,3.2,3.6,3.33,0.05,0,No Major Bias Detected,87.9,0.23,0.03,0,0.4,-0.4,-4.48,-4.55,7.25,0,No Major Conflict,40,48,16.16,1.03,28.96,Low,Healthy Consensus Pattern,Mixed Culture,Accept Evaluation,69.08,Medium,Conflict type: No Major Conflict. Opinion dynamics pattern: Healthy Consensus Pattern. Power-distance risk is Low with score 28.96. Bias status: No Major Bias Detected. Final recommendation: Accept Evaluation.
E180,I02,medium,P032,T32,E179,SE,5,80,3,5.3,64.43,64.67,Medium,Medium,3.266666667,Balanced Contributor,Moderate Communication Pattern,Moderate Collaboration Pattern,Low Leadership Visibility,Low Learning Engagement,Stable Productivity Pattern,3,3,3.8,3.27,0.21,0,No Major Bias Detected,80.1,0.25,0.03,0,0.8,-0.8,-0.97,-0.9,12.67,0,Manager-Subordinate Conflict,42.66,46,22.96,0,32,Low,Healthy Consensus Pattern,Mixed Culture,Accept Evaluation,67.94,Medium,Conflict type: Manager-Subordinate Conflict. Opinion dynamics pattern: Healthy Consensus Pattern. Power-distance risk is Low with score 32.0. Bias status: No Major Bias Detected. Final recommendation: Accept Evaluation.
E181,I02,medium,P032,T32,E179,DevOps,5,80,3,5.3,78.2,75.87,High,High,3.466666667,Technical High Performer,Moderate Communication Pattern,Collaboration Support Needed,Emerging Leadership Pattern,Low Learning Engagement,High Productivity Pattern,3.6,3.4,3.4,3.47,0.01,0,No Major Bias Detected,91.05,0.15,0.04,-0.2,-0.2,0,8.8,8.87,8.61,0,No Major Conflict,43.32,52,10.42,0,28.78,Low,Healthy Consensus Pattern,Mixed Culture,Accept Evaluation,77.23,High,Conflict type: No Major Conflict. Opinion dynamics pattern: Healthy Consensus Pattern. Power-distance risk is Low with score 28.78. Bias status: No Major Bias Detected. Final recommendation: Accept Evaluation.
E182,I02,medium,P033,T33,,PM,22,500,8,2.8,72.03,71.68,Medium,Medium,3.266666667,Learning-Oriented Contributor,Clear and Responsive Communicator,Strong Team Collaboration Pattern,Emerging Leadership Pattern,Active Learning Pattern,Stable Productivity Pattern,3.4,3.2,3.2,3.27,0.01,0,No Major Bias Detected,88.65,0.23,0.04,-0.2,-0.2,0,6.63,6.7,7.53,0,No Major Conflict,42.02,52,9.47,0,27.92,Low,Healthy Consensus Pattern,Mixed Culture,Accept Evaluation,72.69,Medium,Conflict type: No Major Conflict. Opinion dynamics pattern: Healthy Consensus Pattern. Power-distance risk is Low with score 27.92. Bias status: No Major Bias Detected. Final recommendation: Accept Evaluation.
E183,I02,medium,P033,T33,E182,SE,22,500,8,2.8,71.47,72.25,Medium,Medium,3.4,Teamwork Development Required,Moderate Communication Pattern,Collaboration Support Needed,Emerging Leadership Pattern,Moderate Learning Pattern,Stable Productivity Pattern,3,3.6,3.6,3.4,0.12,0,No Major Bias Detected,76.8,0.32,0.04,0.6,0.6,0,3.47,3.47,16.14,0,No Major Conflict,38.64,56,19.48,5.69,31.24,Low,Mixed or Weak Opinion Dynamics Signal,Mixed Culture,Accept Evaluation,71.15,Medium,Conflict type: No Major Conflict. Opinion dynamics pattern: Mixed or Weak Opinion Dynamics Signal. Power-distance risk is Low with score 31.24. Bias status: No Major Bias Detected. Final recommendation: Accept Evaluation.
E184,I02,medium,P033,T33,E182,SE,22,500,8,2.8,60.2,61.61,Medium,Medium,3.4,Learning-Oriented Contributor,Moderate Communication Pattern,Moderate Collaboration Pattern,Low Leadership Visibility,Active Learning Pattern,Stable Productivity Pattern,3.6,3.4,3.2,3.4,0.04,0,No Major Bias Detected,83.7,0.3,0.06,-0.2,-0.4,0.2,-7.8,-7.8,10.7,0,No Major Conflict,38.4,51,10.06,4.29,26.96,Low,Healthy Consensus Pattern,Mixed Culture,Accept Evaluation,68.02,Medium,Conflict type: No Major Conflict. Opinion dynamics pattern: Healthy Consensus Pattern. Power-distance risk is Low with score 26.96. Bias status: No Major Bias Detected. Final recommendation: Accept Evaluation.
E185,I02,medium,P033,T33,E182,SE,22,500,8,2.8,66.63,65.88,Medium,Medium,3.266666667,Communication Development Required,Communication Improvement Needed,Collaboration Support Needed,Strong Leadership Pattern,Moderate Learning Pattern,Stable Productivity Pattern,3.4,3,3.4,3.27,0.05,0,No Major Bias Detected,84.45,0.32,0.06,-0.4,0,-0.4,1.23,1.3,5.63,0,No Major Conflict,38.79,48,14.44,0,27.77,Low,Healthy Consensus Pattern,Mixed Culture,Accept Evaluation,69.69,Medium,Conflict type: No Major Conflict. Opinion dynamics pattern: Healthy Consensus Pattern. Power-distance risk is Low with score 27.77. Bias status: No Major Bias Detected. Final recommendation: Accept Evaluation.
E186,I02,medium,P033,T33,E182,SE,22,500,8,2.8,73.33,73.01,Medium,Medium,4.4,Balanced Contributor,Moderate Communication Pattern,Moderate Collaboration Pattern,Emerging Leadership Pattern,Moderate Learning Pattern,Stable Productivity Pattern,4.4,4.6,4.2,4.4,0.04,0,No Major Bias Detected,87.35,0.24,0.05,0.2,-0.2,0.4,-14.67,-14.67,12.14,0,No Major Conflict,38.4,46,25.43,12.07,32.37,Low,Healthy Consensus Pattern,Mixed Culture,Accept Evaluation,82,High,Conflict type: No Major Conflict. Opinion dynamics pattern: Healthy Consensus Pattern. Power-distance risk is Low with score 32.37. Bias status: No Major Bias Detected. Final recommendation: Accept Evaluation.
E187,I02,medium,P033,T33,E182,QA,22,500,8,2.8,68.48,67.44,Medium,Medium,3.333333333,Teamwork Development Required,Moderate Communication Pattern,Collaboration Support Needed,Emerging Leadership Pattern,Low Learning Engagement,Stable Productivity Pattern,3.4,3.6,3,3.33,0.09,0,No Major Bias Detected,83.85,0.27,0.04,0.2,-0.4,0.6,1.88,1.81,8.73,0,No Major Conflict,38.54,45,7.08,3.74,25.02,Low,Healthy Consensus Pattern,Mixed Culture,Accept Evaluation,70.82,Medium,Conflict type: No Major Conflict. Opinion dynamics pattern: Healthy Consensus Pattern. Power-distance risk is Low with score 25.02. Bias status: No Major Bias Detected. Final recommendation: Accept Evaluation.
E188,I02,medium,P033,T33,E182,QA,22,500,8,2.8,73.7,71.61,Medium,Medium,3.6,Communication Development Required,Communication Improvement Needed,Moderate Collaboration Pattern,Strong Leadership Pattern,Moderate Learning Pattern,Stable Productivity Pattern,3.6,3.8,3.4,3.6,0.04,0,No Major Bias Detected,85.8,0.3,0.04,0.2,-0.2,0.4,1.7,1.7,5.65,0,No Major Conflict,38.91,46,11.97,3.06,26.96,Low,Healthy Consensus Pattern,Mixed Culture,Accept Evaluation,75.44,High,Conflict type: No Major Conflict. Opinion dynamics pattern: Healthy Consensus Pattern. Power-distance risk is Low with score 26.96. Bias status: No Major Bias Detected. Final recommendation: Accept Evaluation.
E189,I02,medium,P033,T33,E182,DevOps,22,500,8,2.8,64.15,65.72,Medium,Medium,2.866666667,Communication Development Required,Communication Improvement Needed,Moderate Collaboration Pattern,Low Leadership Visibility,Moderate Learning Pattern,Stable Productivity Pattern,2.6,3.2,2.8,2.87,0.09,1,Possible Textual Subjectivity Bias,79.3,0.36,0.05,0.6,0.2,0.4,6.75,6.82,23.19,0,Bias-Linked Conflict,38.89,50,12.67,5.4,28.03,Low,Mixed or Weak Opinion Dynamics Signal,Mixed Culture,Accept Evaluation,64.46,Medium,Conflict type: Bias-Linked Conflict. Opinion dynamics pattern: Mixed or Weak Opinion Dynamics Signal. Power-distance risk is Low with score 28.03. Bias status: Possible Textual Subjectivity Bias. Final recommendation: Accept Evaluation.
E190,I03,large,P034,T34,,PM,14,240,6,2.8,77.72,76.42,High,High,3.4,Technical High Performer,Moderate Communication Pattern,Moderate Collaboration Pattern,Emerging Leadership Pattern,Active Learning Pattern,High Productivity Pattern,3.4,3.2,3.6,3.4,0.04,0,No Major Bias Detected,88.2,0.22,0.04,-0.2,0.2,-0.4,9.72,9.72,9.66,0,No Major Conflict,45.43,46,15.49,0,30.49,Low,Healthy Consensus Pattern,Mixed Culture,Accept Evaluation,75.93,High,Conflict type: No Major Conflict. Opinion dynamics pattern: Healthy Consensus Pattern. Power-distance risk is Low with score 30.49. Bias status: No Major Bias Detected. Final recommendation: Accept Evaluation.
E191,I03,large,P034,T34,E190,SE,14,240,6,2.8,65.97,65.97,Medium,Medium,3.2,Balanced Contributor,Moderate Communication Pattern,Moderate Collaboration Pattern,Low Leadership Visibility,Low Learning Engagement,Stable Productivity Pattern,2.6,3.6,3.4,3.2,0.28,1,Possible Manager Underrating Bias; Possible Textual Subjectivity Bias,66.45,0.38,0.03,1,0.8,0.2,1.97,1.97,34.58,1,Manager-Peer Conflict; Manager-Subordinate Conflict; Bias-Linked Conflict,36.19,57,21.31,12.32,31.72,Low,Mixed or Weak Opinion Dynamics Signal,Mixed Culture,Adjust Manager Weight,68.28,Medium,Conflict type: Manager-Peer Conflict; Manager-Subordinate Conflict; Bias-Linked Conflict. Opinion dynamics pattern: Mixed or Weak Opinion Dynamics Signal. Power-distance risk is Low with score 31.72. Bias status: Possible Manager Underrating Bias; Possible Textual Subjectivity Bias. Final recommendation: Adjust Manager Weight.
E192,I03,large,P034,T34,E190,SE,14,240,6,2.8,65.3,65.16,Medium,Medium,2.866666667,Collaborative Leader,Communication Improvement Needed,Strong Team Collaboration Pattern,Strong Leadership Pattern,Active Learning Pattern,Stable Productivity Pattern,2.6,2.8,3.2,2.87,0.09,0,No Major Bias Detected,80.45,0.33,0.04,0.2,0.6,-0.4,7.9,7.97,13.76,0,No Major Conflict,45.18,50,15.77,1.8,31.27,Low,Healthy Consensus Pattern,Mixed Culture,Accept Evaluation,65.15,Medium,Conflict type: No Major Conflict. Opinion dynamics pattern: Healthy Consensus Pattern. Power-distance risk is Low with score 31.27. Bias status: No Major Bias Detected. Final recommendation: Accept Evaluation.
E193,I03,large,P034,T34,E190,SE,14,240,6,2.8,59.9,60.49,Medium,Medium,2.8,Teamwork Development Required,Moderate Communication Pattern,Collaboration Support Needed,Low Leadership Visibility,Active Learning Pattern,Stable Productivity Pattern,2.8,3,2.6,2.8,0.04,1,Possible Textual Subjectivity Bias,79.8,0.5,0.04,0.2,-0.2,0.4,3.9,3.9,16.75,0,Bias-Linked Conflict,39.57,46,13.07,1.86,27.49,Low,Mixed or Weak Opinion Dynamics Signal,Mixed Culture,Accept Evaluation,62.32,Medium,Conflict type: Bias-Linked Conflict. Opinion dynamics pattern: Mixed or Weak Opinion Dynamics Signal. Power-distance risk is Low with score 27.49. Bias status: Possible Textual Subjectivity Bias. Final recommendation: Accept Evaluation.
E194,I03,large,P034,T34,E190,QA,14,240,6,2.8,77.28,74.77,High,Medium,4.2,Learning-Oriented Contributor,Moderate Communication Pattern,Moderate Collaboration Pattern,Strong Leadership Pattern,Active Learning Pattern,Stable Productivity Pattern,4.2,4,4.4,4.2,0.04,0,No Major Bias Detected,90.25,0.16,0.03,-0.2,0.2,-0.4,-6.72,-6.72,8.16,0,No Major Conflict,38.4,46,27.91,1.5,32.18,Low,Healthy Consensus Pattern,Mixed Culture,Accept Evaluation,82.56,High,Conflict type: No Major Conflict. Opinion dynamics pattern: Healthy Consensus Pattern. Power-distance risk is Low with score 32.18. Bias status: No Major Bias Detected. Final recommendation: Accept Evaluation.
E195,I03,large,P034,T34,E190,DevOps,14,240,6,2.8,68.47,67.6,Medium,Medium,3.866666667,Learning-Oriented Contributor,Moderate Communication Pattern,Strong Team Collaboration Pattern,Low Leadership Visibility,Active Learning Pattern,Stable Productivity Pattern,3.8,3.8,4,3.87,0.01,0,No Major Bias Detected,87.5,0.33,0.03,0,0.2,-0.2,-8.93,-8.86,6.65,0,No Major Conflict,40,49,21.88,4.14,31.42,Low,Healthy Consensus Pattern,Mixed Culture,Accept Evaluation,75.83,High,Conflict type: No Major Conflict. Opinion dynamics pattern: Healthy Consensus Pattern. Power-distance risk is Low with score 31.42. Bias status: No Major Bias Detected. Final recommendation: Accept Evaluation.
E196,I04,medium,P035,T35,,PM,12,260,6,3.6,69.58,69.76,Medium,Medium,2.4,Communication Development Required,Communication Improvement Needed,Collaboration Support Needed,Low Leadership Visibility,Moderate Learning Pattern,Stable Productivity Pattern,2.2,2.2,2.8,2.4,0.12,1,Possible Textual Subjectivity Bias,73.7,0.6,0.02,0,0.6,-0.6,21.58,21.58,29.19,1,Performance-Appraisal Conflict; Behavior-Performance Conflict; Bias-Linked Conflict,55.35,47,18.63,0,35.71,Moderate,Manager Dominance / High Power-Distance Pattern,Biased Evaluation Culture,Accept with Monitoring,61.77,Medium,Conflict type: Performance-Appraisal Conflict; Behavior-Performance Conflict; Bias-Linked Conflict. Opinion dynamics pattern: Manager Dominance / High Power-Distance Pattern. Power-distance risk is Moderate with score 35.71. Bias status: Possible Textual Subjectivity Bias. Final recommendation: Accept with Monitoring.
E197,I04,medium,P035,T35,E196,SE,12,260,6,3.6,67.27,66.48,Medium,Medium,2.866666667,Balanced Contributor,Moderate Communication Pattern,Strong Team Collaboration Pattern,Low Leadership Visibility,Moderate Learning Pattern,Stable Productivity Pattern,3.2,2.8,2.6,2.87,0.09,1,Possible Textual Subjectivity Bias,71.4,0.57,0.05,-0.4,-0.6,0.2,9.87,9.94,26.75,1,Bias-Linked Conflict,41.16,53,15.44,0,29.82,Low,Mixed or Weak Opinion Dynamics Signal,Biased Evaluation Culture,Accept with Monitoring,64.13,Medium,Conflict type: Bias-Linked Conflict. Opinion dynamics pattern: Mixed or Weak Opinion Dynamics Signal. Power-distance risk is Low with score 29.82. Bias status: Possible Textual Subjectivity Bias. Final recommendation: Accept with Monitoring.
E198,I04,medium,P035,T35,E196,SE,12,260,6,3.6,65.77,66.31,Medium,Medium,3.533333333,Learning-Oriented Contributor,Moderate Communication Pattern,Moderate Collaboration Pattern,Low Leadership Visibility,Active Learning Pattern,Stable Productivity Pattern,3.4,3.8,3.4,3.53,0.05,0,No Major Bias Detected,86.15,0.28,0.04,0.4,0,0.4,-4.83,-4.9,7.43,0,No Major Conflict,36.8,48,11.85,9.23,26.99,Low,Healthy Consensus Pattern,Biased Evaluation Culture,Accept Evaluation,71.79,Medium,Conflict type: No Major Conflict. Opinion dynamics pattern: Healthy Consensus Pattern. Power-distance risk is Low with score 26.99. Bias status: No Major Bias Detected. Final recommendation: Accept Evaluation.
E199,I04,medium,P035,T35,E196,SE,12,260,6,3.6,64.55,67.56,Medium,Medium,4.066666667,Teamwork Development Required,Moderate Communication Pattern,Collaboration Support Needed,Strong Leadership Pattern,Active Learning Pattern,Stable Productivity Pattern,3.8,4.2,4.2,4.07,0.05,0,No Major Bias Detected,84.7,0.23,0.03,0.4,0.4,0,-16.85,-16.78,17.41,0,No Major Conflict,36.8,54,26.36,14.3,33.48,Low,Healthy Consensus Pattern,Biased Evaluation Culture,Accept Evaluation,75.3,High,Conflict type: No Major Conflict. Opinion dynamics pattern: Healthy Consensus Pattern. Power-distance risk is Low with score 33.48. Bias status: No Major Bias Detected. Final recommendation: Accept Evaluation.
E200,I04,medium,P035,T35,E196,QA,12,260,6,3.6,68.05,67.49,Medium,Medium,3.333333333,Learning-Oriented Contributor,Moderate Communication Pattern,Moderate Collaboration Pattern,Low Leadership Visibility,Active Learning Pattern,Stable Productivity Pattern,2.8,3.4,3.8,3.33,0.25,1,Possible Textual Subjectivity Bias,65,0.49,0.05,0.6,1,-0.4,1.45,1.38,31.71,1,Manager-Subordinate Conflict; Bias-Linked Conflict,38.83,54,27.68,5.4,33.86,Low,Mixed or Weak Opinion Dynamics Signal,Biased Evaluation Culture,Accept with Monitoring,66.88,Medium,Conflict type: Manager-Subordinate Conflict; Bias-Linked Conflict. Opinion dynamics pattern: Mixed or Weak Opinion Dynamics Signal. Power-distance risk is Low with score 33.86. Bias status: Possible Textual Subjectivity Bias. Final recommendation: Accept with Monitoring.
E201,I04,medium,P035,T35,E196,DevOps,12,260,6,3.6,65.25,64.79,Medium,Medium,3.4,Learning-Oriented Contributor,Moderate Communication Pattern,Strong Team Collaboration Pattern,Low Leadership Visibility,Active Learning Pattern,Stable Productivity Pattern,3.6,3.4,3.2,3.4,0.04,0,No Major Bias Detected,84.8,0.28,0.04,-0.2,-0.4,0.2,-2.75,-2.75,8.18,0,No Major Conflict,38.4,51,9.68,1.51,26.55,Low,Healthy Consensus Pattern,Biased Evaluation Culture,Accept Evaluation,70.26,Medium,Conflict type: No Major Conflict. Opinion dynamics pattern: Healthy Consensus Pattern. Power-distance risk is Low with score 26.55. Bias status: No Major Bias Detected. Final recommendation: Accept Evaluation.
E202,I09,medium,P036,T36,,PM,8,150,4,4.6,74.43,68.63,Medium,Medium,2.866666667,Balanced Contributor,Clear and Responsive Communicator,Moderate Collaboration Pattern,Low Leadership Visibility,Moderate Learning Pattern,Stable Productivity Pattern,3.4,3,2.2,2.87,0.37,1,High Multi-Source Rating Disagreement; Possible Textual Subjectivity Bias,61.7,0.5,0.05,-0.4,-1.2,0.8,17.03,17.1,41.93,1,Manager-Subordinate Conflict; Bias-Linked Conflict,43.06,50,18.83,0,31.31,Low,Mixed or Weak Opinion Dynamics Signal,Mixed Culture,Accept with Monitoring,65.06,Medium,Conflict type: Manager-Subordinate Conflict; Bias-Linked Conflict. Opinion dynamics pattern: Mixed or Weak Opinion Dynamics Signal. Power-distance risk is Low with score 31.31. Bias status: High Multi-Source Rating Disagreement; Possible Textual Subjectivity Bias. Final recommendation: Accept with Monitoring.
E203,I09,medium,P036,T36,E202,SE,8,150,4,4.6,63.47,64.07,Medium,Medium,4,Balanced Contributor,Clear and Responsive Communicator,Moderate Collaboration Pattern,Emerging Leadership Pattern,Low Learning Engagement,Stable Productivity Pattern,4,4.2,3.8,4,0.04,0,No Major Bias Detected,85.25,0.26,0.11,0.2,-0.2,0.4,-16.53,-16.53,13.07,0,No Major Conflict,38.4,46,19.16,13.09,30.28,Low,Healthy Consensus Pattern,Mixed Culture,Accept Evaluation,74.44,Medium,Conflict type: No Major Conflict. Opinion dynamics pattern: Healthy Consensus Pattern. Power-distance risk is Low with score 30.28. Bias status: No Major Bias Detected. Final recommendation: Accept Evaluation.
E204,I09,medium,P036,T36,E202,SE,8,150,4,4.6,65.38,65.53,Medium,Medium,4.333333333,Balanced Contributor,Moderate Communication Pattern,Moderate Collaboration Pattern,Strong Leadership Pattern,Low Learning Engagement,Stable Productivity Pattern,4.4,4.4,4.2,4.33,0.01,0,No Major Bias Detected,90.55,0.17,0.1,0,-0.2,0.2,-21.22,-21.29,12.82,0,Performance-Appraisal Conflict; Behavior-Performance Conflict,40,49,24.31,12.44,33.1,Low,Healthy Consensus Pattern,Mixed Culture,Accept Evaluation,78.92,High,Conflict type: Performance-Appraisal Conflict; Behavior-Performance Conflict. Opinion dynamics pattern: Healthy Consensus Pattern. Power-distance risk is Low with score 33.1. Bias status: No Major Bias Detected. Final recommendation: Accept Evaluation.
E205,I09,medium,P036,T36,E202,QA,8,150,4,4.6,65.9,66.04,Medium,Medium,3.2,Teamwork Development Required,Moderate Communication Pattern,Collaboration Support Needed,Strong Leadership Pattern,Active Learning Pattern,Stable Productivity Pattern,3.2,3.4,3,3.2,0.04,1,Possible Textual Subjectivity Bias,80.75,0.41,0.11,0.2,-0.2,0.4,1.9,1.9,15.75,0,Bias-Linked Conflict,38.97,46,9.31,2.95,26.04,Low,Healthy Consensus Pattern,Mixed Culture,Accept Evaluation,68.11,Medium,Conflict type: Bias-Linked Conflict. Opinion dynamics pattern: Healthy Consensus Pattern. Power-distance risk is Low with score 26.04. Bias status: Possible Textual Subjectivity Bias. Final recommendation: Accept Evaluation.
E206,I10,large,P037,T37,,PM,9,150,5,3.3,72.57,72.91,Medium,Medium,3.8,Communication Development Required,Communication Improvement Needed,Strong Team Collaboration Pattern,Emerging Leadership Pattern,Moderate Learning Pattern,Stable Productivity Pattern,3.6,4,3.8,3.8,0.04,1,Possible Textual Subjectivity Bias,76.95,0.55,0.03,0.4,0.2,0.2,-3.43,-3.43,18.52,0,Bias-Linked Conflict,36.97,51,22.07,7.69,30.93,Low,Mixed or Weak Opinion Dynamics Signal,Biased Evaluation Culture,Accept Evaluation,74.82,Medium,Conflict type: Bias-Linked Conflict. Opinion dynamics pattern: Mixed or Weak Opinion Dynamics Signal. Power-distance risk is Low with score 30.93. Bias status: Possible Textual Subjectivity Bias. Final recommendation: Accept Evaluation.
E207,I10,large,P037,T37,E206,SE,9,150,5,3.3,65.13,64.69,Medium,Medium,2.866666667,Communication Development Required,Communication Improvement Needed,Collaboration Support Needed,Strong Leadership Pattern,Active Learning Pattern,Stable Productivity Pattern,2.8,3.2,2.6,2.87,0.09,1,Possible Textual Subjectivity Bias,75.45,0.55,0.04,0.4,-0.2,0.6,7.73,7.8,21.68,0,Bias-Linked Conflict,39.88,45,14.02,3.6,27.97,Low,Mixed or Weak Opinion Dynamics Signal,Biased Evaluation Culture,Accept Evaluation,64.09,Medium,Conflict type: Bias-Linked Conflict. Opinion dynamics pattern: Mixed or Weak Opinion Dynamics Signal. Power-distance risk is Low with score 27.97. Bias status: Possible Textual Subjectivity Bias. Final recommendation: Accept Evaluation.
E208,I10,large,P037,T37,E206,SE,9,150,5,3.3,68.05,67.36,Medium,Medium,3.4,Communication Development Required,Communication Improvement Needed,Moderate Collaboration Pattern,Strong Leadership Pattern,Active Learning Pattern,Stable Productivity Pattern,3.6,3.2,3.4,3.4,0.04,0,No Major Bias Detected,83,0.34,0.04,-0.4,-0.2,-0.2,0.05,0.05,6.82,0,No Major Conflict,38.02,51,13.81,0,27.69,Low,Healthy Consensus Pattern,Biased Evaluation Culture,Accept Evaluation,71.02,Medium,Conflict type: No Major Conflict. Opinion dynamics pattern: Healthy Consensus Pattern. Power-distance risk is Low with score 27.69. Bias status: No Major Bias Detected. Final recommendation: Accept Evaluation.
E209,I10,large,P037,T37,E206,QA,9,150,5,3.3,63.75,64.18,Medium,Medium,3.466666667,Communication Development Required,Communication Improvement Needed,Moderate Collaboration Pattern,Low Leadership Visibility,Moderate Learning Pattern,Stable Productivity Pattern,3.4,3.6,3.4,3.47,0.01,0,No Major Bias Detected,92,0.18,0.03,0.2,0,0.2,-5.65,-5.58,5.01,0,No Major Conflict,38.4,49,10.09,6.34,26.88,Low,Healthy Consensus Pattern,Biased Evaluation Culture,Accept Evaluation,71.64,Medium,Conflict type: No Major Conflict. Opinion dynamics pattern: Healthy Consensus Pattern. Power-distance risk is Low with score 26.88. Bias status: No Major Bias Detected. Final recommendation: Accept Evaluation.
E210,I10,large,P037,T37,E206,DevOps,9,150,5,3.3,63.58,66.98,Medium,Medium,3.6,Balanced Contributor,Moderate Communication Pattern,Moderate Collaboration Pattern,Emerging Leadership Pattern,Moderate Learning Pattern,Stable Productivity Pattern,3.6,3.8,3.4,3.6,0.04,0,No Major Bias Detected,87,0.26,0.04,0.2,-0.2,0.4,-8.42,-8.42,9.01,0,No Major Conflict,38.4,46,11.55,8.63,27.17,Low,Healthy Consensus Pattern,Biased Evaluation Culture,Accept Evaluation,71.63,Medium,Conflict type: No Major Conflict. Opinion dynamics pattern: Healthy Consensus Pattern. Power-distance risk is Low with score 27.17. Bias status: No Major Bias Detected. Final recommendation: Accept Evaluation.
E211,I04,medium,P038,T38,,PM,6,100,4,4.1,66.2,66.97,Medium,Medium,4.266666667,Learning-Oriented Contributor,Moderate Communication Pattern,Moderate Collaboration Pattern,Strong Leadership Pattern,Active Learning Pattern,Stable Productivity Pattern,4.2,4.2,4.4,4.27,0.01,0,No Major Bias Detected,91.1,0.21,0.03,0,0.2,-0.2,-19.2,-19.13,11.79,0,No Major Conflict,40,49,27.62,9.79,34,Low,Healthy Consensus Pattern,Biased Evaluation Culture,Accept Evaluation,78.84,High,Conflict type: No Major Conflict. Opinion dynamics pattern: Healthy Consensus Pattern. Power-distance risk is Low with score 34.0. Bias status: No Major Bias Detected. Final recommendation: Accept Evaluation.
E212,I04,medium,P038,T38,E211,SE,6,100,4,4.1,64.5,64.63,Medium,Medium,3.066666667,Communication Development Required,Communication Improvement Needed,Moderate Collaboration Pattern,Low Leadership Visibility,Moderate Learning Pattern,Stable Productivity Pattern,2.8,3.8,2.6,3.07,0.41,1,High Multi-Source Rating Disagreement; Possible Textual Subjectivity Bias,60.9,0.6,0.05,1,-0.2,1.2,3.1,3.17,31.76,1,Manager-Peer Conflict; Bias-Linked Conflict,34.55,42,17.4,15.32,27.74,Low,Mixed or Weak Opinion Dynamics Signal,Biased Evaluation Culture,Accept with Monitoring,62.52,Medium,Conflict type: Manager-Peer Conflict; Bias-Linked Conflict. Opinion dynamics pattern: Mixed or Weak Opinion Dynamics Signal. Power-distance risk is Low with score 27.74. Bias status: High Multi-Source Rating Disagreement; Possible Textual Subjectivity Bias. Final recommendation: Accept with Monitoring.
E213,I04,medium,P038,T38,E211,SE,6,100,4,4.1,69.47,68.79,Medium,Medium,3.133333333,Communication Development Required,Communication Improvement Needed,Moderate Collaboration Pattern,Emerging Leadership Pattern,Active Learning Pattern,Stable Productivity Pattern,3.2,2.8,3.4,3.13,0.09,0,No Major Bias Detected,81.55,0.33,0.06,-0.4,0.2,-0.6,6.87,6.8,11.22,0,No Major Conflict,42.48,45,16.6,0,29.55,Low,Healthy Consensus Pattern,Biased Evaluation Culture,Accept Evaluation,69.15,Medium,Conflict type: No Major Conflict. Opinion dynamics pattern: Healthy Consensus Pattern. Power-distance risk is Low with score 29.55. Bias status: No Major Bias Detected. Final recommendation: Accept Evaluation.
E214,I04,medium,P038,T38,E211,QA,6,100,4,4.1,63.75,64.95,Medium,Medium,2.866666667,Communication Development Required,Communication Improvement Needed,Collaboration Support Needed,Low Leadership Visibility,Moderate Learning Pattern,Stable Productivity Pattern,3.4,2.6,2.6,2.87,0.21,1,Possible Manager Overrating Bias; Possible Textual Subjectivity Bias,63.05,0.58,0.06,-0.8,-0.8,0,6.35,6.42,33.39,1,Manager-Peer Conflict; Manager-Subordinate Conflict; Bias-Linked Conflict,37.12,58,18.36,0,29.97,Low,Mixed or Weak Opinion Dynamics Signal,Biased Evaluation Culture,Accept with Monitoring,61.05,Medium,Conflict type: Manager-Peer Conflict; Manager-Subordinate Conflict; Bias-Linked Conflict. Opinion dynamics pattern: Mixed or Weak Opinion Dynamics Signal. Power-distance risk is Low with score 29.97. Bias status: Possible Manager Overrating Bias; Possible Textual Subjectivity Bias. Final recommendation: Accept with Monitoring.
E215,I03,large,P039,T39,,PM,14,260,6,3,69.52,66.27,Medium,Medium,3.4,Balanced Contributor,Moderate Communication Pattern,Strong Team Collaboration Pattern,Low Leadership Visibility,Low Learning Engagement,Stable Productivity Pattern,3.4,3.2,3.6,3.4,0.04,0,No Major Bias Detected,89.95,0.17,0.03,-0.2,0.2,-0.4,1.52,1.52,5.56,0,No Major Conflict,40.51,46,14.87,0,28.31,Low,Healthy Consensus Pattern,Mixed Culture,Accept Evaluation,73,Medium,Conflict type: No Major Conflict. Opinion dynamics pattern: Healthy Consensus Pattern. Power-distance risk is Low with score 28.31. Bias status: No Major Bias Detected. Final recommendation: Accept Evaluation.
E216,I03,large,P039,T39,E215,SE,14,260,6,3,63.87,64.87,Medium,Medium,3.2,Balanced Contributor,Moderate Communication Pattern,Moderate Collaboration Pattern,Low Leadership Visibility,Moderate Learning Pattern,Stable Productivity Pattern,3,3,3.6,3.2,0.12,1,Possible Textual Subjectivity Bias,77.75,0.44,0.05,0,0.6,-0.6,-0.13,-0.13,18.46,0,Bias-Linked Conflict,42.32,47,20.86,0,31.28,Low,Mixed or Weak Opinion Dynamics Signal,Mixed Culture,Accept Evaluation,66.7,Medium,Conflict type: Bias-Linked Conflict. Opinion dynamics pattern: Mixed or Weak Opinion Dynamics Signal. Power-distance risk is Low with score 31.28. Bias status: Possible Textual Subjectivity Bias. Final recommendation: Accept Evaluation.
E217,I03,large,P039,T39,E215,SE,14,260,6,3,65.77,65.15,Medium,Medium,3.6,Balanced Contributor,Moderate Communication Pattern,Moderate Collaboration Pattern,Low Leadership Visibility,Moderate Learning Pattern,Stable Productivity Pattern,3.4,4,3.4,3.6,0.12,0,No Major Bias Detected,82.05,0.28,0.07,0.6,0,0.6,-6.23,-6.23,11.52,0,No Major Conflict,35.2,47,13.28,13.23,27.1,Low,Healthy Consensus Pattern,Mixed Culture,Accept Evaluation,71.52,Medium,Conflict type: No Major Conflict. Opinion dynamics pattern: Healthy Consensus Pattern. Power-distance risk is Low with score 27.1. Bias status: No Major Bias Detected. Final recommendation: Accept Evaluation.
E218,I03,large,P039,T39,E215,SE,14,260,6,3,75.08,73.69,High,Medium,3.066666667,Balanced Contributor,Moderate Communication Pattern,Moderate Collaboration Pattern,Emerging Leadership Pattern,Moderate Learning Pattern,Stable Productivity Pattern,2.4,3.6,3.2,3.07,0.37,1,Possible Manager Underrating Bias; High Multi-Source Rating Disagreement,66.3,0.24,0.05,1.2,0.8,0.4,13.68,13.75,44.25,1,Manager-Peer Conflict; Manager-Subordinate Conflict; Bias-Linked Conflict,39.45,56,19.01,10.8,31.91,Low,Mixed or Weak Opinion Dynamics Signal,Mixed Culture,Adjust Manager Weight,70.84,Medium,Conflict type: Manager-Peer Conflict; Manager-Subordinate Conflict; Bias-Linked Conflict. Opinion dynamics pattern: Mixed or Weak Opinion Dynamics Signal. Power-distance risk is Low with score 31.91. Bias status: Possible Manager Underrating Bias; High Multi-Source Rating Disagreement. Final recommendation: Adjust Manager Weight.
E219,I03,large,P039,T39,E215,QA,14,260,6,3,62.12,62.88,Medium,Medium,3,Learning-Oriented Contributor,Clear and Responsive Communicator,Moderate Collaboration Pattern,Low Leadership Visibility,Active Learning Pattern,Stable Productivity Pattern,3.2,3,2.8,3,0.04,1,Possible Textual Subjectivity Bias,77.75,0.49,0.07,-0.2,-0.4,0.2,2.12,2.12,17.86,0,Bias-Linked Conflict,39.04,51,12.07,0,27.49,Low,Mixed or Weak Opinion Dynamics Signal,Mixed Culture,Accept Evaluation,64.4,Medium,Conflict type: Bias-Linked Conflict. Opinion dynamics pattern: Mixed or Weak Opinion Dynamics Signal. Power-distance risk is Low with score 27.49. Bias status: Possible Textual Subjectivity Bias. Final recommendation: Accept Evaluation.
E220,I03,large,P039,T39,E215,DevOps,14,260,6,3,64.25,65.19,Medium,Medium,4.666666667,Learning-Oriented Contributor,Moderate Communication Pattern,Moderate Collaboration Pattern,Strong Leadership Pattern,Active Learning Pattern,Stable Productivity Pattern,4.8,4.6,4.6,4.67,0.01,0,No Major Bias Detected,87.2,0.27,0.05,-0.2,-0.2,0,-29.15,-29.08,18.76,0,Performance-Appraisal Conflict; Behavior-Performance Conflict,38.4,52,32.48,15.26,36.05,Moderate,Healthy Consensus Pattern,Mixed Culture,Accept Evaluation,80.48,High,Conflict type: Performance-Appraisal Conflict; Behavior-Performance Conflict. Opinion dynamics pattern: Healthy Consensus Pattern. Power-distance risk is Moderate with score 36.05. Bias status: No Major Bias Detected. Final recommendation: Accept Evaluation.
E221,I08,small,P040,T40,,PM,10,210,5,4.2,68.72,67.36,Medium,Medium,2.866666667,Teamwork Development Required,Moderate Communication Pattern,Collaboration Support Needed,Strong Leadership Pattern,Active Learning Pattern,Stable Productivity Pattern,2.6,2.4,3.6,2.87,0.41,1,High Multi-Source Rating Disagreement,71,0.28,0.03,-0.2,1,-1.2,11.32,11.39,35.87,1,Manager-Subordinate Conflict; Bias-Linked Conflict,49.63,42,26.08,0,35.28,Moderate,Mixed or Weak Opinion Dynamics Signal,Biased Evaluation Culture,Accept with Monitoring,64.63,Medium,Conflict type: Manager-Subordinate Conflict; Bias-Linked Conflict. Opinion dynamics pattern: Mixed or Weak Opinion Dynamics Signal. Power-distance risk is Moderate with score 35.28. Bias status: High Multi-Source Rating Disagreement. Final recommendation: Accept with Monitoring.
E222,I08,small,P040,T40,E221,SE,10,210,5,4.2,72.82,72.62,Medium,Medium,2.933333333,Teamwork Development Required,Moderate Communication Pattern,Collaboration Support Needed,Low Leadership Visibility,Active Learning Pattern,Stable Productivity Pattern,2.2,3.2,3.4,2.93,0.41,1,Possible Manager Underrating Bias; High Multi-Source Rating Disagreement,61.45,0.34,0.02,1,1.2,-0.2,14.22,14.15,47.3,1,Manager-Peer Conflict; Manager-Subordinate Conflict; Bias-Linked Conflict,43.29,59,25.35,9,35.94,Moderate,Mixed or Weak Opinion Dynamics Signal,Biased Evaluation Culture,Request HR Review,67.87,Medium,Conflict type: Manager-Peer Conflict; Manager-Subordinate Conflict; Bias-Linked Conflict. Opinion dynamics pattern: Mixed or Weak Opinion Dynamics Signal. Power-distance risk is Moderate with score 35.94. Bias status: Possible Manager Underrating Bias; High Multi-Source Rating Disagreement. Final recommendation: Request HR Review.
E223,I08,small,P040,T40,E221,SE,10,210,5,4.2,71.47,69.28,Medium,Medium,3.733333333,Communication Development Required,Communication Improvement Needed,Moderate Collaboration Pattern,Emerging Leadership Pattern,Moderate Learning Pattern,Stable Productivity Pattern,3.4,3.8,4,3.73,0.09,0,No Major Bias Detected,81.85,0.23,0.04,0.4,0.6,-0.2,-3.13,-3.2,13.38,0,No Major Conflict,37.84,53,23.85,6.09,32.04,Low,Healthy Consensus Pattern,Biased Evaluation Culture,Accept Evaluation,74.81,Medium,Conflict type: No Major Conflict. Opinion dynamics pattern: Healthy Consensus Pattern. Power-distance risk is Low with score 32.04. Bias status: No Major Bias Detected. Final recommendation: Accept Evaluation.
E224,I08,small,P040,T40,E221,QA,10,210,5,4.2,65.23,64.8,Medium,Medium,3.8,Balanced Contributor,Moderate Communication Pattern,Strong Team Collaboration Pattern,Low Leadership Visibility,Moderate Learning Pattern,Stable Productivity Pattern,3.6,3.8,4,3.8,0.04,1,Possible Textual Subjectivity Bias,80.8,0.43,0.02,0.2,0.4,-0.2,-10.77,-10.77,22.18,0,Bias-Linked Conflict,38.4,51,24.22,7.72,32.26,Low,Healthy Consensus Pattern,Biased Evaluation Culture,Accept Evaluation,72.65,Medium,Conflict type: Bias-Linked Conflict. Opinion dynamics pattern: Healthy Consensus Pattern. Power-distance risk is Low with score 32.26. Bias status: Possible Textual Subjectivity Bias. Final recommendation: Accept Evaluation.
E225,I08,small,P040,T40,E221,DevOps,10,210,5,4.2,65.63,65.35,Medium,Medium,3,Communication Development Required,Communication Improvement Needed,Collaboration Support Needed,Low Leadership Visibility,Moderate Learning Pattern,Stable Productivity Pattern,3.4,3,2.6,3,0.16,1,Possible Textual Subjectivity Bias,73.7,0.39,0.04,-0.4,-0.8,0.4,5.63,5.63,28.02,1,Manager-Subordinate Conflict; Bias-Linked Conflict,38.49,52,13.49,0,27.92,Low,Mixed or Weak Opinion Dynamics Signal,Biased Evaluation Culture,Accept with Monitoring,64.99,Medium,Conflict type: Manager-Subordinate Conflict; Bias-Linked Conflict. Opinion dynamics pattern: Mixed or Weak Opinion Dynamics Signal. Power-distance risk is Low with score 27.92. Bias status: Possible Textual Subjectivity Bias. Final recommendation: Accept with Monitoring.